Date,Month,Platform,Category,Campaign,Ad,Objective,Spend,Impressions,Reach,Clicks,Results,Result Type,Video Views,Conversions,Source Metric Note
2026-04-27,2026-05,Google Ads,Store Visits / AON,_SMM - Demand Gen - 2026 - AON,,Demand Gen,0.0,0,0.0,0.0,0.0,Google reported conversions,0.0,0.0,Store Visits field in export = 0.0
2026-05-04,2026-05,Google Ads,Store Visits / AON,_SMM - Demand Gen - 2026 - AON,,Demand Gen,0.0,0,0.0,0.0,0.0,Google reported conversions,0.0,0.0,Store Visits field in export = 0.0
2026-05-11,2026-05,Google Ads,Store Visits / AON,_SMM - Demand Gen - 2026 - AON,,Demand Gen,0.0,0,0.0,0.0,0.0,Google reported conversions,0.0,0.0,Store Visits field in export = 0.0
2026-05-18,2026-05,Google Ads,Store Visits / AON,_SMM - Demand Gen - 2026 - AON,,Demand Gen,0.0,0,0.0,0.0,0.0,Google reported conversions,0.0,0.0,Store Visits field in export = 0.0
2026-05-25,2026-05,Google Ads,Store Visits / AON,_SMM - Demand Gen - 2026 - AON,,Demand Gen,0.0,0,0.0,0.0,0.0,Google reported conversions,0.0,0.0,Store Visits field in export = 0.0
2026-06-01,2026-06,Google Ads,Store Visits / AON,_SMM - Demand Gen - 2026 - AON,,Demand Gen,0.0,0,0.0,0.0,0.0,Google reported conversions,0.0,0.0,Store Visits field in export = 0.0
2026-06-08,2026-06,Google Ads,Store Visits / AON,_SMM - Demand Gen - 2026 - AON,,Demand Gen,0.0,0,0.0,0.0,0.0,Google reported conversions,0.0,0.0,Store Visits field in export = 0.0
2026-06-15,2026-06,Google Ads,Store Visits / AON,_SMM - Demand Gen - 2026 - AON,,Demand Gen,0.0,0,0.0,0.0,0.0,Google reported conversions,0.0,0.0,Store Visits field in export = 0.0
2026-06-22,2026-06,Google Ads,Store Visits / AON,_SMM - Demand Gen - 2026 - AON,,Demand Gen,0.0,0,0.0,0.0,0.0,Google reported conversions,0.0,0.0,Store Visits field in export = 0.0
2026-06-29,2026-06,Google Ads,Store Visits / AON,_SMM - Demand Gen - 2026 - AON,,Demand Gen,0.0,0,0.0,0.0,0.0,Google reported conversions,0.0,0.0,Store Visits field in export = 0.0
2026-07-06,2026-07,Google Ads,Store Visits / AON,_SMM - Demand Gen - 2026 - AON,,Demand Gen,0.0,0,0.0,0.0,0.0,Google reported conversions,0.0,0.0,Store Visits field in export = 0.0
2026-07-13,2026-07,Google Ads,Store Visits / AON,_SMM - Demand Gen - 2026 - AON,,Demand Gen,0.0,0,0.0,0.0,0.0,Google reported conversions,0.0,0.0,Store Visits field in export = 0.0
2026-07-20,2026-07,Google Ads,Store Visits / AON,_SMM - Demand Gen - 2026 - AON,,Demand Gen,0.0,0,0.0,0.0,0.0,Google reported conversions,0.0,0.0,Store Visits field in export = 0.0
2026-07-27,2026-07,Google Ads,Store Visits / AON,_SMM - Demand Gen - 2026 - AON,,Demand Gen,0.0,0,0.0,0.0,0.0,Google reported conversions,0.0,0.0,Store Visits field in export = 0.0
2026-04-27,2026-05,Google Ads,Store Visits / AON,_SMM - Display - Store Visits AON - 2026 - AON,,Display,0.0,0,0.0,0.0,0.0,Google reported conversions,0.0,0.0,Store Visits field in export = 0.0
2026-05-04,2026-05,Google Ads,Store Visits / AON,_SMM - Display - Store Visits AON - 2026 - AON,,Display,0.0,0,0.0,0.0,0.0,Google reported conversions,0.0,0.0,Store Visits field in export = 0.0
2026-05-11,2026-05,Google Ads,Store Visits / AON,_SMM - Display - Store Visits AON - 2026 - AON,,Display,0.0,0,0.0,0.0,0.0,Google reported conversions,0.0,0.0,Store Visits field in export = 0.0
2026-05-18,2026-05,Google Ads,Store Visits / AON,_SMM - Display - Store Visits AON - 2026 - AON,,Display,0.0,0,0.0,0.0,0.0,Google reported conversions,0.0,0.0,Store Visits field in export = 0.0
2026-05-25,2026-05,Google Ads,Store Visits / AON,_SMM - Display - Store Visits AON - 2026 - AON,,Display,0.0,0,0.0,0.0,0.0,Google reported conversions,0.0,0.0,Store Visits field in export = 0.0
2026-06-01,2026-06,Google Ads,Store Visits / AON,_SMM - Display - Store Visits AON - 2026 - AON,,Display,0.0,0,0.0,0.0,0.0,Google reported conversions,0.0,0.0,Store Visits field in export = 0.0
2026-06-08,2026-06,Google Ads,Store Visits / AON,_SMM - Display - Store Visits AON - 2026 - AON,,Display,0.0,0,0.0,0.0,0.0,Google reported conversions,0.0,0.0,Store Visits field in export = 0.0
2026-06-15,2026-06,Google Ads,Store Visits / AON,_SMM - Display - Store Visits AON - 2026 - AON,,Display,0.0,0,0.0,0.0,0.0,Google reported conversions,0.0,0.0,Store Visits field in export = 0.0
2026-06-22,2026-06,Google Ads,Store Visits / AON,_SMM - Display - Store Visits AON - 2026 - AON,,Display,0.0,0,0.0,0.0,0.0,Google reported conversions,0.0,0.0,Store Visits field in export = 0.0
2026-06-29,2026-06,Google Ads,Store Visits / AON,_SMM - Display - Store Visits AON - 2026 - AON,,Display,0.0,0,0.0,0.0,0.0,Google reported conversions,0.0,0.0,Store Visits field in export = 0.0
2026-07-06,2026-07,Google Ads,Store Visits / AON,_SMM - Display - Store Visits AON - 2026 - AON,,Display,0.0,0,0.0,0.0,0.0,Google reported conversions,0.0,0.0,Store Visits field in export = 0.0
2026-07-13,2026-07,Google Ads,Store Visits / AON,_SMM - Display - Store Visits AON - 2026 - AON,,Display,0.0,0,0.0,0.0,0.0,Google reported conversions,0.0,0.0,Store Visits field in export = 0.0
2026-07-20,2026-07,Google Ads,Store Visits / AON,_SMM - Display - Store Visits AON - 2026 - AON,,Display,0.0,0,0.0,0.0,0.0,Google reported conversions,0.0,0.0,Store Visits field in export = 0.0
2026-07-27,2026-07,Google Ads,Store Visits / AON,_SMM - Display - Store Visits AON - 2026 - AON,,Display,900.16,66308,0.0,1605.0,4.0,Google reported conversions,0.0,4.0,Store Visits field in export = 0.0
2026-04-27,2026-05,Google Ads,Store Visits / AON,WDM | 2026-07 | Search | AON,,Search,0.0,0,0.0,0.0,0.0,Google reported conversions,0.0,0.0,Store Visits field in export = 0.0
2026-05-04,2026-05,Google Ads,Store Visits / AON,WDM | 2026-07 | Search | AON,,Search,0.0,0,0.0,0.0,0.0,Google reported conversions,0.0,0.0,Store Visits field in export = 0.0
2026-05-11,2026-05,Google Ads,Store Visits / AON,WDM | 2026-07 | Search | AON,,Search,0.0,0,0.0,0.0,0.0,Google reported conversions,0.0,0.0,Store Visits field in export = 0.0
2026-05-18,2026-05,Google Ads,Store Visits / AON,WDM | 2026-07 | Search | AON,,Search,0.0,0,0.0,0.0,0.0,Google reported conversions,0.0,0.0,Store Visits field in export = 0.0
2026-05-25,2026-05,Google Ads,Store Visits / AON,WDM | 2026-07 | Search | AON,,Search,0.0,0,0.0,0.0,0.0,Google reported conversions,0.0,0.0,Store Visits field in export = 0.0
2026-06-01,2026-06,Google Ads,Store Visits / AON,WDM | 2026-07 | Search | AON,,Search,0.0,0,0.0,0.0,0.0,Google reported conversions,0.0,0.0,Store Visits field in export = 0.0
2026-06-08,2026-06,Google Ads,Store Visits / AON,WDM | 2026-07 | Search | AON,,Search,0.0,0,0.0,0.0,0.0,Google reported conversions,0.0,0.0,Store Visits field in export = 0.0
2026-06-15,2026-06,Google Ads,Store Visits / AON,WDM | 2026-07 | Search | AON,,Search,0.0,0,0.0,0.0,0.0,Google reported conversions,0.0,0.0,Store Visits field in export = 0.0
2026-06-22,2026-06,Google Ads,Store Visits / AON,WDM | 2026-07 | Search | AON,,Search,0.0,0,0.0,0.0,0.0,Google reported conversions,0.0,0.0,Store Visits field in export = 0.0
2026-06-29,2026-06,Google Ads,Store Visits / AON,WDM | 2026-07 | Search | AON,,Search,0.0,0,0.0,0.0,0.0,Google reported conversions,0.0,0.0,Store Visits field in export = 0.0
2026-07-06,2026-07,Google Ads,Store Visits / AON,WDM | 2026-07 | Search | AON,,Search,0.0,0,0.0,0.0,0.0,Google reported conversions,0.0,0.0,Store Visits field in export = 0.0
2026-07-13,2026-07,Google Ads,Store Visits / AON,WDM | 2026-07 | Search | AON,,Search,0.0,0,0.0,0.0,0.0,Google reported conversions,0.0,0.0,Store Visits field in export = 0.0
2026-07-20,2026-07,Google Ads,Store Visits / AON,WDM | 2026-07 | Search | AON,,Search,0.0,0,0.0,0.0,0.0,Google reported conversions,0.0,0.0,Store Visits field in export = 0.0
2026-07-27,2026-07,Google Ads,Store Visits / AON,WDM | 2026-07 | Search | AON,,Search,0.0,6,0.0,0.0,0.0,Google reported conversions,0.0,0.0,Store Visits field in export = 0.0
2026-04-27,2026-05,Google Ads,Store Visits / AON,WDM | Search | 2026 | Store Visits AON,,Search,0.0,0,0.0,0.0,0.0,Google reported conversions,0.0,0.0,Store Visits field in export = 0.0
2026-05-04,2026-05,Google Ads,Store Visits / AON,WDM | Search | 2026 | Store Visits AON,,Search,0.0,0,0.0,0.0,0.0,Google reported conversions,0.0,0.0,Store Visits field in export = 0.0
2026-05-11,2026-05,Google Ads,Store Visits / AON,WDM | Search | 2026 | Store Visits AON,,Search,0.0,0,0.0,0.0,0.0,Google reported conversions,0.0,0.0,Store Visits field in export = 0.0
2026-05-18,2026-05,Google Ads,Store Visits / AON,WDM | Search | 2026 | Store Visits AON,,Search,0.0,0,0.0,0.0,0.0,Google reported conversions,0.0,0.0,Store Visits field in export = 0.0
2026-05-25,2026-05,Google Ads,Store Visits / AON,WDM | Search | 2026 | Store Visits AON,,Search,0.0,0,0.0,0.0,0.0,Google reported conversions,0.0,0.0,Store Visits field in export = 0.0
2026-06-01,2026-06,Google Ads,Store Visits / AON,WDM | Search | 2026 | Store Visits AON,,Search,0.0,0,0.0,0.0,0.0,Google reported conversions,0.0,0.0,Store Visits field in export = 0.0
2026-06-08,2026-06,Google Ads,Store Visits / AON,WDM | Search | 2026 | Store Visits AON,,Search,0.0,0,0.0,0.0,0.0,Google reported conversions,0.0,0.0,Store Visits field in export = 0.0
2026-06-15,2026-06,Google Ads,Store Visits / AON,WDM | Search | 2026 | Store Visits AON,,Search,0.0,0,0.0,0.0,0.0,Google reported conversions,0.0,0.0,Store Visits field in export = 0.0
2026-06-22,2026-06,Google Ads,Store Visits / AON,WDM | Search | 2026 | Store Visits AON,,Search,0.0,0,0.0,0.0,0.0,Google reported conversions,0.0,0.0,Store Visits field in export = 0.0
2026-06-29,2026-06,Google Ads,Store Visits / AON,WDM | Search | 2026 | Store Visits AON,,Search,0.0,0,0.0,0.0,0.0,Google reported conversions,0.0,0.0,Store Visits field in export = 0.0
2026-07-06,2026-07,Google Ads,Store Visits / AON,WDM | Search | 2026 | Store Visits AON,,Search,0.0,0,0.0,0.0,0.0,Google reported conversions,0.0,0.0,Store Visits field in export = 0.0
2026-07-13,2026-07,Google Ads,Store Visits / AON,WDM | Search | 2026 | Store Visits AON,,Search,0.0,0,0.0,0.0,0.0,Google reported conversions,0.0,0.0,Store Visits field in export = 0.0
2026-07-20,2026-07,Google Ads,Store Visits / AON,WDM | Search | 2026 | Store Visits AON,,Search,0.0,0,0.0,0.0,0.0,Google reported conversions,0.0,0.0,Store Visits field in export = 0.0
2026-07-27,2026-07,Google Ads,Store Visits / AON,WDM | Search | 2026 | Store Visits AON,,Search,48.4,157,0.0,20.0,7.0,Google reported conversions,0.0,7.0,Store Visits field in export = 0.0
2026-04-27,2026-05,Google Ads,Ofertón,WDM | 2026 AON | Video | Oferton,,Video,0.0,0,0.0,0.0,0.0,Google reported conversions,0.0,0.0,Store Visits field in export = 0.0
2026-05-04,2026-05,Google Ads,Ofertón,WDM | 2026 AON | Video | Oferton,,Video,0.0,0,0.0,0.0,0.0,Google reported conversions,0.0,0.0,Store Visits field in export = 0.0
2026-05-11,2026-05,Google Ads,Ofertón,WDM | 2026 AON | Video | Oferton,,Video,0.0,0,0.0,0.0,0.0,Google reported conversions,0.0,0.0,Store Visits field in export = 0.0
2026-05-18,2026-05,Google Ads,Ofertón,WDM | 2026 AON | Video | Oferton,,Video,0.0,0,0.0,0.0,0.0,Google reported conversions,0.0,0.0,Store Visits field in export = 0.0
2026-05-25,2026-05,Google Ads,Ofertón,WDM | 2026 AON | Video | Oferton,,Video,0.0,0,0.0,0.0,0.0,Google reported conversions,0.0,0.0,Store Visits field in export = 0.0
2026-06-01,2026-06,Google Ads,Ofertón,WDM | 2026 AON | Video | Oferton,,Video,0.0,0,0.0,0.0,0.0,Google reported conversions,0.0,0.0,Store Visits field in export = 0.0
2026-06-08,2026-06,Google Ads,Ofertón,WDM | 2026 AON | Video | Oferton,,Video,0.0,0,0.0,0.0,0.0,Google reported conversions,0.0,0.0,Store Visits field in export = 0.0
2026-06-15,2026-06,Google Ads,Ofertón,WDM | 2026 AON | Video | Oferton,,Video,0.0,0,0.0,0.0,0.0,Google reported conversions,0.0,0.0,Store Visits field in export = 0.0
2026-06-22,2026-06,Google Ads,Ofertón,WDM | 2026 AON | Video | Oferton,,Video,406.75,23674,0.0,14.0,0.0,Google reported conversions,14019.0,0.0,Store Visits field in export = 0.0
2026-06-29,2026-06,Google Ads,Ofertón,WDM | 2026 AON | Video | Oferton,,Video,252.76,26996,0.0,17.0,0.0,Google reported conversions,16004.0,0.0,Store Visits field in export = 0.0
2026-07-06,2026-07,Google Ads,Ofertón,WDM | 2026 AON | Video | Oferton,,Video,0.0,0,0.0,0.0,0.0,Google reported conversions,0.0,0.0,Store Visits field in export = 0.0
2026-07-13,2026-07,Google Ads,Ofertón,WDM | 2026 AON | Video | Oferton,,Video,0.0,0,0.0,0.0,0.0,Google reported conversions,0.0,0.0,Store Visits field in export = 0.0
2026-07-20,2026-07,Google Ads,Ofertón,WDM | 2026 AON | Video | Oferton,,Video,730.71,69776,0.0,26.0,0.0,Google reported conversions,43705.0,0.0,Store Visits field in export = 0.0
2026-07-27,2026-07,Google Ads,Ofertón,WDM | 2026 AON | Video | Oferton,,Video,0.0,0,0.0,0.0,0.0,Google reported conversions,0.0,0.0,Store Visits field in export = 0.0
2026-04-27,2026-05,Google Ads,Marinados,WDM | 2026-06 | Video | Marinados,,Video,0.0,0,0.0,0.0,0.0,Google reported conversions,0.0,0.0,Store Visits field in export = 0.0
2026-05-04,2026-05,Google Ads,Marinados,WDM | 2026-06 | Video | Marinados,,Video,0.0,0,0.0,0.0,0.0,Google reported conversions,0.0,0.0,Store Visits field in export = 0.0
2026-05-11,2026-05,Google Ads,Marinados,WDM | 2026-06 | Video | Marinados,,Video,0.0,0,0.0,0.0,0.0,Google reported conversions,0.0,0.0,Store Visits field in export = 0.0
2026-05-18,2026-05,Google Ads,Marinados,WDM | 2026-06 | Video | Marinados,,Video,0.0,0,0.0,0.0,0.0,Google reported conversions,0.0,0.0,Store Visits field in export = 0.0
2026-05-25,2026-05,Google Ads,Marinados,WDM | 2026-06 | Video | Marinados,,Video,0.0,0,0.0,0.0,0.0,Google reported conversions,0.0,0.0,Store Visits field in export = 0.0
2026-06-01,2026-06,Google Ads,Marinados,WDM | 2026-06 | Video | Marinados,,Video,0.0,0,0.0,0.0,0.0,Google reported conversions,0.0,0.0,Store Visits field in export = 0.0
2026-06-08,2026-06,Google Ads,Marinados,WDM | 2026-06 | Video | Marinados,,Video,0.0,0,0.0,0.0,0.0,Google reported conversions,0.0,0.0,Store Visits field in export = 0.0
2026-06-15,2026-06,Google Ads,Marinados,WDM | 2026-06 | Video | Marinados,,Video,0.0,0,0.0,0.0,0.0,Google reported conversions,0.0,0.0,Store Visits field in export = 0.0
2026-06-22,2026-06,Google Ads,Marinados,WDM | 2026-06 | Video | Marinados,,Video,203.35,13897,0.0,5.0,0.0,Google reported conversions,8459.0,0.0,Store Visits field in export = 0.0
2026-06-29,2026-06,Google Ads,Marinados,WDM | 2026-06 | Video | Marinados,,Video,126.42,15827,0.0,7.0,0.0,Google reported conversions,8950.0,0.0,Store Visits field in export = 0.0
2026-07-06,2026-07,Google Ads,Marinados,WDM | 2026-06 | Video | Marinados,,Video,0.0,0,0.0,0.0,0.0,Google reported conversions,0.0,0.0,Store Visits field in export = 0.0
2026-07-13,2026-07,Google Ads,Marinados,WDM | 2026-06 | Video | Marinados,,Video,0.0,0,0.0,0.0,0.0,Google reported conversions,0.0,0.0,Store Visits field in export = 0.0
2026-07-20,2026-07,Google Ads,Marinados,WDM | 2026-06 | Video | Marinados,,Video,0.0,0,0.0,0.0,0.0,Google reported conversions,0.0,0.0,Store Visits field in export = 0.0
2026-07-27,2026-07,Google Ads,Marinados,WDM | 2026-06 | Video | Marinados,,Video,0.0,0,0.0,0.0,0.0,Google reported conversions,0.0,0.0,Store Visits field in export = 0.0
2026-04-27,2026-05,Google Ads,Store Visits / AON,Supermercados Morelos-Sensis - 2026 OKC Tulsa - GDN,,Display,298.36,157151,0.0,2930.0,0.0,Google reported conversions,0.0,0.0,Store Visits field in export = 0.0
2026-05-04,2026-05,Google Ads,Store Visits / AON,Supermercados Morelos-Sensis - 2026 OKC Tulsa - GDN,,Display,669.66,303837,0.0,6000.0,0.0,Google reported conversions,0.0,0.0,Store Visits field in export = 0.0
2026-05-11,2026-05,Google Ads,Store Visits / AON,Supermercados Morelos-Sensis - 2026 OKC Tulsa - GDN,,Display,674.86,422377,0.0,8170.0,0.0,Google reported conversions,0.0,0.0,Store Visits field in export = 0.0
2026-05-18,2026-05,Google Ads,Store Visits / AON,Supermercados Morelos-Sensis - 2026 OKC Tulsa - GDN,,Display,649.92,387816,0.0,8721.0,0.0,Google reported conversions,0.0,0.0,Store Visits field in export = 0.0
2026-05-25,2026-05,Google Ads,Store Visits / AON,Supermercados Morelos-Sensis - 2026 OKC Tulsa - GDN,,Display,626.09,361050,0.0,7948.0,0.0,Google reported conversions,0.0,0.0,Store Visits field in export = 0.0
2026-06-01,2026-06,Google Ads,Store Visits / AON,Supermercados Morelos-Sensis - 2026 OKC Tulsa - GDN,,Display,0.0,0,0.0,0.0,0.0,Google reported conversions,0.0,0.0,Store Visits field in export = 0.0
2026-06-08,2026-06,Google Ads,Store Visits / AON,Supermercados Morelos-Sensis - 2026 OKC Tulsa - GDN,,Display,0.0,0,0.0,0.0,0.0,Google reported conversions,0.0,0.0,Store Visits field in export = 0.0
2026-06-15,2026-06,Google Ads,Store Visits / AON,Supermercados Morelos-Sensis - 2026 OKC Tulsa - GDN,,Display,0.0,0,0.0,0.0,0.0,Google reported conversions,0.0,0.0,Store Visits field in export = 0.0
2026-06-22,2026-06,Google Ads,Store Visits / AON,Supermercados Morelos-Sensis - 2026 OKC Tulsa - GDN,,Display,0.0,0,0.0,0.0,0.0,Google reported conversions,0.0,0.0,Store Visits field in export = 0.0
2026-06-29,2026-06,Google Ads,Store Visits / AON,Supermercados Morelos-Sensis - 2026 OKC Tulsa - GDN,,Display,0.0,0,0.0,0.0,0.0,Google reported conversions,0.0,0.0,Store Visits field in export = 0.0
2026-07-06,2026-07,Google Ads,Store Visits / AON,Supermercados Morelos-Sensis - 2026 OKC Tulsa - GDN,,Display,0.0,0,0.0,0.0,0.0,Google reported conversions,0.0,0.0,Store Visits field in export = 0.0
2026-07-13,2026-07,Google Ads,Store Visits / AON,Supermercados Morelos-Sensis - 2026 OKC Tulsa - GDN,,Display,0.0,0,0.0,0.0,0.0,Google reported conversions,0.0,0.0,Store Visits field in export = 0.0
2026-07-20,2026-07,Google Ads,Store Visits / AON,Supermercados Morelos-Sensis - 2026 OKC Tulsa - GDN,,Display,0.0,0,0.0,0.0,0.0,Google reported conversions,0.0,0.0,Store Visits field in export = 0.0
2026-07-27,2026-07,Google Ads,Store Visits / AON,Supermercados Morelos-Sensis - 2026 OKC Tulsa - GDN,,Display,0.0,0,0.0,0.0,0.0,Google reported conversions,0.0,0.0,Store Visits field in export = 0.0
2026-04-27,2026-05,Google Ads,Etc.,Sensis Test 2,,Search,0.0,0,0.0,0.0,0.0,Google reported conversions,0.0,0.0,Store Visits field in export = 0.0
2026-05-04,2026-05,Google Ads,Etc.,Sensis Test 2,,Search,0.0,0,0.0,0.0,0.0,Google reported conversions,0.0,0.0,Store Visits field in export = 0.0
2026-05-11,2026-05,Google Ads,Etc.,Sensis Test 2,,Search,0.0,0,0.0,0.0,0.0,Google reported conversions,0.0,0.0,Store Visits field in export = 0.0
2026-05-18,2026-05,Google Ads,Etc.,Sensis Test 2,,Search,0.0,0,0.0,0.0,0.0,Google reported conversions,0.0,0.0,Store Visits field in export = 0.0
2026-05-25,2026-05,Google Ads,Etc.,Sensis Test 2,,Search,0.0,0,0.0,0.0,0.0,Google reported conversions,0.0,0.0,Store Visits field in export = 0.0
2026-06-01,2026-06,Google Ads,Etc.,Sensis Test 2,,Search,0.0,0,0.0,0.0,0.0,Google reported conversions,0.0,0.0,Store Visits field in export = 0.0
2026-06-08,2026-06,Google Ads,Etc.,Sensis Test 2,,Search,0.0,0,0.0,0.0,0.0,Google reported conversions,0.0,0.0,Store Visits field in export = 0.0
2026-06-15,2026-06,Google Ads,Etc.,Sensis Test 2,,Search,0.0,0,0.0,0.0,0.0,Google reported conversions,0.0,0.0,Store Visits field in export = 0.0
2026-06-22,2026-06,Google Ads,Etc.,Sensis Test 2,,Search,0.0,0,0.0,0.0,0.0,Google reported conversions,0.0,0.0,Store Visits field in export = 0.0
2026-06-29,2026-06,Google Ads,Etc.,Sensis Test 2,,Search,0.0,0,0.0,0.0,0.0,Google reported conversions,0.0,0.0,Store Visits field in export = 0.0
2026-07-06,2026-07,Google Ads,Etc.,Sensis Test 2,,Search,0.0,0,0.0,0.0,0.0,Google reported conversions,0.0,0.0,Store Visits field in export = 0.0
2026-07-13,2026-07,Google Ads,Etc.,Sensis Test 2,,Search,0.0,0,0.0,0.0,0.0,Google reported conversions,0.0,0.0,Store Visits field in export = 0.0
2026-07-20,2026-07,Google Ads,Etc.,Sensis Test 2,,Search,0.0,0,0.0,0.0,0.0,Google reported conversions,0.0,0.0,Store Visits field in export = 0.0
2026-07-27,2026-07,Google Ads,Etc.,Sensis Test 2,,Search,0.0,0,0.0,0.0,0.0,Google reported conversions,0.0,0.0,Store Visits field in export = 0.0
2026-04-27,2026-05,Google Ads,Store Visits / AON,Supermercados Morelos-Sensis - 2026 OKC Tulsa - Search,,Search,133.97,1902,0.0,112.0,0.0,Google reported conversions,0.0,0.0,Store Visits field in export = 0.0
2026-05-04,2026-05,Google Ads,Store Visits / AON,Supermercados Morelos-Sensis - 2026 OKC Tulsa - Search,,Search,270.83,4465,0.0,281.0,0.0,Google reported conversions,0.0,0.0,Store Visits field in export = 0.0
2026-05-11,2026-05,Google Ads,Store Visits / AON,Supermercados Morelos-Sensis - 2026 OKC Tulsa - Search,,Search,301.85,5115,0.0,236.0,0.0,Google reported conversions,0.0,0.0,Store Visits field in export = 0.0
2026-05-18,2026-05,Google Ads,Store Visits / AON,Supermercados Morelos-Sensis - 2026 OKC Tulsa - Search,,Search,284.67,4023,0.0,236.0,0.0,Google reported conversions,0.0,0.0,Store Visits field in export = 0.0
2026-05-25,2026-05,Google Ads,Store Visits / AON,Supermercados Morelos-Sensis - 2026 OKC Tulsa - Search,,Search,254.47,4301,0.0,235.0,0.0,Google reported conversions,0.0,0.0,Store Visits field in export = 0.0
2026-06-01,2026-06,Google Ads,Store Visits / AON,Supermercados Morelos-Sensis - 2026 OKC Tulsa - Search,,Search,0.0,0,0.0,0.0,0.0,Google reported conversions,0.0,0.0,Store Visits field in export = 0.0
2026-06-08,2026-06,Google Ads,Store Visits / AON,Supermercados Morelos-Sensis - 2026 OKC Tulsa - Search,,Search,0.0,0,0.0,0.0,0.0,Google reported conversions,0.0,0.0,Store Visits field in export = 0.0
2026-06-15,2026-06,Google Ads,Store Visits / AON,Supermercados Morelos-Sensis - 2026 OKC Tulsa - Search,,Search,0.0,0,0.0,0.0,0.0,Google reported conversions,0.0,0.0,Store Visits field in export = 0.0
2026-06-22,2026-06,Google Ads,Store Visits / AON,Supermercados Morelos-Sensis - 2026 OKC Tulsa - Search,,Search,0.0,0,0.0,0.0,0.0,Google reported conversions,0.0,0.0,Store Visits field in export = 0.0
2026-06-29,2026-06,Google Ads,Store Visits / AON,Supermercados Morelos-Sensis - 2026 OKC Tulsa - Search,,Search,0.0,0,0.0,0.0,0.0,Google reported conversions,0.0,0.0,Store Visits field in export = 0.0
2026-07-06,2026-07,Google Ads,Store Visits / AON,Supermercados Morelos-Sensis - 2026 OKC Tulsa - Search,,Search,0.0,0,0.0,0.0,0.0,Google reported conversions,0.0,0.0,Store Visits field in export = 0.0
2026-07-13,2026-07,Google Ads,Store Visits / AON,Supermercados Morelos-Sensis - 2026 OKC Tulsa - Search,,Search,0.0,0,0.0,0.0,0.0,Google reported conversions,0.0,0.0,Store Visits field in export = 0.0
2026-07-20,2026-07,Google Ads,Store Visits / AON,Supermercados Morelos-Sensis - 2026 OKC Tulsa - Search,,Search,0.0,0,0.0,0.0,0.0,Google reported conversions,0.0,0.0,Store Visits field in export = 0.0
2026-07-27,2026-07,Google Ads,Store Visits / AON,Supermercados Morelos-Sensis - 2026 OKC Tulsa - Search,,Search,0.0,0,0.0,0.0,0.0,Google reported conversions,0.0,0.0,Store Visits field in export = 0.0
2026-04-27,2026-05,Google Ads,Store Visits / AON,PMax: Morelos_Branded_Store Visits,,Performance Max,0.0,0,0.0,0.0,0.0,Google reported conversions,0.0,0.0,Store Visits field in export = 0.0
2026-05-04,2026-05,Google Ads,Store Visits / AON,PMax: Morelos_Branded_Store Visits,,Performance Max,0.0,0,0.0,0.0,0.0,Google reported conversions,0.0,0.0,Store Visits field in export = 0.0
2026-05-11,2026-05,Google Ads,Store Visits / AON,PMax: Morelos_Branded_Store Visits,,Performance Max,0.0,0,0.0,0.0,0.0,Google reported conversions,0.0,0.0,Store Visits field in export = 0.0
2026-05-18,2026-05,Google Ads,Store Visits / AON,PMax: Morelos_Branded_Store Visits,,Performance Max,0.0,0,0.0,0.0,0.0,Google reported conversions,0.0,0.0,Store Visits field in export = 0.0
2026-05-25,2026-05,Google Ads,Store Visits / AON,PMax: Morelos_Branded_Store Visits,,Performance Max,0.0,0,0.0,0.0,0.0,Google reported conversions,0.0,0.0,Store Visits field in export = 0.0
2026-06-01,2026-06,Google Ads,Store Visits / AON,PMax: Morelos_Branded_Store Visits,,Performance Max,0.0,0,0.0,0.0,0.0,Google reported conversions,0.0,0.0,Store Visits field in export = 0.0
2026-06-08,2026-06,Google Ads,Store Visits / AON,PMax: Morelos_Branded_Store Visits,,Performance Max,0.0,0,0.0,0.0,0.0,Google reported conversions,0.0,0.0,Store Visits field in export = 0.0
2026-06-15,2026-06,Google Ads,Store Visits / AON,PMax: Morelos_Branded_Store Visits,,Performance Max,0.0,0,0.0,0.0,0.0,Google reported conversions,0.0,0.0,Store Visits field in export = 0.0
2026-06-22,2026-06,Google Ads,Store Visits / AON,PMax: Morelos_Branded_Store Visits,,Performance Max,0.0,0,0.0,0.0,0.0,Google reported conversions,0.0,0.0,Store Visits field in export = 0.0
2026-06-29,2026-06,Google Ads,Store Visits / AON,PMax: Morelos_Branded_Store Visits,,Performance Max,0.0,0,0.0,0.0,0.0,Google reported conversions,0.0,0.0,Store Visits field in export = 0.0
2026-07-06,2026-07,Google Ads,Store Visits / AON,PMax: Morelos_Branded_Store Visits,,Performance Max,0.0,0,0.0,0.0,0.0,Google reported conversions,0.0,0.0,Store Visits field in export = 0.0
2026-07-13,2026-07,Google Ads,Store Visits / AON,PMax: Morelos_Branded_Store Visits,,Performance Max,0.0,0,0.0,0.0,0.0,Google reported conversions,0.0,0.0,Store Visits field in export = 0.0
2026-07-20,2026-07,Google Ads,Store Visits / AON,PMax: Morelos_Branded_Store Visits,,Performance Max,0.0,0,0.0,0.0,0.0,Google reported conversions,0.0,0.0,Store Visits field in export = 0.0
2026-07-27,2026-07,Google Ads,Store Visits / AON,PMax: Morelos_Branded_Store Visits,,Performance Max,0.0,0,0.0,0.0,0.0,Google reported conversions,0.0,0.0,Store Visits field in export = 0.0
2026-04-27,2026-05,Google Ads,Store Visits / AON,Morelos-Brandinng-New Store,,Search,0.0,0,0.0,0.0,0.0,Google reported conversions,0.0,0.0,Store Visits field in export = 0.0
2026-05-04,2026-05,Google Ads,Store Visits / AON,Morelos-Brandinng-New Store,,Search,0.0,0,0.0,0.0,0.0,Google reported conversions,0.0,0.0,Store Visits field in export = 0.0
2026-05-11,2026-05,Google Ads,Store Visits / AON,Morelos-Brandinng-New Store,,Search,0.0,0,0.0,0.0,0.0,Google reported conversions,0.0,0.0,Store Visits field in export = 0.0
2026-05-18,2026-05,Google Ads,Store Visits / AON,Morelos-Brandinng-New Store,,Search,0.0,0,0.0,0.0,0.0,Google reported conversions,0.0,0.0,Store Visits field in export = 0.0
2026-05-25,2026-05,Google Ads,Store Visits / AON,Morelos-Brandinng-New Store,,Search,0.0,0,0.0,0.0,0.0,Google reported conversions,0.0,0.0,Store Visits field in export = 0.0
2026-06-01,2026-06,Google Ads,Store Visits / AON,Morelos-Brandinng-New Store,,Search,0.0,0,0.0,0.0,0.0,Google reported conversions,0.0,0.0,Store Visits field in export = 0.0
2026-06-08,2026-06,Google Ads,Store Visits / AON,Morelos-Brandinng-New Store,,Search,0.0,0,0.0,0.0,0.0,Google reported conversions,0.0,0.0,Store Visits field in export = 0.0
2026-06-15,2026-06,Google Ads,Store Visits / AON,Morelos-Brandinng-New Store,,Search,0.0,0,0.0,0.0,0.0,Google reported conversions,0.0,0.0,Store Visits field in export = 0.0
2026-06-22,2026-06,Google Ads,Store Visits / AON,Morelos-Brandinng-New Store,,Search,0.0,0,0.0,0.0,0.0,Google reported conversions,0.0,0.0,Store Visits field in export = 0.0
2026-06-29,2026-06,Google Ads,Store Visits / AON,Morelos-Brandinng-New Store,,Search,0.0,0,0.0,0.0,0.0,Google reported conversions,0.0,0.0,Store Visits field in export = 0.0
2026-07-06,2026-07,Google Ads,Store Visits / AON,Morelos-Brandinng-New Store,,Search,0.0,0,0.0,0.0,0.0,Google reported conversions,0.0,0.0,Store Visits field in export = 0.0
2026-07-13,2026-07,Google Ads,Store Visits / AON,Morelos-Brandinng-New Store,,Search,0.0,0,0.0,0.0,0.0,Google reported conversions,0.0,0.0,Store Visits field in export = 0.0
2026-07-20,2026-07,Google Ads,Store Visits / AON,Morelos-Brandinng-New Store,,Search,0.0,0,0.0,0.0,0.0,Google reported conversions,0.0,0.0,Store Visits field in export = 0.0
2026-07-27,2026-07,Google Ads,Store Visits / AON,Morelos-Brandinng-New Store,,Search,0.0,0,0.0,0.0,0.0,Google reported conversions,0.0,0.0,Store Visits field in export = 0.0
2026-04-27,2026-05,Google Ads,Store Visits / AON,Morelos-TCPA-Video,,Video,0.0,0,0.0,0.0,0.0,Google reported conversions,0.0,0.0,Store Visits field in export = 0.0
2026-05-04,2026-05,Google Ads,Store Visits / AON,Morelos-TCPA-Video,,Video,0.0,0,0.0,0.0,0.0,Google reported conversions,0.0,0.0,Store Visits field in export = 0.0
2026-05-11,2026-05,Google Ads,Store Visits / AON,Morelos-TCPA-Video,,Video,0.0,0,0.0,0.0,0.0,Google reported conversions,0.0,0.0,Store Visits field in export = 0.0
2026-05-18,2026-05,Google Ads,Store Visits / AON,Morelos-TCPA-Video,,Video,0.0,0,0.0,0.0,0.0,Google reported conversions,0.0,0.0,Store Visits field in export = 0.0
2026-05-25,2026-05,Google Ads,Store Visits / AON,Morelos-TCPA-Video,,Video,0.0,0,0.0,0.0,0.0,Google reported conversions,0.0,0.0,Store Visits field in export = 0.0
2026-06-01,2026-06,Google Ads,Store Visits / AON,Morelos-TCPA-Video,,Video,0.0,0,0.0,0.0,0.0,Google reported conversions,0.0,0.0,Store Visits field in export = 0.0
2026-06-08,2026-06,Google Ads,Store Visits / AON,Morelos-TCPA-Video,,Video,0.0,0,0.0,0.0,0.0,Google reported conversions,0.0,0.0,Store Visits field in export = 0.0
2026-06-15,2026-06,Google Ads,Store Visits / AON,Morelos-TCPA-Video,,Video,0.0,0,0.0,0.0,0.0,Google reported conversions,0.0,0.0,Store Visits field in export = 0.0
2026-06-22,2026-06,Google Ads,Store Visits / AON,Morelos-TCPA-Video,,Video,0.0,0,0.0,0.0,0.0,Google reported conversions,0.0,0.0,Store Visits field in export = 0.0
2026-06-29,2026-06,Google Ads,Store Visits / AON,Morelos-TCPA-Video,,Video,0.0,0,0.0,0.0,0.0,Google reported conversions,0.0,0.0,Store Visits field in export = 0.0
2026-07-06,2026-07,Google Ads,Store Visits / AON,Morelos-TCPA-Video,,Video,0.0,0,0.0,0.0,0.0,Google reported conversions,0.0,0.0,Store Visits field in export = 0.0
2026-07-13,2026-07,Google Ads,Store Visits / AON,Morelos-TCPA-Video,,Video,0.0,0,0.0,0.0,0.0,Google reported conversions,0.0,0.0,Store Visits field in export = 0.0
2026-07-20,2026-07,Google Ads,Store Visits / AON,Morelos-TCPA-Video,,Video,0.0,0,0.0,0.0,0.0,Google reported conversions,0.0,0.0,Store Visits field in export = 0.0
2026-07-27,2026-07,Google Ads,Store Visits / AON,Morelos-TCPA-Video,,Video,0.0,0,0.0,0.0,0.0,Google reported conversions,0.0,0.0,Store Visits field in export = 0.0
2026-04-27,2026-05,Google Ads,Store Visits / AON,Morelos-Branded-Display,,Display,0.0,0,0.0,0.0,0.0,Google reported conversions,0.0,0.0,Store Visits field in export = 0.0
2026-05-04,2026-05,Google Ads,Store Visits / AON,Morelos-Branded-Display,,Display,0.0,0,0.0,0.0,0.0,Google reported conversions,0.0,0.0,Store Visits field in export = 0.0
2026-05-11,2026-05,Google Ads,Store Visits / AON,Morelos-Branded-Display,,Display,0.0,0,0.0,0.0,0.0,Google reported conversions,0.0,0.0,Store Visits field in export = 0.0
2026-05-18,2026-05,Google Ads,Store Visits / AON,Morelos-Branded-Display,,Display,0.0,0,0.0,0.0,0.0,Google reported conversions,0.0,0.0,Store Visits field in export = 0.0
2026-05-25,2026-05,Google Ads,Store Visits / AON,Morelos-Branded-Display,,Display,0.0,0,0.0,0.0,0.0,Google reported conversions,0.0,0.0,Store Visits field in export = 0.0
2026-06-01,2026-06,Google Ads,Store Visits / AON,Morelos-Branded-Display,,Display,0.0,0,0.0,0.0,0.0,Google reported conversions,0.0,0.0,Store Visits field in export = 0.0
2026-06-08,2026-06,Google Ads,Store Visits / AON,Morelos-Branded-Display,,Display,0.0,0,0.0,0.0,0.0,Google reported conversions,0.0,0.0,Store Visits field in export = 0.0
2026-06-15,2026-06,Google Ads,Store Visits / AON,Morelos-Branded-Display,,Display,0.0,0,0.0,0.0,0.0,Google reported conversions,0.0,0.0,Store Visits field in export = 0.0
2026-06-22,2026-06,Google Ads,Store Visits / AON,Morelos-Branded-Display,,Display,0.0,0,0.0,0.0,0.0,Google reported conversions,0.0,0.0,Store Visits field in export = 0.0
2026-06-29,2026-06,Google Ads,Store Visits / AON,Morelos-Branded-Display,,Display,0.0,0,0.0,0.0,0.0,Google reported conversions,0.0,0.0,Store Visits field in export = 0.0
2026-07-06,2026-07,Google Ads,Store Visits / AON,Morelos-Branded-Display,,Display,0.0,0,0.0,0.0,0.0,Google reported conversions,0.0,0.0,Store Visits field in export = 0.0
2026-07-13,2026-07,Google Ads,Store Visits / AON,Morelos-Branded-Display,,Display,0.0,0,0.0,0.0,0.0,Google reported conversions,0.0,0.0,Store Visits field in export = 0.0
2026-07-20,2026-07,Google Ads,Store Visits / AON,Morelos-Branded-Display,,Display,0.0,0,0.0,0.0,0.0,Google reported conversions,0.0,0.0,Store Visits field in export = 0.0
2026-07-27,2026-07,Google Ads,Store Visits / AON,Morelos-Branded-Display,,Display,0.0,0,0.0,0.0,0.0,Google reported conversions,0.0,0.0,Store Visits field in export = 0.0
2026-04-27,2026-05,Google Ads,Store Visits / AON,Morelos-Automated-Display,,Display,0.0,0,0.0,0.0,0.0,Google reported conversions,0.0,0.0,Store Visits field in export = 0.0
2026-05-04,2026-05,Google Ads,Store Visits / AON,Morelos-Automated-Display,,Display,0.0,0,0.0,0.0,0.0,Google reported conversions,0.0,0.0,Store Visits field in export = 0.0
2026-05-11,2026-05,Google Ads,Store Visits / AON,Morelos-Automated-Display,,Display,0.0,0,0.0,0.0,0.0,Google reported conversions,0.0,0.0,Store Visits field in export = 0.0
2026-05-18,2026-05,Google Ads,Store Visits / AON,Morelos-Automated-Display,,Display,0.0,0,0.0,0.0,0.0,Google reported conversions,0.0,0.0,Store Visits field in export = 0.0
2026-05-25,2026-05,Google Ads,Store Visits / AON,Morelos-Automated-Display,,Display,0.0,0,0.0,0.0,0.0,Google reported conversions,0.0,0.0,Store Visits field in export = 0.0
2026-06-01,2026-06,Google Ads,Store Visits / AON,Morelos-Automated-Display,,Display,0.0,0,0.0,0.0,0.0,Google reported conversions,0.0,0.0,Store Visits field in export = 0.0
2026-06-08,2026-06,Google Ads,Store Visits / AON,Morelos-Automated-Display,,Display,0.0,0,0.0,0.0,0.0,Google reported conversions,0.0,0.0,Store Visits field in export = 0.0
2026-06-15,2026-06,Google Ads,Store Visits / AON,Morelos-Automated-Display,,Display,0.0,0,0.0,0.0,0.0,Google reported conversions,0.0,0.0,Store Visits field in export = 0.0
2026-06-22,2026-06,Google Ads,Store Visits / AON,Morelos-Automated-Display,,Display,0.0,0,0.0,0.0,0.0,Google reported conversions,0.0,0.0,Store Visits field in export = 0.0
2026-06-29,2026-06,Google Ads,Store Visits / AON,Morelos-Automated-Display,,Display,0.0,0,0.0,0.0,0.0,Google reported conversions,0.0,0.0,Store Visits field in export = 0.0
2026-07-06,2026-07,Google Ads,Store Visits / AON,Morelos-Automated-Display,,Display,0.0,0,0.0,0.0,0.0,Google reported conversions,0.0,0.0,Store Visits field in export = 0.0
2026-07-13,2026-07,Google Ads,Store Visits / AON,Morelos-Automated-Display,,Display,0.0,0,0.0,0.0,0.0,Google reported conversions,0.0,0.0,Store Visits field in export = 0.0
2026-07-20,2026-07,Google Ads,Store Visits / AON,Morelos-Automated-Display,,Display,0.0,0,0.0,0.0,0.0,Google reported conversions,0.0,0.0,Store Visits field in export = 0.0
2026-07-27,2026-07,Google Ads,Store Visits / AON,Morelos-Automated-Display,,Display,0.0,0,0.0,0.0,0.0,Google reported conversions,0.0,0.0,Store Visits field in export = 0.0
2026-04-27,2026-05,Google Ads,Store Visits / AON,Morelos_Branded_Discovery,,Demand Gen,0.0,0,0.0,0.0,0.0,Google reported conversions,0.0,0.0,Store Visits field in export = 0.0
2026-05-04,2026-05,Google Ads,Store Visits / AON,Morelos_Branded_Discovery,,Demand Gen,0.0,0,0.0,0.0,0.0,Google reported conversions,0.0,0.0,Store Visits field in export = 0.0
2026-05-11,2026-05,Google Ads,Store Visits / AON,Morelos_Branded_Discovery,,Demand Gen,0.0,0,0.0,0.0,0.0,Google reported conversions,0.0,0.0,Store Visits field in export = 0.0
2026-05-18,2026-05,Google Ads,Store Visits / AON,Morelos_Branded_Discovery,,Demand Gen,0.0,0,0.0,0.0,0.0,Google reported conversions,0.0,0.0,Store Visits field in export = 0.0
2026-05-25,2026-05,Google Ads,Store Visits / AON,Morelos_Branded_Discovery,,Demand Gen,0.0,0,0.0,0.0,0.0,Google reported conversions,0.0,0.0,Store Visits field in export = 0.0
2026-06-01,2026-06,Google Ads,Store Visits / AON,Morelos_Branded_Discovery,,Demand Gen,0.0,0,0.0,0.0,0.0,Google reported conversions,0.0,0.0,Store Visits field in export = 0.0
2026-06-08,2026-06,Google Ads,Store Visits / AON,Morelos_Branded_Discovery,,Demand Gen,0.0,0,0.0,0.0,0.0,Google reported conversions,0.0,0.0,Store Visits field in export = 0.0
2026-06-15,2026-06,Google Ads,Store Visits / AON,Morelos_Branded_Discovery,,Demand Gen,0.0,0,0.0,0.0,0.0,Google reported conversions,0.0,0.0,Store Visits field in export = 0.0
2026-06-22,2026-06,Google Ads,Store Visits / AON,Morelos_Branded_Discovery,,Demand Gen,0.0,0,0.0,0.0,0.0,Google reported conversions,0.0,0.0,Store Visits field in export = 0.0
2026-06-29,2026-06,Google Ads,Store Visits / AON,Morelos_Branded_Discovery,,Demand Gen,0.0,0,0.0,0.0,0.0,Google reported conversions,0.0,0.0,Store Visits field in export = 0.0
2026-07-06,2026-07,Google Ads,Store Visits / AON,Morelos_Branded_Discovery,,Demand Gen,0.0,0,0.0,0.0,0.0,Google reported conversions,0.0,0.0,Store Visits field in export = 0.0
2026-07-13,2026-07,Google Ads,Store Visits / AON,Morelos_Branded_Discovery,,Demand Gen,0.0,0,0.0,0.0,0.0,Google reported conversions,0.0,0.0,Store Visits field in export = 0.0
2026-07-20,2026-07,Google Ads,Store Visits / AON,Morelos_Branded_Discovery,,Demand Gen,0.0,0,0.0,0.0,0.0,Google reported conversions,0.0,0.0,Store Visits field in export = 0.0
2026-07-27,2026-07,Google Ads,Store Visits / AON,Morelos_Branded_Discovery,,Demand Gen,0.0,0,0.0,0.0,0.0,Google reported conversions,0.0,0.0,Store Visits field in export = 0.0
2026-04-27,2026-05,Google Ads,Store Visits / AON,Morelos_Branded-YouTube_English TCPA,,Video,0.0,0,0.0,0.0,0.0,Google reported conversions,0.0,0.0,Store Visits field in export = 0.0
2026-05-04,2026-05,Google Ads,Store Visits / AON,Morelos_Branded-YouTube_English TCPA,,Video,0.0,0,0.0,0.0,0.0,Google reported conversions,0.0,0.0,Store Visits field in export = 0.0
2026-05-11,2026-05,Google Ads,Store Visits / AON,Morelos_Branded-YouTube_English TCPA,,Video,0.0,0,0.0,0.0,0.0,Google reported conversions,0.0,0.0,Store Visits field in export = 0.0
2026-05-18,2026-05,Google Ads,Store Visits / AON,Morelos_Branded-YouTube_English TCPA,,Video,0.0,0,0.0,0.0,0.0,Google reported conversions,0.0,0.0,Store Visits field in export = 0.0
2026-05-25,2026-05,Google Ads,Store Visits / AON,Morelos_Branded-YouTube_English TCPA,,Video,0.0,0,0.0,0.0,0.0,Google reported conversions,0.0,0.0,Store Visits field in export = 0.0
2026-06-01,2026-06,Google Ads,Store Visits / AON,Morelos_Branded-YouTube_English TCPA,,Video,0.0,0,0.0,0.0,0.0,Google reported conversions,0.0,0.0,Store Visits field in export = 0.0
2026-06-08,2026-06,Google Ads,Store Visits / AON,Morelos_Branded-YouTube_English TCPA,,Video,0.0,0,0.0,0.0,0.0,Google reported conversions,0.0,0.0,Store Visits field in export = 0.0
2026-06-15,2026-06,Google Ads,Store Visits / AON,Morelos_Branded-YouTube_English TCPA,,Video,0.0,0,0.0,0.0,0.0,Google reported conversions,0.0,0.0,Store Visits field in export = 0.0
2026-06-22,2026-06,Google Ads,Store Visits / AON,Morelos_Branded-YouTube_English TCPA,,Video,0.0,0,0.0,0.0,0.0,Google reported conversions,0.0,0.0,Store Visits field in export = 0.0
2026-06-29,2026-06,Google Ads,Store Visits / AON,Morelos_Branded-YouTube_English TCPA,,Video,0.0,0,0.0,0.0,0.0,Google reported conversions,0.0,0.0,Store Visits field in export = 0.0
2026-07-06,2026-07,Google Ads,Store Visits / AON,Morelos_Branded-YouTube_English TCPA,,Video,0.0,0,0.0,0.0,0.0,Google reported conversions,0.0,0.0,Store Visits field in export = 0.0
2026-07-13,2026-07,Google Ads,Store Visits / AON,Morelos_Branded-YouTube_English TCPA,,Video,0.0,0,0.0,0.0,0.0,Google reported conversions,0.0,0.0,Store Visits field in export = 0.0
2026-07-20,2026-07,Google Ads,Store Visits / AON,Morelos_Branded-YouTube_English TCPA,,Video,0.0,0,0.0,0.0,0.0,Google reported conversions,0.0,0.0,Store Visits field in export = 0.0
2026-07-27,2026-07,Google Ads,Store Visits / AON,Morelos_Branded-YouTube_English TCPA,,Video,0.0,0,0.0,0.0,0.0,Google reported conversions,0.0,0.0,Store Visits field in export = 0.0
2026-04-27,2026-05,Google Ads,Store Visits / AON,Morelos_Branded-Search_Tulsa,,Search,0.0,0,0.0,0.0,0.0,Google reported conversions,0.0,0.0,Store Visits field in export = 0.0
2026-05-04,2026-05,Google Ads,Store Visits / AON,Morelos_Branded-Search_Tulsa,,Search,0.0,0,0.0,0.0,0.0,Google reported conversions,0.0,0.0,Store Visits field in export = 0.0
2026-05-11,2026-05,Google Ads,Store Visits / AON,Morelos_Branded-Search_Tulsa,,Search,0.0,0,0.0,0.0,0.0,Google reported conversions,0.0,0.0,Store Visits field in export = 0.0
2026-05-18,2026-05,Google Ads,Store Visits / AON,Morelos_Branded-Search_Tulsa,,Search,0.0,0,0.0,0.0,0.0,Google reported conversions,0.0,0.0,Store Visits field in export = 0.0
2026-05-25,2026-05,Google Ads,Store Visits / AON,Morelos_Branded-Search_Tulsa,,Search,0.0,0,0.0,0.0,0.0,Google reported conversions,0.0,0.0,Store Visits field in export = 0.0
2026-06-01,2026-06,Google Ads,Store Visits / AON,Morelos_Branded-Search_Tulsa,,Search,0.0,0,0.0,0.0,0.0,Google reported conversions,0.0,0.0,Store Visits field in export = 0.0
2026-06-08,2026-06,Google Ads,Store Visits / AON,Morelos_Branded-Search_Tulsa,,Search,0.0,0,0.0,0.0,0.0,Google reported conversions,0.0,0.0,Store Visits field in export = 0.0
2026-06-15,2026-06,Google Ads,Store Visits / AON,Morelos_Branded-Search_Tulsa,,Search,0.0,0,0.0,0.0,0.0,Google reported conversions,0.0,0.0,Store Visits field in export = 0.0
2026-06-22,2026-06,Google Ads,Store Visits / AON,Morelos_Branded-Search_Tulsa,,Search,0.0,0,0.0,0.0,0.0,Google reported conversions,0.0,0.0,Store Visits field in export = 0.0
2026-06-29,2026-06,Google Ads,Store Visits / AON,Morelos_Branded-Search_Tulsa,,Search,0.0,0,0.0,0.0,0.0,Google reported conversions,0.0,0.0,Store Visits field in export = 0.0
2026-07-06,2026-07,Google Ads,Store Visits / AON,Morelos_Branded-Search_Tulsa,,Search,0.0,0,0.0,0.0,0.0,Google reported conversions,0.0,0.0,Store Visits field in export = 0.0
2026-07-13,2026-07,Google Ads,Store Visits / AON,Morelos_Branded-Search_Tulsa,,Search,0.0,0,0.0,0.0,0.0,Google reported conversions,0.0,0.0,Store Visits field in export = 0.0
2026-07-20,2026-07,Google Ads,Store Visits / AON,Morelos_Branded-Search_Tulsa,,Search,0.0,0,0.0,0.0,0.0,Google reported conversions,0.0,0.0,Store Visits field in export = 0.0
2026-07-27,2026-07,Google Ads,Store Visits / AON,Morelos_Branded-Search_Tulsa,,Search,0.0,0,0.0,0.0,0.0,Google reported conversions,0.0,0.0,Store Visits field in export = 0.0
2026-04-27,2026-05,Google Ads,Store Visits / AON,Morelos_Branded-YouTube_Spanish,,Video,0.0,0,0.0,0.0,0.0,Google reported conversions,0.0,0.0,Store Visits field in export = 0.0
2026-05-04,2026-05,Google Ads,Store Visits / AON,Morelos_Branded-YouTube_Spanish,,Video,0.0,0,0.0,0.0,0.0,Google reported conversions,0.0,0.0,Store Visits field in export = 0.0
2026-05-11,2026-05,Google Ads,Store Visits / AON,Morelos_Branded-YouTube_Spanish,,Video,0.0,0,0.0,0.0,0.0,Google reported conversions,0.0,0.0,Store Visits field in export = 0.0
2026-05-18,2026-05,Google Ads,Store Visits / AON,Morelos_Branded-YouTube_Spanish,,Video,0.0,0,0.0,0.0,0.0,Google reported conversions,0.0,0.0,Store Visits field in export = 0.0
2026-05-25,2026-05,Google Ads,Store Visits / AON,Morelos_Branded-YouTube_Spanish,,Video,0.0,0,0.0,0.0,0.0,Google reported conversions,0.0,0.0,Store Visits field in export = 0.0
2026-06-01,2026-06,Google Ads,Store Visits / AON,Morelos_Branded-YouTube_Spanish,,Video,0.0,0,0.0,0.0,0.0,Google reported conversions,0.0,0.0,Store Visits field in export = 0.0
2026-06-08,2026-06,Google Ads,Store Visits / AON,Morelos_Branded-YouTube_Spanish,,Video,0.0,0,0.0,0.0,0.0,Google reported conversions,0.0,0.0,Store Visits field in export = 0.0
2026-06-15,2026-06,Google Ads,Store Visits / AON,Morelos_Branded-YouTube_Spanish,,Video,0.0,0,0.0,0.0,0.0,Google reported conversions,0.0,0.0,Store Visits field in export = 0.0
2026-06-22,2026-06,Google Ads,Store Visits / AON,Morelos_Branded-YouTube_Spanish,,Video,0.0,0,0.0,0.0,0.0,Google reported conversions,0.0,0.0,Store Visits field in export = 0.0
2026-06-29,2026-06,Google Ads,Store Visits / AON,Morelos_Branded-YouTube_Spanish,,Video,0.0,0,0.0,0.0,0.0,Google reported conversions,0.0,0.0,Store Visits field in export = 0.0
2026-07-06,2026-07,Google Ads,Store Visits / AON,Morelos_Branded-YouTube_Spanish,,Video,0.0,0,0.0,0.0,0.0,Google reported conversions,0.0,0.0,Store Visits field in export = 0.0
2026-07-13,2026-07,Google Ads,Store Visits / AON,Morelos_Branded-YouTube_Spanish,,Video,0.0,0,0.0,0.0,0.0,Google reported conversions,0.0,0.0,Store Visits field in export = 0.0
2026-07-20,2026-07,Google Ads,Store Visits / AON,Morelos_Branded-YouTube_Spanish,,Video,0.0,0,0.0,0.0,0.0,Google reported conversions,0.0,0.0,Store Visits field in export = 0.0
2026-07-27,2026-07,Google Ads,Store Visits / AON,Morelos_Branded-YouTube_Spanish,,Video,0.0,0,0.0,0.0,0.0,Google reported conversions,0.0,0.0,Store Visits field in export = 0.0
2026-04-27,2026-05,Google Ads,Store Visits / AON,Morelos_Branded_YouTube_OKC_Spanish,,Video,0.0,0,0.0,0.0,0.0,Google reported conversions,0.0,0.0,Store Visits field in export = 0.0
2026-05-04,2026-05,Google Ads,Store Visits / AON,Morelos_Branded_YouTube_OKC_Spanish,,Video,0.0,0,0.0,0.0,0.0,Google reported conversions,0.0,0.0,Store Visits field in export = 0.0
2026-05-11,2026-05,Google Ads,Store Visits / AON,Morelos_Branded_YouTube_OKC_Spanish,,Video,0.0,0,0.0,0.0,0.0,Google reported conversions,0.0,0.0,Store Visits field in export = 0.0
2026-05-18,2026-05,Google Ads,Store Visits / AON,Morelos_Branded_YouTube_OKC_Spanish,,Video,0.0,0,0.0,0.0,0.0,Google reported conversions,0.0,0.0,Store Visits field in export = 0.0
2026-05-25,2026-05,Google Ads,Store Visits / AON,Morelos_Branded_YouTube_OKC_Spanish,,Video,0.0,0,0.0,0.0,0.0,Google reported conversions,0.0,0.0,Store Visits field in export = 0.0
2026-06-01,2026-06,Google Ads,Store Visits / AON,Morelos_Branded_YouTube_OKC_Spanish,,Video,0.0,0,0.0,0.0,0.0,Google reported conversions,0.0,0.0,Store Visits field in export = 0.0
2026-06-08,2026-06,Google Ads,Store Visits / AON,Morelos_Branded_YouTube_OKC_Spanish,,Video,0.0,0,0.0,0.0,0.0,Google reported conversions,0.0,0.0,Store Visits field in export = 0.0
2026-06-15,2026-06,Google Ads,Store Visits / AON,Morelos_Branded_YouTube_OKC_Spanish,,Video,0.0,0,0.0,0.0,0.0,Google reported conversions,0.0,0.0,Store Visits field in export = 0.0
2026-06-22,2026-06,Google Ads,Store Visits / AON,Morelos_Branded_YouTube_OKC_Spanish,,Video,0.0,0,0.0,0.0,0.0,Google reported conversions,0.0,0.0,Store Visits field in export = 0.0
2026-06-29,2026-06,Google Ads,Store Visits / AON,Morelos_Branded_YouTube_OKC_Spanish,,Video,0.0,0,0.0,0.0,0.0,Google reported conversions,0.0,0.0,Store Visits field in export = 0.0
2026-07-06,2026-07,Google Ads,Store Visits / AON,Morelos_Branded_YouTube_OKC_Spanish,,Video,0.0,0,0.0,0.0,0.0,Google reported conversions,0.0,0.0,Store Visits field in export = 0.0
2026-07-13,2026-07,Google Ads,Store Visits / AON,Morelos_Branded_YouTube_OKC_Spanish,,Video,0.0,0,0.0,0.0,0.0,Google reported conversions,0.0,0.0,Store Visits field in export = 0.0
2026-07-20,2026-07,Google Ads,Store Visits / AON,Morelos_Branded_YouTube_OKC_Spanish,,Video,0.0,0,0.0,0.0,0.0,Google reported conversions,0.0,0.0,Store Visits field in export = 0.0
2026-07-27,2026-07,Google Ads,Store Visits / AON,Morelos_Branded_YouTube_OKC_Spanish,,Video,0.0,0,0.0,0.0,0.0,Google reported conversions,0.0,0.0,Store Visits field in export = 0.0
2026-04-27,2026-05,Google Ads,Store Visits / AON,Morelos_Branded-Search_OKC,,Search,0.0,0,0.0,0.0,0.0,Google reported conversions,0.0,0.0,Store Visits field in export = 0.0
2026-05-04,2026-05,Google Ads,Store Visits / AON,Morelos_Branded-Search_OKC,,Search,0.0,0,0.0,0.0,0.0,Google reported conversions,0.0,0.0,Store Visits field in export = 0.0
2026-05-11,2026-05,Google Ads,Store Visits / AON,Morelos_Branded-Search_OKC,,Search,0.0,0,0.0,0.0,0.0,Google reported conversions,0.0,0.0,Store Visits field in export = 0.0
2026-05-18,2026-05,Google Ads,Store Visits / AON,Morelos_Branded-Search_OKC,,Search,0.0,0,0.0,0.0,0.0,Google reported conversions,0.0,0.0,Store Visits field in export = 0.0
2026-05-25,2026-05,Google Ads,Store Visits / AON,Morelos_Branded-Search_OKC,,Search,0.0,0,0.0,0.0,0.0,Google reported conversions,0.0,0.0,Store Visits field in export = 0.0
2026-06-01,2026-06,Google Ads,Store Visits / AON,Morelos_Branded-Search_OKC,,Search,0.0,0,0.0,0.0,0.0,Google reported conversions,0.0,0.0,Store Visits field in export = 0.0
2026-06-08,2026-06,Google Ads,Store Visits / AON,Morelos_Branded-Search_OKC,,Search,0.0,0,0.0,0.0,0.0,Google reported conversions,0.0,0.0,Store Visits field in export = 0.0
2026-06-15,2026-06,Google Ads,Store Visits / AON,Morelos_Branded-Search_OKC,,Search,0.0,0,0.0,0.0,0.0,Google reported conversions,0.0,0.0,Store Visits field in export = 0.0
2026-06-22,2026-06,Google Ads,Store Visits / AON,Morelos_Branded-Search_OKC,,Search,0.0,0,0.0,0.0,0.0,Google reported conversions,0.0,0.0,Store Visits field in export = 0.0
2026-06-29,2026-06,Google Ads,Store Visits / AON,Morelos_Branded-Search_OKC,,Search,0.0,0,0.0,0.0,0.0,Google reported conversions,0.0,0.0,Store Visits field in export = 0.0
2026-07-06,2026-07,Google Ads,Store Visits / AON,Morelos_Branded-Search_OKC,,Search,0.0,0,0.0,0.0,0.0,Google reported conversions,0.0,0.0,Store Visits field in export = 0.0
2026-07-13,2026-07,Google Ads,Store Visits / AON,Morelos_Branded-Search_OKC,,Search,0.0,0,0.0,0.0,0.0,Google reported conversions,0.0,0.0,Store Visits field in export = 0.0
2026-07-20,2026-07,Google Ads,Store Visits / AON,Morelos_Branded-Search_OKC,,Search,0.0,0,0.0,0.0,0.0,Google reported conversions,0.0,0.0,Store Visits field in export = 0.0
2026-07-27,2026-07,Google Ads,Store Visits / AON,Morelos_Branded-Search_OKC,,Search,0.0,0,0.0,0.0,0.0,Google reported conversions,0.0,0.0,Store Visits field in export = 0.0
2026-04-27,2026-05,Google Ads,Store Visits / AON,Morelos_Branded_YouTube_Tulsa_Spanish,,Video,0.0,0,0.0,0.0,0.0,Google reported conversions,0.0,0.0,Store Visits field in export = 0.0
2026-05-04,2026-05,Google Ads,Store Visits / AON,Morelos_Branded_YouTube_Tulsa_Spanish,,Video,0.0,0,0.0,0.0,0.0,Google reported conversions,0.0,0.0,Store Visits field in export = 0.0
2026-05-11,2026-05,Google Ads,Store Visits / AON,Morelos_Branded_YouTube_Tulsa_Spanish,,Video,0.0,0,0.0,0.0,0.0,Google reported conversions,0.0,0.0,Store Visits field in export = 0.0
2026-05-18,2026-05,Google Ads,Store Visits / AON,Morelos_Branded_YouTube_Tulsa_Spanish,,Video,0.0,0,0.0,0.0,0.0,Google reported conversions,0.0,0.0,Store Visits field in export = 0.0
2026-05-25,2026-05,Google Ads,Store Visits / AON,Morelos_Branded_YouTube_Tulsa_Spanish,,Video,0.0,0,0.0,0.0,0.0,Google reported conversions,0.0,0.0,Store Visits field in export = 0.0
2026-06-01,2026-06,Google Ads,Store Visits / AON,Morelos_Branded_YouTube_Tulsa_Spanish,,Video,0.0,0,0.0,0.0,0.0,Google reported conversions,0.0,0.0,Store Visits field in export = 0.0
2026-06-08,2026-06,Google Ads,Store Visits / AON,Morelos_Branded_YouTube_Tulsa_Spanish,,Video,0.0,0,0.0,0.0,0.0,Google reported conversions,0.0,0.0,Store Visits field in export = 0.0
2026-06-15,2026-06,Google Ads,Store Visits / AON,Morelos_Branded_YouTube_Tulsa_Spanish,,Video,0.0,0,0.0,0.0,0.0,Google reported conversions,0.0,0.0,Store Visits field in export = 0.0
2026-06-22,2026-06,Google Ads,Store Visits / AON,Morelos_Branded_YouTube_Tulsa_Spanish,,Video,0.0,0,0.0,0.0,0.0,Google reported conversions,0.0,0.0,Store Visits field in export = 0.0
2026-06-29,2026-06,Google Ads,Store Visits / AON,Morelos_Branded_YouTube_Tulsa_Spanish,,Video,0.0,0,0.0,0.0,0.0,Google reported conversions,0.0,0.0,Store Visits field in export = 0.0
2026-07-06,2026-07,Google Ads,Store Visits / AON,Morelos_Branded_YouTube_Tulsa_Spanish,,Video,0.0,0,0.0,0.0,0.0,Google reported conversions,0.0,0.0,Store Visits field in export = 0.0
2026-07-13,2026-07,Google Ads,Store Visits / AON,Morelos_Branded_YouTube_Tulsa_Spanish,,Video,0.0,0,0.0,0.0,0.0,Google reported conversions,0.0,0.0,Store Visits field in export = 0.0
2026-07-20,2026-07,Google Ads,Store Visits / AON,Morelos_Branded_YouTube_Tulsa_Spanish,,Video,0.0,0,0.0,0.0,0.0,Google reported conversions,0.0,0.0,Store Visits field in export = 0.0
2026-07-27,2026-07,Google Ads,Store Visits / AON,Morelos_Branded_YouTube_Tulsa_Spanish,,Video,0.0,0,0.0,0.0,0.0,Google reported conversions,0.0,0.0,Store Visits field in export = 0.0
2026-04-27,2026-05,Google Ads,Store Visits / AON,Morelos_Branded_Store Visits,,Local,0.0,0,0.0,0.0,0.0,Google reported conversions,0.0,0.0,Store Visits field in export = 0.0
2026-05-04,2026-05,Google Ads,Store Visits / AON,Morelos_Branded_Store Visits,,Local,0.0,0,0.0,0.0,0.0,Google reported conversions,0.0,0.0,Store Visits field in export = 0.0
2026-05-11,2026-05,Google Ads,Store Visits / AON,Morelos_Branded_Store Visits,,Local,0.0,0,0.0,0.0,0.0,Google reported conversions,0.0,0.0,Store Visits field in export = 0.0
2026-05-18,2026-05,Google Ads,Store Visits / AON,Morelos_Branded_Store Visits,,Local,0.0,0,0.0,0.0,0.0,Google reported conversions,0.0,0.0,Store Visits field in export = 0.0
2026-05-25,2026-05,Google Ads,Store Visits / AON,Morelos_Branded_Store Visits,,Local,0.0,0,0.0,0.0,0.0,Google reported conversions,0.0,0.0,Store Visits field in export = 0.0
2026-06-01,2026-06,Google Ads,Store Visits / AON,Morelos_Branded_Store Visits,,Local,0.0,0,0.0,0.0,0.0,Google reported conversions,0.0,0.0,Store Visits field in export = 0.0
2026-06-08,2026-06,Google Ads,Store Visits / AON,Morelos_Branded_Store Visits,,Local,0.0,0,0.0,0.0,0.0,Google reported conversions,0.0,0.0,Store Visits field in export = 0.0
2026-06-15,2026-06,Google Ads,Store Visits / AON,Morelos_Branded_Store Visits,,Local,0.0,0,0.0,0.0,0.0,Google reported conversions,0.0,0.0,Store Visits field in export = 0.0
2026-06-22,2026-06,Google Ads,Store Visits / AON,Morelos_Branded_Store Visits,,Local,0.0,0,0.0,0.0,0.0,Google reported conversions,0.0,0.0,Store Visits field in export = 0.0
2026-06-29,2026-06,Google Ads,Store Visits / AON,Morelos_Branded_Store Visits,,Local,0.0,0,0.0,0.0,0.0,Google reported conversions,0.0,0.0,Store Visits field in export = 0.0
2026-07-06,2026-07,Google Ads,Store Visits / AON,Morelos_Branded_Store Visits,,Local,0.0,0,0.0,0.0,0.0,Google reported conversions,0.0,0.0,Store Visits field in export = 0.0
2026-07-13,2026-07,Google Ads,Store Visits / AON,Morelos_Branded_Store Visits,,Local,0.0,0,0.0,0.0,0.0,Google reported conversions,0.0,0.0,Store Visits field in export = 0.0
2026-07-20,2026-07,Google Ads,Store Visits / AON,Morelos_Branded_Store Visits,,Local,0.0,0,0.0,0.0,0.0,Google reported conversions,0.0,0.0,Store Visits field in export = 0.0
2026-07-27,2026-07,Google Ads,Store Visits / AON,Morelos_Branded_Store Visits,,Local,0.0,0,0.0,0.0,0.0,Google reported conversions,0.0,0.0,Store Visits field in export = 0.0
2026-04-27,2026-05,Google Ads,Store Visits / AON,Morelos_Branded-Search,,Search,0.0,0,0.0,0.0,0.0,Google reported conversions,0.0,0.0,Store Visits field in export = 0.0
2026-05-04,2026-05,Google Ads,Store Visits / AON,Morelos_Branded-Search,,Search,0.0,0,0.0,0.0,0.0,Google reported conversions,0.0,0.0,Store Visits field in export = 0.0
2026-05-11,2026-05,Google Ads,Store Visits / AON,Morelos_Branded-Search,,Search,0.0,0,0.0,0.0,0.0,Google reported conversions,0.0,0.0,Store Visits field in export = 0.0
2026-05-18,2026-05,Google Ads,Store Visits / AON,Morelos_Branded-Search,,Search,0.0,0,0.0,0.0,0.0,Google reported conversions,0.0,0.0,Store Visits field in export = 0.0
2026-05-25,2026-05,Google Ads,Store Visits / AON,Morelos_Branded-Search,,Search,0.0,0,0.0,0.0,0.0,Google reported conversions,0.0,0.0,Store Visits field in export = 0.0
2026-06-01,2026-06,Google Ads,Store Visits / AON,Morelos_Branded-Search,,Search,0.0,0,0.0,0.0,0.0,Google reported conversions,0.0,0.0,Store Visits field in export = 0.0
2026-06-08,2026-06,Google Ads,Store Visits / AON,Morelos_Branded-Search,,Search,0.0,0,0.0,0.0,0.0,Google reported conversions,0.0,0.0,Store Visits field in export = 0.0
2026-06-15,2026-06,Google Ads,Store Visits / AON,Morelos_Branded-Search,,Search,0.0,0,0.0,0.0,0.0,Google reported conversions,0.0,0.0,Store Visits field in export = 0.0
2026-06-22,2026-06,Google Ads,Store Visits / AON,Morelos_Branded-Search,,Search,0.0,0,0.0,0.0,0.0,Google reported conversions,0.0,0.0,Store Visits field in export = 0.0
2026-06-29,2026-06,Google Ads,Store Visits / AON,Morelos_Branded-Search,,Search,0.0,0,0.0,0.0,0.0,Google reported conversions,0.0,0.0,Store Visits field in export = 0.0
2026-07-06,2026-07,Google Ads,Store Visits / AON,Morelos_Branded-Search,,Search,0.0,0,0.0,0.0,0.0,Google reported conversions,0.0,0.0,Store Visits field in export = 0.0
2026-07-13,2026-07,Google Ads,Store Visits / AON,Morelos_Branded-Search,,Search,0.0,0,0.0,0.0,0.0,Google reported conversions,0.0,0.0,Store Visits field in export = 0.0
2026-07-20,2026-07,Google Ads,Store Visits / AON,Morelos_Branded-Search,,Search,0.0,0,0.0,0.0,0.0,Google reported conversions,0.0,0.0,Store Visits field in export = 0.0
2026-07-27,2026-07,Google Ads,Store Visits / AON,Morelos_Branded-Search,,Search,0.0,0,0.0,0.0,0.0,Google reported conversions,0.0,0.0,Store Visits field in export = 0.0
2026-04-27,2026-05,Google Ads,Store Visits / AON,Tulsa Display,,Display,0.0,0,0.0,0.0,0.0,Google reported conversions,0.0,0.0,Store Visits field in export = 0.0
2026-05-04,2026-05,Google Ads,Store Visits / AON,Tulsa Display,,Display,0.0,0,0.0,0.0,0.0,Google reported conversions,0.0,0.0,Store Visits field in export = 0.0
2026-05-11,2026-05,Google Ads,Store Visits / AON,Tulsa Display,,Display,0.0,0,0.0,0.0,0.0,Google reported conversions,0.0,0.0,Store Visits field in export = 0.0
2026-05-18,2026-05,Google Ads,Store Visits / AON,Tulsa Display,,Display,0.0,0,0.0,0.0,0.0,Google reported conversions,0.0,0.0,Store Visits field in export = 0.0
2026-05-25,2026-05,Google Ads,Store Visits / AON,Tulsa Display,,Display,0.0,0,0.0,0.0,0.0,Google reported conversions,0.0,0.0,Store Visits field in export = 0.0
2026-06-01,2026-06,Google Ads,Store Visits / AON,Tulsa Display,,Display,0.0,0,0.0,0.0,0.0,Google reported conversions,0.0,0.0,Store Visits field in export = 0.0
2026-06-08,2026-06,Google Ads,Store Visits / AON,Tulsa Display,,Display,0.0,0,0.0,0.0,0.0,Google reported conversions,0.0,0.0,Store Visits field in export = 0.0
2026-06-15,2026-06,Google Ads,Store Visits / AON,Tulsa Display,,Display,0.0,0,0.0,0.0,0.0,Google reported conversions,0.0,0.0,Store Visits field in export = 0.0
2026-06-22,2026-06,Google Ads,Store Visits / AON,Tulsa Display,,Display,0.0,0,0.0,0.0,0.0,Google reported conversions,0.0,0.0,Store Visits field in export = 0.0
2026-06-29,2026-06,Google Ads,Store Visits / AON,Tulsa Display,,Display,0.0,0,0.0,0.0,0.0,Google reported conversions,0.0,0.0,Store Visits field in export = 0.0
2026-07-06,2026-07,Google Ads,Store Visits / AON,Tulsa Display,,Display,0.0,0,0.0,0.0,0.0,Google reported conversions,0.0,0.0,Store Visits field in export = 0.0
2026-07-13,2026-07,Google Ads,Store Visits / AON,Tulsa Display,,Display,0.0,0,0.0,0.0,0.0,Google reported conversions,0.0,0.0,Store Visits field in export = 0.0
2026-07-20,2026-07,Google Ads,Store Visits / AON,Tulsa Display,,Display,0.0,0,0.0,0.0,0.0,Google reported conversions,0.0,0.0,Store Visits field in export = 0.0
2026-07-27,2026-07,Google Ads,Store Visits / AON,Tulsa Display,,Display,0.0,0,0.0,0.0,0.0,Google reported conversions,0.0,0.0,Store Visits field in export = 0.0
2026-04-27,2026-05,Google Ads,Etc.,TULSA YT,,Video,0.0,0,0.0,0.0,0.0,Google reported conversions,0.0,0.0,Store Visits field in export = 0.0
2026-05-04,2026-05,Google Ads,Etc.,TULSA YT,,Video,0.0,0,0.0,0.0,0.0,Google reported conversions,0.0,0.0,Store Visits field in export = 0.0
2026-05-11,2026-05,Google Ads,Etc.,TULSA YT,,Video,0.0,0,0.0,0.0,0.0,Google reported conversions,0.0,0.0,Store Visits field in export = 0.0
2026-05-18,2026-05,Google Ads,Etc.,TULSA YT,,Video,0.0,0,0.0,0.0,0.0,Google reported conversions,0.0,0.0,Store Visits field in export = 0.0
2026-05-25,2026-05,Google Ads,Etc.,TULSA YT,,Video,0.0,0,0.0,0.0,0.0,Google reported conversions,0.0,0.0,Store Visits field in export = 0.0
2026-06-01,2026-06,Google Ads,Etc.,TULSA YT,,Video,0.0,0,0.0,0.0,0.0,Google reported conversions,0.0,0.0,Store Visits field in export = 0.0
2026-06-08,2026-06,Google Ads,Etc.,TULSA YT,,Video,0.0,0,0.0,0.0,0.0,Google reported conversions,0.0,0.0,Store Visits field in export = 0.0
2026-06-15,2026-06,Google Ads,Etc.,TULSA YT,,Video,0.0,0,0.0,0.0,0.0,Google reported conversions,0.0,0.0,Store Visits field in export = 0.0
2026-06-22,2026-06,Google Ads,Etc.,TULSA YT,,Video,0.0,0,0.0,0.0,0.0,Google reported conversions,0.0,0.0,Store Visits field in export = 0.0
2026-06-29,2026-06,Google Ads,Etc.,TULSA YT,,Video,0.0,0,0.0,0.0,0.0,Google reported conversions,0.0,0.0,Store Visits field in export = 0.0
2026-07-06,2026-07,Google Ads,Etc.,TULSA YT,,Video,0.0,0,0.0,0.0,0.0,Google reported conversions,0.0,0.0,Store Visits field in export = 0.0
2026-07-13,2026-07,Google Ads,Etc.,TULSA YT,,Video,0.0,0,0.0,0.0,0.0,Google reported conversions,0.0,0.0,Store Visits field in export = 0.0
2026-07-20,2026-07,Google Ads,Etc.,TULSA YT,,Video,0.0,0,0.0,0.0,0.0,Google reported conversions,0.0,0.0,Store Visits field in export = 0.0
2026-07-27,2026-07,Google Ads,Etc.,TULSA YT,,Video,0.0,0,0.0,0.0,0.0,Google reported conversions,0.0,0.0,Store Visits field in export = 0.0
2026-04-27,2026-05,Google Ads,Store Visits / AON,Tulsa Search/Display Search,,Search,0.0,0,0.0,0.0,0.0,Google reported conversions,0.0,0.0,Store Visits field in export = 0.0
2026-05-04,2026-05,Google Ads,Store Visits / AON,Tulsa Search/Display Search,,Search,0.0,0,0.0,0.0,0.0,Google reported conversions,0.0,0.0,Store Visits field in export = 0.0
2026-05-11,2026-05,Google Ads,Store Visits / AON,Tulsa Search/Display Search,,Search,0.0,0,0.0,0.0,0.0,Google reported conversions,0.0,0.0,Store Visits field in export = 0.0
2026-05-18,2026-05,Google Ads,Store Visits / AON,Tulsa Search/Display Search,,Search,0.0,0,0.0,0.0,0.0,Google reported conversions,0.0,0.0,Store Visits field in export = 0.0
2026-05-25,2026-05,Google Ads,Store Visits / AON,Tulsa Search/Display Search,,Search,0.0,0,0.0,0.0,0.0,Google reported conversions,0.0,0.0,Store Visits field in export = 0.0
2026-06-01,2026-06,Google Ads,Store Visits / AON,Tulsa Search/Display Search,,Search,0.0,0,0.0,0.0,0.0,Google reported conversions,0.0,0.0,Store Visits field in export = 0.0
2026-06-08,2026-06,Google Ads,Store Visits / AON,Tulsa Search/Display Search,,Search,0.0,0,0.0,0.0,0.0,Google reported conversions,0.0,0.0,Store Visits field in export = 0.0
2026-06-15,2026-06,Google Ads,Store Visits / AON,Tulsa Search/Display Search,,Search,0.0,0,0.0,0.0,0.0,Google reported conversions,0.0,0.0,Store Visits field in export = 0.0
2026-06-22,2026-06,Google Ads,Store Visits / AON,Tulsa Search/Display Search,,Search,0.0,0,0.0,0.0,0.0,Google reported conversions,0.0,0.0,Store Visits field in export = 0.0
2026-06-29,2026-06,Google Ads,Store Visits / AON,Tulsa Search/Display Search,,Search,0.0,0,0.0,0.0,0.0,Google reported conversions,0.0,0.0,Store Visits field in export = 0.0
2026-07-06,2026-07,Google Ads,Store Visits / AON,Tulsa Search/Display Search,,Search,0.0,0,0.0,0.0,0.0,Google reported conversions,0.0,0.0,Store Visits field in export = 0.0
2026-07-13,2026-07,Google Ads,Store Visits / AON,Tulsa Search/Display Search,,Search,0.0,0,0.0,0.0,0.0,Google reported conversions,0.0,0.0,Store Visits field in export = 0.0
2026-07-20,2026-07,Google Ads,Store Visits / AON,Tulsa Search/Display Search,,Search,0.0,0,0.0,0.0,0.0,Google reported conversions,0.0,0.0,Store Visits field in export = 0.0
2026-07-27,2026-07,Google Ads,Store Visits / AON,Tulsa Search/Display Search,,Search,0.0,0,0.0,0.0,0.0,Google reported conversions,0.0,0.0,Store Visits field in export = 0.0
2026-04-27,2026-05,Google Ads,Store Visits / AON,Morelos_Branded-YouTube_English,,Video,0.0,0,0.0,0.0,0.0,Google reported conversions,0.0,0.0,Store Visits field in export = 0.0
2026-05-04,2026-05,Google Ads,Store Visits / AON,Morelos_Branded-YouTube_English,,Video,0.0,0,0.0,0.0,0.0,Google reported conversions,0.0,0.0,Store Visits field in export = 0.0
2026-05-11,2026-05,Google Ads,Store Visits / AON,Morelos_Branded-YouTube_English,,Video,0.0,0,0.0,0.0,0.0,Google reported conversions,0.0,0.0,Store Visits field in export = 0.0
2026-05-18,2026-05,Google Ads,Store Visits / AON,Morelos_Branded-YouTube_English,,Video,0.0,0,0.0,0.0,0.0,Google reported conversions,0.0,0.0,Store Visits field in export = 0.0
2026-05-25,2026-05,Google Ads,Store Visits / AON,Morelos_Branded-YouTube_English,,Video,0.0,0,0.0,0.0,0.0,Google reported conversions,0.0,0.0,Store Visits field in export = 0.0
2026-06-01,2026-06,Google Ads,Store Visits / AON,Morelos_Branded-YouTube_English,,Video,0.0,0,0.0,0.0,0.0,Google reported conversions,0.0,0.0,Store Visits field in export = 0.0
2026-06-08,2026-06,Google Ads,Store Visits / AON,Morelos_Branded-YouTube_English,,Video,0.0,0,0.0,0.0,0.0,Google reported conversions,0.0,0.0,Store Visits field in export = 0.0
2026-06-15,2026-06,Google Ads,Store Visits / AON,Morelos_Branded-YouTube_English,,Video,0.0,0,0.0,0.0,0.0,Google reported conversions,0.0,0.0,Store Visits field in export = 0.0
2026-06-22,2026-06,Google Ads,Store Visits / AON,Morelos_Branded-YouTube_English,,Video,0.0,0,0.0,0.0,0.0,Google reported conversions,0.0,0.0,Store Visits field in export = 0.0
2026-06-29,2026-06,Google Ads,Store Visits / AON,Morelos_Branded-YouTube_English,,Video,0.0,0,0.0,0.0,0.0,Google reported conversions,0.0,0.0,Store Visits field in export = 0.0
2026-07-06,2026-07,Google Ads,Store Visits / AON,Morelos_Branded-YouTube_English,,Video,0.0,0,0.0,0.0,0.0,Google reported conversions,0.0,0.0,Store Visits field in export = 0.0
2026-07-13,2026-07,Google Ads,Store Visits / AON,Morelos_Branded-YouTube_English,,Video,0.0,0,0.0,0.0,0.0,Google reported conversions,0.0,0.0,Store Visits field in export = 0.0
2026-07-20,2026-07,Google Ads,Store Visits / AON,Morelos_Branded-YouTube_English,,Video,0.0,0,0.0,0.0,0.0,Google reported conversions,0.0,0.0,Store Visits field in export = 0.0
2026-07-27,2026-07,Google Ads,Store Visits / AON,Morelos_Branded-YouTube_English,,Video,0.0,0,0.0,0.0,0.0,Google reported conversions,0.0,0.0,Store Visits field in export = 0.0
2026-04-27,2026-05,Google Ads,Etc.,OKC YouTube #2,,Video,0.0,0,0.0,0.0,0.0,Google reported conversions,0.0,0.0,Store Visits field in export = 0.0
2026-05-04,2026-05,Google Ads,Etc.,OKC YouTube #2,,Video,0.0,0,0.0,0.0,0.0,Google reported conversions,0.0,0.0,Store Visits field in export = 0.0
2026-05-11,2026-05,Google Ads,Etc.,OKC YouTube #2,,Video,0.0,0,0.0,0.0,0.0,Google reported conversions,0.0,0.0,Store Visits field in export = 0.0
2026-05-18,2026-05,Google Ads,Etc.,OKC YouTube #2,,Video,0.0,0,0.0,0.0,0.0,Google reported conversions,0.0,0.0,Store Visits field in export = 0.0
2026-05-25,2026-05,Google Ads,Etc.,OKC YouTube #2,,Video,0.0,0,0.0,0.0,0.0,Google reported conversions,0.0,0.0,Store Visits field in export = 0.0
2026-06-01,2026-06,Google Ads,Etc.,OKC YouTube #2,,Video,0.0,0,0.0,0.0,0.0,Google reported conversions,0.0,0.0,Store Visits field in export = 0.0
2026-06-08,2026-06,Google Ads,Etc.,OKC YouTube #2,,Video,0.0,0,0.0,0.0,0.0,Google reported conversions,0.0,0.0,Store Visits field in export = 0.0
2026-06-15,2026-06,Google Ads,Etc.,OKC YouTube #2,,Video,0.0,0,0.0,0.0,0.0,Google reported conversions,0.0,0.0,Store Visits field in export = 0.0
2026-06-22,2026-06,Google Ads,Etc.,OKC YouTube #2,,Video,0.0,0,0.0,0.0,0.0,Google reported conversions,0.0,0.0,Store Visits field in export = 0.0
2026-06-29,2026-06,Google Ads,Etc.,OKC YouTube #2,,Video,0.0,0,0.0,0.0,0.0,Google reported conversions,0.0,0.0,Store Visits field in export = 0.0
2026-07-06,2026-07,Google Ads,Etc.,OKC YouTube #2,,Video,0.0,0,0.0,0.0,0.0,Google reported conversions,0.0,0.0,Store Visits field in export = 0.0
2026-07-13,2026-07,Google Ads,Etc.,OKC YouTube #2,,Video,0.0,0,0.0,0.0,0.0,Google reported conversions,0.0,0.0,Store Visits field in export = 0.0
2026-07-20,2026-07,Google Ads,Etc.,OKC YouTube #2,,Video,0.0,0,0.0,0.0,0.0,Google reported conversions,0.0,0.0,Store Visits field in export = 0.0
2026-07-27,2026-07,Google Ads,Etc.,OKC YouTube #2,,Video,0.0,0,0.0,0.0,0.0,Google reported conversions,0.0,0.0,Store Visits field in export = 0.0
2026-04-27,2026-05,Google Ads,Store Visits / AON,TULSA DISPLAY,,Display,0.0,0,0.0,0.0,0.0,Google reported conversions,0.0,0.0,Store Visits field in export = 0.0
2026-05-04,2026-05,Google Ads,Store Visits / AON,TULSA DISPLAY,,Display,0.0,0,0.0,0.0,0.0,Google reported conversions,0.0,0.0,Store Visits field in export = 0.0
2026-05-11,2026-05,Google Ads,Store Visits / AON,TULSA DISPLAY,,Display,0.0,0,0.0,0.0,0.0,Google reported conversions,0.0,0.0,Store Visits field in export = 0.0
2026-05-18,2026-05,Google Ads,Store Visits / AON,TULSA DISPLAY,,Display,0.0,0,0.0,0.0,0.0,Google reported conversions,0.0,0.0,Store Visits field in export = 0.0
2026-05-25,2026-05,Google Ads,Store Visits / AON,TULSA DISPLAY,,Display,0.0,0,0.0,0.0,0.0,Google reported conversions,0.0,0.0,Store Visits field in export = 0.0
2026-06-01,2026-06,Google Ads,Store Visits / AON,TULSA DISPLAY,,Display,0.0,0,0.0,0.0,0.0,Google reported conversions,0.0,0.0,Store Visits field in export = 0.0
2026-06-08,2026-06,Google Ads,Store Visits / AON,TULSA DISPLAY,,Display,0.0,0,0.0,0.0,0.0,Google reported conversions,0.0,0.0,Store Visits field in export = 0.0
2026-06-15,2026-06,Google Ads,Store Visits / AON,TULSA DISPLAY,,Display,0.0,0,0.0,0.0,0.0,Google reported conversions,0.0,0.0,Store Visits field in export = 0.0
2026-06-22,2026-06,Google Ads,Store Visits / AON,TULSA DISPLAY,,Display,0.0,0,0.0,0.0,0.0,Google reported conversions,0.0,0.0,Store Visits field in export = 0.0
2026-06-29,2026-06,Google Ads,Store Visits / AON,TULSA DISPLAY,,Display,0.0,0,0.0,0.0,0.0,Google reported conversions,0.0,0.0,Store Visits field in export = 0.0
2026-07-06,2026-07,Google Ads,Store Visits / AON,TULSA DISPLAY,,Display,0.0,0,0.0,0.0,0.0,Google reported conversions,0.0,0.0,Store Visits field in export = 0.0
2026-07-13,2026-07,Google Ads,Store Visits / AON,TULSA DISPLAY,,Display,0.0,0,0.0,0.0,0.0,Google reported conversions,0.0,0.0,Store Visits field in export = 0.0
2026-07-20,2026-07,Google Ads,Store Visits / AON,TULSA DISPLAY,,Display,0.0,0,0.0,0.0,0.0,Google reported conversions,0.0,0.0,Store Visits field in export = 0.0
2026-07-27,2026-07,Google Ads,Store Visits / AON,TULSA DISPLAY,,Display,0.0,0,0.0,0.0,0.0,Google reported conversions,0.0,0.0,Store Visits field in export = 0.0
2026-04-27,2026-05,Google Ads,Store Visits / AON,OKC Display,,Display,0.0,0,0.0,0.0,0.0,Google reported conversions,0.0,0.0,Store Visits field in export = 0.0
2026-05-04,2026-05,Google Ads,Store Visits / AON,OKC Display,,Display,0.0,0,0.0,0.0,0.0,Google reported conversions,0.0,0.0,Store Visits field in export = 0.0
2026-05-11,2026-05,Google Ads,Store Visits / AON,OKC Display,,Display,0.0,0,0.0,0.0,0.0,Google reported conversions,0.0,0.0,Store Visits field in export = 0.0
2026-05-18,2026-05,Google Ads,Store Visits / AON,OKC Display,,Display,0.0,0,0.0,0.0,0.0,Google reported conversions,0.0,0.0,Store Visits field in export = 0.0
2026-05-25,2026-05,Google Ads,Store Visits / AON,OKC Display,,Display,0.0,0,0.0,0.0,0.0,Google reported conversions,0.0,0.0,Store Visits field in export = 0.0
2026-06-01,2026-06,Google Ads,Store Visits / AON,OKC Display,,Display,0.0,0,0.0,0.0,0.0,Google reported conversions,0.0,0.0,Store Visits field in export = 0.0
2026-06-08,2026-06,Google Ads,Store Visits / AON,OKC Display,,Display,0.0,0,0.0,0.0,0.0,Google reported conversions,0.0,0.0,Store Visits field in export = 0.0
2026-06-15,2026-06,Google Ads,Store Visits / AON,OKC Display,,Display,0.0,0,0.0,0.0,0.0,Google reported conversions,0.0,0.0,Store Visits field in export = 0.0
2026-06-22,2026-06,Google Ads,Store Visits / AON,OKC Display,,Display,0.0,0,0.0,0.0,0.0,Google reported conversions,0.0,0.0,Store Visits field in export = 0.0
2026-06-29,2026-06,Google Ads,Store Visits / AON,OKC Display,,Display,0.0,0,0.0,0.0,0.0,Google reported conversions,0.0,0.0,Store Visits field in export = 0.0
2026-07-06,2026-07,Google Ads,Store Visits / AON,OKC Display,,Display,0.0,0,0.0,0.0,0.0,Google reported conversions,0.0,0.0,Store Visits field in export = 0.0
2026-07-13,2026-07,Google Ads,Store Visits / AON,OKC Display,,Display,0.0,0,0.0,0.0,0.0,Google reported conversions,0.0,0.0,Store Visits field in export = 0.0
2026-07-20,2026-07,Google Ads,Store Visits / AON,OKC Display,,Display,0.0,0,0.0,0.0,0.0,Google reported conversions,0.0,0.0,Store Visits field in export = 0.0
2026-07-27,2026-07,Google Ads,Store Visits / AON,OKC Display,,Display,0.0,0,0.0,0.0,0.0,Google reported conversions,0.0,0.0,Store Visits field in export = 0.0
2026-04-27,2026-05,Google Ads,Store Visits / AON,OKC Search,,Search,0.0,0,0.0,0.0,0.0,Google reported conversions,0.0,0.0,Store Visits field in export = 0.0
2026-05-04,2026-05,Google Ads,Store Visits / AON,OKC Search,,Search,0.0,0,0.0,0.0,0.0,Google reported conversions,0.0,0.0,Store Visits field in export = 0.0
2026-05-11,2026-05,Google Ads,Store Visits / AON,OKC Search,,Search,0.0,0,0.0,0.0,0.0,Google reported conversions,0.0,0.0,Store Visits field in export = 0.0
2026-05-18,2026-05,Google Ads,Store Visits / AON,OKC Search,,Search,0.0,0,0.0,0.0,0.0,Google reported conversions,0.0,0.0,Store Visits field in export = 0.0
2026-05-25,2026-05,Google Ads,Store Visits / AON,OKC Search,,Search,0.0,0,0.0,0.0,0.0,Google reported conversions,0.0,0.0,Store Visits field in export = 0.0
2026-06-01,2026-06,Google Ads,Store Visits / AON,OKC Search,,Search,0.0,0,0.0,0.0,0.0,Google reported conversions,0.0,0.0,Store Visits field in export = 0.0
2026-06-08,2026-06,Google Ads,Store Visits / AON,OKC Search,,Search,0.0,0,0.0,0.0,0.0,Google reported conversions,0.0,0.0,Store Visits field in export = 0.0
2026-06-15,2026-06,Google Ads,Store Visits / AON,OKC Search,,Search,0.0,0,0.0,0.0,0.0,Google reported conversions,0.0,0.0,Store Visits field in export = 0.0
2026-06-22,2026-06,Google Ads,Store Visits / AON,OKC Search,,Search,0.0,0,0.0,0.0,0.0,Google reported conversions,0.0,0.0,Store Visits field in export = 0.0
2026-06-29,2026-06,Google Ads,Store Visits / AON,OKC Search,,Search,0.0,0,0.0,0.0,0.0,Google reported conversions,0.0,0.0,Store Visits field in export = 0.0
2026-07-06,2026-07,Google Ads,Store Visits / AON,OKC Search,,Search,0.0,0,0.0,0.0,0.0,Google reported conversions,0.0,0.0,Store Visits field in export = 0.0
2026-07-13,2026-07,Google Ads,Store Visits / AON,OKC Search,,Search,0.0,0,0.0,0.0,0.0,Google reported conversions,0.0,0.0,Store Visits field in export = 0.0
2026-07-20,2026-07,Google Ads,Store Visits / AON,OKC Search,,Search,0.0,0,0.0,0.0,0.0,Google reported conversions,0.0,0.0,Store Visits field in export = 0.0
2026-07-27,2026-07,Google Ads,Store Visits / AON,OKC Search,,Search,0.0,0,0.0,0.0,0.0,Google reported conversions,0.0,0.0,Store Visits field in export = 0.0
2026-04-27,2026-05,Google Ads,Etc.,Keyword SMM OKC English,,Search,0.0,0,0.0,0.0,0.0,Google reported conversions,0.0,0.0,Store Visits field in export = 0.0
2026-05-04,2026-05,Google Ads,Etc.,Keyword SMM OKC English,,Search,0.0,0,0.0,0.0,0.0,Google reported conversions,0.0,0.0,Store Visits field in export = 0.0
2026-05-11,2026-05,Google Ads,Etc.,Keyword SMM OKC English,,Search,0.0,0,0.0,0.0,0.0,Google reported conversions,0.0,0.0,Store Visits field in export = 0.0
2026-05-18,2026-05,Google Ads,Etc.,Keyword SMM OKC English,,Search,0.0,0,0.0,0.0,0.0,Google reported conversions,0.0,0.0,Store Visits field in export = 0.0
2026-05-25,2026-05,Google Ads,Etc.,Keyword SMM OKC English,,Search,0.0,0,0.0,0.0,0.0,Google reported conversions,0.0,0.0,Store Visits field in export = 0.0
2026-06-01,2026-06,Google Ads,Etc.,Keyword SMM OKC English,,Search,0.0,0,0.0,0.0,0.0,Google reported conversions,0.0,0.0,Store Visits field in export = 0.0
2026-06-08,2026-06,Google Ads,Etc.,Keyword SMM OKC English,,Search,0.0,0,0.0,0.0,0.0,Google reported conversions,0.0,0.0,Store Visits field in export = 0.0
2026-06-15,2026-06,Google Ads,Etc.,Keyword SMM OKC English,,Search,0.0,0,0.0,0.0,0.0,Google reported conversions,0.0,0.0,Store Visits field in export = 0.0
2026-06-22,2026-06,Google Ads,Etc.,Keyword SMM OKC English,,Search,0.0,0,0.0,0.0,0.0,Google reported conversions,0.0,0.0,Store Visits field in export = 0.0
2026-06-29,2026-06,Google Ads,Etc.,Keyword SMM OKC English,,Search,0.0,0,0.0,0.0,0.0,Google reported conversions,0.0,0.0,Store Visits field in export = 0.0
2026-07-06,2026-07,Google Ads,Etc.,Keyword SMM OKC English,,Search,0.0,0,0.0,0.0,0.0,Google reported conversions,0.0,0.0,Store Visits field in export = 0.0
2026-07-13,2026-07,Google Ads,Etc.,Keyword SMM OKC English,,Search,0.0,0,0.0,0.0,0.0,Google reported conversions,0.0,0.0,Store Visits field in export = 0.0
2026-07-20,2026-07,Google Ads,Etc.,Keyword SMM OKC English,,Search,0.0,0,0.0,0.0,0.0,Google reported conversions,0.0,0.0,Store Visits field in export = 0.0
2026-07-27,2026-07,Google Ads,Etc.,Keyword SMM OKC English,,Search,0.0,0,0.0,0.0,0.0,Google reported conversions,0.0,0.0,Store Visits field in export = 0.0
2026-04-27,2026-05,Google Ads,Etc.,OKC YouTube,,Video,0.0,0,0.0,0.0,0.0,Google reported conversions,0.0,0.0,Store Visits field in export = 0.0
2026-05-04,2026-05,Google Ads,Etc.,OKC YouTube,,Video,0.0,0,0.0,0.0,0.0,Google reported conversions,0.0,0.0,Store Visits field in export = 0.0
2026-05-11,2026-05,Google Ads,Etc.,OKC YouTube,,Video,0.0,0,0.0,0.0,0.0,Google reported conversions,0.0,0.0,Store Visits field in export = 0.0
2026-05-18,2026-05,Google Ads,Etc.,OKC YouTube,,Video,0.0,0,0.0,0.0,0.0,Google reported conversions,0.0,0.0,Store Visits field in export = 0.0
2026-05-25,2026-05,Google Ads,Etc.,OKC YouTube,,Video,0.0,0,0.0,0.0,0.0,Google reported conversions,0.0,0.0,Store Visits field in export = 0.0
2026-06-01,2026-06,Google Ads,Etc.,OKC YouTube,,Video,0.0,0,0.0,0.0,0.0,Google reported conversions,0.0,0.0,Store Visits field in export = 0.0
2026-06-08,2026-06,Google Ads,Etc.,OKC YouTube,,Video,0.0,0,0.0,0.0,0.0,Google reported conversions,0.0,0.0,Store Visits field in export = 0.0
2026-06-15,2026-06,Google Ads,Etc.,OKC YouTube,,Video,0.0,0,0.0,0.0,0.0,Google reported conversions,0.0,0.0,Store Visits field in export = 0.0
2026-06-22,2026-06,Google Ads,Etc.,OKC YouTube,,Video,0.0,0,0.0,0.0,0.0,Google reported conversions,0.0,0.0,Store Visits field in export = 0.0
2026-06-29,2026-06,Google Ads,Etc.,OKC YouTube,,Video,0.0,0,0.0,0.0,0.0,Google reported conversions,0.0,0.0,Store Visits field in export = 0.0
2026-07-06,2026-07,Google Ads,Etc.,OKC YouTube,,Video,0.0,0,0.0,0.0,0.0,Google reported conversions,0.0,0.0,Store Visits field in export = 0.0
2026-07-13,2026-07,Google Ads,Etc.,OKC YouTube,,Video,0.0,0,0.0,0.0,0.0,Google reported conversions,0.0,0.0,Store Visits field in export = 0.0
2026-07-20,2026-07,Google Ads,Etc.,OKC YouTube,,Video,0.0,0,0.0,0.0,0.0,Google reported conversions,0.0,0.0,Store Visits field in export = 0.0
2026-07-27,2026-07,Google Ads,Etc.,OKC YouTube,,Video,0.0,0,0.0,0.0,0.0,Google reported conversions,0.0,0.0,Store Visits field in export = 0.0
2026-04-27,2026-05,Google Ads,Store Visits / AON,Supermercados Morelos,,Smart,0.0,0,0.0,0.0,0.0,Google reported conversions,0.0,0.0,Store Visits field in export = 0.0
2026-05-04,2026-05,Google Ads,Store Visits / AON,Supermercados Morelos,,Smart,0.0,0,0.0,0.0,0.0,Google reported conversions,0.0,0.0,Store Visits field in export = 0.0
2026-05-11,2026-05,Google Ads,Store Visits / AON,Supermercados Morelos,,Smart,0.0,0,0.0,0.0,0.0,Google reported conversions,0.0,0.0,Store Visits field in export = 0.0
2026-05-18,2026-05,Google Ads,Store Visits / AON,Supermercados Morelos,,Smart,0.0,0,0.0,0.0,0.0,Google reported conversions,0.0,0.0,Store Visits field in export = 0.0
2026-05-25,2026-05,Google Ads,Store Visits / AON,Supermercados Morelos,,Smart,0.0,0,0.0,0.0,0.0,Google reported conversions,0.0,0.0,Store Visits field in export = 0.0
2026-06-01,2026-06,Google Ads,Store Visits / AON,Supermercados Morelos,,Smart,0.0,0,0.0,0.0,0.0,Google reported conversions,0.0,0.0,Store Visits field in export = 0.0
2026-06-08,2026-06,Google Ads,Store Visits / AON,Supermercados Morelos,,Smart,0.0,0,0.0,0.0,0.0,Google reported conversions,0.0,0.0,Store Visits field in export = 0.0
2026-06-15,2026-06,Google Ads,Store Visits / AON,Supermercados Morelos,,Smart,0.0,0,0.0,0.0,0.0,Google reported conversions,0.0,0.0,Store Visits field in export = 0.0
2026-06-22,2026-06,Google Ads,Store Visits / AON,Supermercados Morelos,,Smart,0.0,0,0.0,0.0,0.0,Google reported conversions,0.0,0.0,Store Visits field in export = 0.0
2026-06-29,2026-06,Google Ads,Store Visits / AON,Supermercados Morelos,,Smart,0.0,0,0.0,0.0,0.0,Google reported conversions,0.0,0.0,Store Visits field in export = 0.0
2026-07-06,2026-07,Google Ads,Store Visits / AON,Supermercados Morelos,,Smart,0.0,0,0.0,0.0,0.0,Google reported conversions,0.0,0.0,Store Visits field in export = 0.0
2026-07-13,2026-07,Google Ads,Store Visits / AON,Supermercados Morelos,,Smart,0.0,0,0.0,0.0,0.0,Google reported conversions,0.0,0.0,Store Visits field in export = 0.0
2026-07-20,2026-07,Google Ads,Store Visits / AON,Supermercados Morelos,,Smart,0.0,0,0.0,0.0,0.0,Google reported conversions,0.0,0.0,Store Visits field in export = 0.0
2026-07-27,2026-07,Google Ads,Store Visits / AON,Supermercados Morelos,,Smart,0.0,0,0.0,0.0,0.0,Google reported conversions,0.0,0.0,Store Visits field in export = 0.0
2026-04-27,2026-05,Google Ads,Etc.,OKC General Market,,Video,0.0,0,0.0,0.0,0.0,Google reported conversions,0.0,0.0,Store Visits field in export = 0.0
2026-05-04,2026-05,Google Ads,Etc.,OKC General Market,,Video,0.0,0,0.0,0.0,0.0,Google reported conversions,0.0,0.0,Store Visits field in export = 0.0
2026-05-11,2026-05,Google Ads,Etc.,OKC General Market,,Video,0.0,0,0.0,0.0,0.0,Google reported conversions,0.0,0.0,Store Visits field in export = 0.0
2026-05-18,2026-05,Google Ads,Etc.,OKC General Market,,Video,0.0,0,0.0,0.0,0.0,Google reported conversions,0.0,0.0,Store Visits field in export = 0.0
2026-05-25,2026-05,Google Ads,Etc.,OKC General Market,,Video,0.0,0,0.0,0.0,0.0,Google reported conversions,0.0,0.0,Store Visits field in export = 0.0
2026-06-01,2026-06,Google Ads,Etc.,OKC General Market,,Video,0.0,0,0.0,0.0,0.0,Google reported conversions,0.0,0.0,Store Visits field in export = 0.0
2026-06-08,2026-06,Google Ads,Etc.,OKC General Market,,Video,0.0,0,0.0,0.0,0.0,Google reported conversions,0.0,0.0,Store Visits field in export = 0.0
2026-06-15,2026-06,Google Ads,Etc.,OKC General Market,,Video,0.0,0,0.0,0.0,0.0,Google reported conversions,0.0,0.0,Store Visits field in export = 0.0
2026-06-22,2026-06,Google Ads,Etc.,OKC General Market,,Video,0.0,0,0.0,0.0,0.0,Google reported conversions,0.0,0.0,Store Visits field in export = 0.0
2026-06-29,2026-06,Google Ads,Etc.,OKC General Market,,Video,0.0,0,0.0,0.0,0.0,Google reported conversions,0.0,0.0,Store Visits field in export = 0.0
2026-07-06,2026-07,Google Ads,Etc.,OKC General Market,,Video,0.0,0,0.0,0.0,0.0,Google reported conversions,0.0,0.0,Store Visits field in export = 0.0
2026-07-13,2026-07,Google Ads,Etc.,OKC General Market,,Video,0.0,0,0.0,0.0,0.0,Google reported conversions,0.0,0.0,Store Visits field in export = 0.0
2026-07-20,2026-07,Google Ads,Etc.,OKC General Market,,Video,0.0,0,0.0,0.0,0.0,Google reported conversions,0.0,0.0,Store Visits field in export = 0.0
2026-07-27,2026-07,Google Ads,Etc.,OKC General Market,,Video,0.0,0,0.0,0.0,0.0,Google reported conversions,0.0,0.0,Store Visits field in export = 0.0
2026-07-31,2026-07,Meta Ads,Taco Tuesday,WDM | 2026-06 | Engagement | Boost Posts All,Taco Tuesday - 16 junio 2026,No reported result,0.0,0,0.0,0.0,0.0,No reported result,0.0,0.0,Meta reach is non-deduplicated when summed across ads/weeks
2026-07-31,2026-07,Meta Ads,Mundial,WDM | 2026-06 | Engagement | Boost Posts All,IG | Boost | Balon | 06-16-2026 | Mundial,No reported result,0.0,0,0.0,0.0,0.0,No reported result,0.0,0.0,Meta reach is non-deduplicated when summed across ads/weeks
2026-07-31,2026-07,Meta Ads,Productos / Boost Post,WDM | 2026-07 | Conversions | Pollos/Carnitas/Chicharron,Estático | Asados,actions:offsite_conversion.custom.1519505700189452,277.93,24565,23067.0,253.0,61.0,actions:offsite_conversion.custom.1519505700189452,0.0,61.0,Meta reach is non-deduplicated when summed across ads/weeks
2026-07-31,2026-07,Meta Ads,Productos / Boost Post,WDM | 2026 AON 1 | Engagement | Boost Posts All,IG | Boost | Carne | ASMR,No reported result,0.0,0,0.0,0.0,0.0,No reported result,0.0,0.0,Meta reach is non-deduplicated when summed across ads/weeks
2026-07-31,2026-07,Meta Ads,Taco Tuesday,WDM | 2026-06 | Engagement | Boost Posts All,IG - Taco Tuesday - 16 junio,No reported result,0.0,0,0.0,0.0,0.0,No reported result,0.0,0.0,Meta reach is non-deduplicated when summed across ads/weeks
2026-07-31,2026-07,Meta Ads,Mundial,WDM | 2026-06 | Engagement | Boost Posts All,IG | Boost | Colombia | 06-23-2026 | Mundial,No reported result,0.0,0,0.0,0.0,0.0,No reported result,0.0,0.0,Meta reach is non-deduplicated when summed across ads/weeks
2026-07-31,2026-07,Meta Ads,Productos / Boost Post,WDM | 2026-07 | Conversions | Parrillada/Carne Asada,Estático | Parrillada,actions:offsite_conversion.custom.1519505700189452,273.13,25188,24143.0,265.0,57.0,actions:offsite_conversion.custom.1519505700189452,0.0,57.0,Meta reach is non-deduplicated when summed across ads/weeks
2026-07-31,2026-07,Meta Ads,Productos / Boost Post,WDM | 2026 AON 1 | Engagement | Boost Posts All,FB | Boost | Carne | ASMR,No reported result,0.0,0,0.0,0.0,0.0,No reported result,0.0,0.0,Meta reach is non-deduplicated when summed across ads/weeks
2026-07-31,2026-07,Meta Ads,Mundial,WDM | 2026-06 | Engagement | Boost Posts All,FB Post - ¿Vienes al súper? | Mundial | Futbolito,No reported result,0.0,0,0.0,0.0,0.0,No reported result,0.0,0.0,Meta reach is non-deduplicated when summed across ads/weeks
2026-07-31,2026-07,Meta Ads,Mundial,WDM | 2026-06 | Engagement | Boost Posts All,IG | Boost | Sellos | 06-23-2026 | Mundial,No reported result,0.0,0,0.0,0.0,0.0,No reported result,0.0,0.0,Meta reach is non-deduplicated when summed across ads/weeks
2026-07-31,2026-07,Meta Ads,Ofertón,WDM | 2026-07 | Traffic | Oferton 30 Jul - 12 Ago,CAROUSEL | Oferton | 30 Jul - 12 Ago,actions:link_click,42.49,6840,5473.0,149.0,149.0,actions:link_click,0.0,0.0,Meta reach is non-deduplicated when summed across ads/weeks
2026-07-31,2026-07,Meta Ads,Productos / Boost Post,WDM | 2026-06 | Engagement | Boost Posts All,FB Post - ¿Vienes al súper?,No reported result,0.0,0,0.0,0.0,0.0,No reported result,0.0,0.0,Meta reach is non-deduplicated when summed across ads/weeks
2026-07-31,2026-07,Meta Ads,Mundial,WDM | 2026-06 | Engagement | Boost Posts All,IG Post - ¿Vienes al súper? - Mundial | Futbolito,No reported result,0.0,0,0.0,0.0,0.0,No reported result,0.0,0.0,Meta reach is non-deduplicated when summed across ads/weeks
2026-07-31,2026-07,Meta Ads,Mundial,WDM | 2026-06 | Awareness | Sellos y Mundial,IMG n Video | Pasaporte Redimir | Participa Sellos,reach,0.0,0,0.0,0.0,0.0,reach,0.0,0.0,Meta reach is non-deduplicated when summed across ads/weeks
2026-07-31,2026-07,Meta Ads,Ofertón,WDM | 2026-07 | Traffic | Oferton 30 Jul - 12 Ago,CAROUSEL | Oferton | 30 Jul - 12 Ago,actions:link_click,32.61,4942,4440.0,114.0,114.0,actions:link_click,0.0,0.0,Meta reach is non-deduplicated when summed across ads/weeks
2026-07-31,2026-07,Meta Ads,Productos / Boost Post,WDM | 2026-06 | Engagement | Boost Posts All,FB Post - ¿Vienes al súper?,No reported result,0.0,0,0.0,0.0,0.0,No reported result,0.0,0.0,Meta reach is non-deduplicated when summed across ads/weeks
2026-07-31,2026-07,Meta Ads,Mundial,WDM | 2026-06 | Engagement | Boost Posts All,IG Post - ¿Vienes al súper? | Mundial | Futbolito,No reported result,0.0,0,0.0,0.0,0.0,No reported result,0.0,0.0,Meta reach is non-deduplicated when summed across ads/weeks
2026-07-31,2026-07,Meta Ads,Taco Tuesday,WDM | 2026-06 | Awareness | Taco Tuesday 5x5,IMG Cuadrada | Morelita Tacos 5x5 | Mejor Trato,reach,0.0,0,0.0,0.0,0.0,reach,0.0,0.0,Meta reach is non-deduplicated when summed across ads/weeks
2026-07-31,2026-07,Meta Ads,Store Visits / AON,WDM | 2026-07 | Awareness | AON Store Visits,Carousel | AON Store Visits | Benefits Cerca,reach,1418.43,197375,184398.0,513.0,184398.0,reach,0.0,0.0,Meta reach is non-deduplicated when summed across ads/weeks
2026-07-31,2026-07,Meta Ads,Productos / Boost Post,WDM | 2026-06 | Engagement | Boost Posts All,IG Post - ¿Vienes al súper?,No reported result,0.0,0,0.0,0.0,0.0,No reported result,0.0,0.0,Meta reach is non-deduplicated when summed across ads/weeks
2026-07-31,2026-07,Meta Ads,Mundial,WDM | 2026-06 | Engagement | Boost Posts All,FB Post - ¿Vienes al súper? | Mundial | Futbolito,No reported result,0.0,0,0.0,0.0,0.0,No reported result,0.0,0.0,Meta reach is non-deduplicated when summed across ads/weeks
2026-07-31,2026-07,Meta Ads,Taco Tuesday,WDM | 2026-06 | Engagement | Boost Posts All,IG - Taco Tuesday - 16 junio - Copy,No reported result,0.0,0,0.0,0.0,0.0,No reported result,0.0,0.0,Meta reach is non-deduplicated when summed across ads/weeks
2026-07-31,2026-07,Meta Ads,Productos / Boost Post,WDM | 2026 AON 2 | Engagement | Boost Posts All,IG | Boost | Pina Colada | 07-2026 | Productos & Boost - Copy,No reported result,0.0,0,0.0,0.0,0.0,No reported result,0.0,0.0,Meta reach is non-deduplicated when summed across ads/weeks
2026-07-31,2026-07,Meta Ads,Productos / Boost Post,WDM | 2026-06 | Engagement | Boost Posts All,FB Post - ¿Vienes al súper?,No reported result,0.0,0,0.0,0.0,0.0,No reported result,0.0,0.0,Meta reach is non-deduplicated when summed across ads/weeks
2026-07-31,2026-07,Meta Ads,Productos / Boost Post,SENSIS | 2026-05 | Awareness | Carnitas Pack,IG/FB CARNITAS PACK,reach,0.0,0,0.0,0.0,0.0,reach,0.0,0.0,Meta reach is non-deduplicated when summed across ads/weeks
2026-07-31,2026-07,Meta Ads,Taco Tuesday,WDM | 2026-06 | Engagement | Boost Posts All,IG - Taco Tuesday - 16 junio - Copy,No reported result,0.0,0,0.0,0.0,0.0,No reported result,0.0,0.0,Meta reach is non-deduplicated when summed across ads/weeks
2026-07-31,2026-07,Meta Ads,Productos / Boost Post,WDM | 2026 AON 2 | Engagement | Boost Posts All,IG | Boost | Fried Chicken Ice Cream | 07-2026 | Productos & Boost,No reported result,0.0,0,0.0,0.0,0.0,No reported result,0.0,0.0,Meta reach is non-deduplicated when summed across ads/weeks
2026-07-31,2026-07,Meta Ads,Productos / Boost Post,WDM | 2026-06 | Engagement | Boost Posts All,IG Post - ¿Vienes al súper?,No reported result,0.0,0,0.0,0.0,0.0,No reported result,0.0,0.0,Meta reach is non-deduplicated when summed across ads/weeks
2026-07-31,2026-07,Meta Ads,Mundial,SENSIS | 2026-04 | Engagement | Teaser Muy Pronto | Mundial,"Publicación: ""¡Muy pronto!""",No reported result,0.0,0,0.0,0.0,0.0,No reported result,0.0,0.0,Meta reach is non-deduplicated when summed across ads/weeks
2026-07-31,2026-07,Meta Ads,Taco Tuesday,WDM | 2026-06 | Engagement | Boost Posts All,IG - Taco Tuesday - 16 junio - Copy,No reported result,0.0,0,0.0,0.0,0.0,No reported result,0.0,0.0,Meta reach is non-deduplicated when summed across ads/weeks
2026-07-31,2026-07,Meta Ads,Productos / Boost Post,WDM | 2026-07 | Conversions | Ice Cream | Products,CAROUSEL | Ice Cream | Summer Fruits,actions:offsite_conversion.custom.1519505700189452,44.78,5671,4503.0,128.0,62.0,actions:offsite_conversion.custom.1519505700189452,0.0,62.0,Meta reach is non-deduplicated when summed across ads/weeks
2026-07-31,2026-07,Meta Ads,Productos / Boost Post,WDM | 2026-06 | Engagement | Boost Posts All,FB Post - ¿Vienes al súper?,No reported result,0.0,0,0.0,0.0,0.0,No reported result,0.0,0.0,Meta reach is non-deduplicated when summed across ads/weeks
2026-07-31,2026-07,Meta Ads,Temporadas / Comunidad,SENSIS | 2026-05 | Awareness | Memorial Day,IG/FB MEMORIAL DAY,reach,0.0,0,0.0,0.0,0.0,reach,0.0,0.0,Meta reach is non-deduplicated when summed across ads/weeks
2026-07-31,2026-07,Meta Ads,Taco Tuesday,WDM | 2026-06 | Engagement | Boost Posts All,IG - Taco Tuesday - 16 junio - Copy,No reported result,0.0,0,0.0,0.0,0.0,No reported result,0.0,0.0,Meta reach is non-deduplicated when summed across ads/weeks
2026-07-31,2026-07,Meta Ads,Productos / Boost Post,WDM | 2026-07 | Conversions | Ice Cream | Products,VIDEO | Ice Cream | Summer Chicken - UGC,actions:offsite_conversion.custom.1519505700189452,24.82,2296,2034.0,87.0,32.0,actions:offsite_conversion.custom.1519505700189452,0.0,32.0,Meta reach is non-deduplicated when summed across ads/weeks
2026-07-31,2026-07,Meta Ads,Productos / Boost Post,WDM | 2026-06 | Engagement | Boost Posts All,IG Post - ¿Vienes al súper?,No reported result,0.0,0,0.0,0.0,0.0,No reported result,0.0,0.0,Meta reach is non-deduplicated when summed across ads/weeks
2026-07-31,2026-07,Meta Ads,Productos / Boost Post,SENSIS | 2026-06 | Awareness | El Calor - Agua Fresca,IG/FB EL CALOR - AGUA FRESCA,reach,0.0,0,0.0,0.0,0.0,reach,0.0,0.0,Meta reach is non-deduplicated when summed across ads/weeks
2026-07-31,2026-07,Meta Ads,Taco Tuesday,WDM | 2026-06 | Engagement | Boost Posts All,IG - Taco Tuesday - 16 junio - Copy,No reported result,0.0,0,0.0,0.0,0.0,No reported result,0.0,0.0,Meta reach is non-deduplicated when summed across ads/weeks
2026-07-31,2026-07,Meta Ads,Ofertón,WDM | 2026-07 | Awareness | Oferton 16 Jul - 29 July,CAROUSEL | Oferton | 16 Jul - 29 Jul,No reported result,0.0,0,0.0,0.0,0.0,No reported result,0.0,0.0,Meta reach is non-deduplicated when summed across ads/weeks
2026-07-31,2026-07,Meta Ads,Productos / Boost Post,WDM | 2026-06 | Engagement | Boost Posts All,FB Post - ¿Vienes al súper?,No reported result,0.0,0,0.0,0.0,0.0,No reported result,0.0,0.0,Meta reach is non-deduplicated when summed across ads/weeks
2026-07-31,2026-07,Meta Ads,Productos / Boost Post,SENSIS | 2026-05 | Awareness | Dia de las Madres - Donas,IG/FB DIA DE LAS MADRES - DONAS,reach,0.0,0,0.0,0.0,0.0,reach,0.0,0.0,Meta reach is non-deduplicated when summed across ads/weeks
2026-07-31,2026-07,Meta Ads,Taco Tuesday,WDM | 2026-06 | Engagement | Boost Posts All,IG - Taco Tuesday - 16 junio - Copy,No reported result,0.0,0,0.0,0.0,0.0,No reported result,0.0,0.0,Meta reach is non-deduplicated when summed across ads/weeks
2026-07-31,2026-07,Meta Ads,Productos / Boost Post,WDM | 2026-07 | Conversions | Ice Cream | Products,IMG | Ice Cream | Summer Chicken,No reported result,0.0,0,0.0,0.0,0.0,No reported result,0.0,0.0,Meta reach is non-deduplicated when summed across ads/weeks
2026-07-31,2026-07,Meta Ads,Productos / Boost Post,WDM | 2026-06 | Engagement | Boost Posts All,IG Post - ¿Vienes al súper?,No reported result,0.0,0,0.0,0.0,0.0,No reported result,0.0,0.0,Meta reach is non-deduplicated when summed across ads/weeks
2026-07-31,2026-07,Meta Ads,Taco Tuesday,SENSIS | 2026-05 | Awareness | Taco Tuesday Promo 5x5,IG/FB TACO TUESDAY PROMO 5X5,reach,0.0,0,0.0,0.0,0.0,reach,0.0,0.0,Meta reach is non-deduplicated when summed across ads/weeks
2026-07-31,2026-07,Meta Ads,Taco Tuesday,WDM | 2026-06 | Engagement | Boost Posts All,IG - Taco Tuesday - 16 junio - Copy,No reported result,0.0,0,0.0,0.0,0.0,No reported result,0.0,0.0,Meta reach is non-deduplicated when summed across ads/weeks
2026-07-31,2026-07,Meta Ads,Productos / Boost Post,WDM | 2026 AON 1 | Engagement | Boost Posts All,IG | Boost | Cafe | Gatos,No reported result,0.0,0,0.0,0.0,0.0,No reported result,0.0,0.0,Meta reach is non-deduplicated when summed across ads/weeks
2026-07-31,2026-07,Meta Ads,Productos / Boost Post,WDM | 2026-06 | Engagement | Boost Posts All,FB Post - ¿Vienes al súper?,No reported result,0.0,0,0.0,0.0,0.0,No reported result,0.0,0.0,Meta reach is non-deduplicated when summed across ads/weeks
2026-07-31,2026-07,Meta Ads,Marinados,SENSIS | 2026-03 | Awareness | Evergreen Campaign | Marinados y Cuaresma,Momentos Juntos single image,reach,0.0,0,0.0,0.0,0.0,reach,0.0,0.0,Meta reach is non-deduplicated when summed across ads/weeks
2026-07-31,2026-07,Meta Ads,Taco Tuesday,WDM | 2026-06 | Engagement | Boost Posts All,IG - Taco Tuesday - 16 junio - Copy,No reported result,0.0,0,0.0,0.0,0.0,No reported result,0.0,0.0,Meta reach is non-deduplicated when summed across ads/weeks
2026-07-31,2026-07,Meta Ads,Productos / Boost Post,WDM | 2026 AON 1 | Engagement | Boost Posts All,FB | Boost | Cafe | Gatos,No reported result,0.0,0,0.0,0.0,0.0,No reported result,0.0,0.0,Meta reach is non-deduplicated when summed across ads/weeks
2026-07-31,2026-07,Meta Ads,Productos / Boost Post,WDM | 2026-06 | Engagement | Boost Posts All,IG Post - ¿Vienes al súper?,No reported result,0.0,0,0.0,0.0,0.0,No reported result,0.0,0.0,Meta reach is non-deduplicated when summed across ads/weeks
2026-07-31,2026-07,Meta Ads,Marinados,SENSIS | 2026-03 | Awareness | Evergreen Campaign | Marinados y Cuaresma,Momentos Juntos carousel,reach,0.0,0,0.0,0.0,0.0,reach,0.0,0.0,Meta reach is non-deduplicated when summed across ads/weeks
2026-07-31,2026-07,Meta Ads,Taco Tuesday,WDM | 2026-06 | Engagement | Boost Posts All,IG - Taco Tuesday - 16 junio - Copy,No reported result,0.0,0,0.0,0.0,0.0,No reported result,0.0,0.0,Meta reach is non-deduplicated when summed across ads/weeks
2026-07-31,2026-07,Meta Ads,Mundial,WDM | 2026 AON 1 | Engagement | Boost Posts All,FB | Boost | Mundial | Sellos,No reported result,0.0,0,0.0,0.0,0.0,No reported result,0.0,0.0,Meta reach is non-deduplicated when summed across ads/weeks
2026-07-31,2026-07,Meta Ads,Productos / Boost Post,WDM | 2026-06 | Engagement | Boost Posts All,FB Post - ¿Vienes al súper?,No reported result,0.0,0,0.0,0.0,0.0,No reported result,0.0,0.0,Meta reach is non-deduplicated when summed across ads/weeks
2026-07-31,2026-07,Meta Ads,Temporadas / Comunidad,SENSIS | 2026-05 | Awareness | Dia de las Madres,IG/FB DIA DE LAS MADRES,reach,0.0,0,0.0,0.0,0.0,reach,0.0,0.0,Meta reach is non-deduplicated when summed across ads/weeks
2026-07-31,2026-07,Meta Ads,Taco Tuesday,WDM | 2026-06 | Engagement | Boost Posts All,IG - Taco Tuesday - 16 junio - Copy,No reported result,0.0,0,0.0,0.0,0.0,No reported result,0.0,0.0,Meta reach is non-deduplicated when summed across ads/weeks
2026-07-31,2026-07,Meta Ads,Mundial,WDM | 2026 AON 1 | Engagement | Boost Posts All,IG | Boost | Mundial | Sellos,No reported result,0.0,0,0.0,0.0,0.0,No reported result,0.0,0.0,Meta reach is non-deduplicated when summed across ads/weeks
2026-07-31,2026-07,Meta Ads,Productos / Boost Post,WDM | 2026-06 | Engagement | Boost Posts All,IG Post - ¿Vienes al súper?,No reported result,0.0,0,0.0,0.0,0.0,No reported result,0.0,0.0,Meta reach is non-deduplicated when summed across ads/weeks
2026-07-31,2026-07,Meta Ads,Productos / Boost Post,SENSIS | 2026-05 | Awareness | Chicharron,IG/FB CHICHARRON - MAY,reach,0.0,0,0.0,0.0,0.0,reach,0.0,0.0,Meta reach is non-deduplicated when summed across ads/weeks
2026-07-31,2026-07,Meta Ads,Taco Tuesday,WDM | 2026-06 | Engagement | Boost Posts All,Taco Tuesday - 16 junio 2026 - Copy,No reported result,0.0,0,0.0,0.0,0.0,No reported result,0.0,0.0,Meta reach is non-deduplicated when summed across ads/weeks
2026-07-31,2026-07,Meta Ads,Ofertón,WDM | 2026-07 | Awareness | Oferton 2 Jul - 15 July,CAROUSEL | Oferton | 2 Jul - 15 Jul,No reported result,0.0,0,0.0,0.0,0.0,No reported result,0.0,0.0,Meta reach is non-deduplicated when summed across ads/weeks
2026-07-31,2026-07,Meta Ads,Productos / Boost Post,WDM | 2026-06 | Engagement | Boost Posts All,FB Post - ¿Vienes al súper?,No reported result,0.0,0,0.0,0.0,0.0,No reported result,0.0,0.0,Meta reach is non-deduplicated when summed across ads/weeks
2026-07-31,2026-07,Meta Ads,Productos / Boost Post,SENSIS | 2026-05 | Awareness | Pollo Asado Horneado,IG/FB POLLO ASADO HORNEADO,reach,0.0,0,0.0,0.0,0.0,reach,0.0,0.0,Meta reach is non-deduplicated when summed across ads/weeks
2026-07-31,2026-07,Meta Ads,Taco Tuesday,WDM | 2026-06 | Engagement | Boost Posts All,Taco Tuesday - 16 junio 2026 - Copy,No reported result,0.0,0,0.0,0.0,0.0,No reported result,0.0,0.0,Meta reach is non-deduplicated when summed across ads/weeks
2026-07-31,2026-07,Meta Ads,Taco Tuesday,WDM | 2026-07 | Awareness | Taco Tuesday 5x5 - July,IMG Cuadrada | Morelita Tacos 5x5 | Mejor Trato,reach,0.0,0,0.0,0.0,0.0,reach,0.0,0.0,Meta reach is non-deduplicated when summed across ads/weeks
2026-07-31,2026-07,Meta Ads,Productos / Boost Post,WDM | 2026-06 | Engagement | Boost Posts All,IG Post - ¿Vienes al súper?,No reported result,0.0,0,0.0,0.0,0.0,No reported result,0.0,0.0,Meta reach is non-deduplicated when summed across ads/weeks
2026-07-31,2026-07,Meta Ads,Productos / Boost Post,SENSIS | 2026-05 | Awareness | Chicharron y Aguas Frescas,IG/FB CHICHARRON & AGUAS FRESCAS,reach,0.0,0,0.0,0.0,0.0,reach,0.0,0.0,Meta reach is non-deduplicated when summed across ads/weeks
2026-07-31,2026-07,Meta Ads,Taco Tuesday,WDM | 2026-06 | Engagement | Boost Posts All,Taco Tuesday - 16 junio 2026 - Copy,No reported result,0.0,0,0.0,0.0,0.0,No reported result,0.0,0.0,Meta reach is non-deduplicated when summed across ads/weeks
2026-07-31,2026-07,Meta Ads,Ofertón,WDM | 2026-06 | Awareness | Oferton 18 Jun - 1 Jul,CAROUSEL | Oferton | 18 Jun - 1 Jul,No reported result,0.0,0,0.0,0.0,0.0,No reported result,0.0,0.0,Meta reach is non-deduplicated when summed across ads/weeks
2026-07-31,2026-07,Meta Ads,Productos / Boost Post,WDM | 2026-06 | Engagement | Boost Posts All,FB Post - ¿Vienes al súper?,No reported result,0.0,0,0.0,0.0,0.0,No reported result,0.0,0.0,Meta reach is non-deduplicated when summed across ads/weeks
2026-07-31,2026-07,Meta Ads,Productos / Boost Post,SENSIS | 2026-05 | Awareness | Vitrolito Aguas Frescas,IG/FB VITROLITO AGUAS FRESCAS,reach,0.0,0,0.0,0.0,0.0,reach,0.0,0.0,Meta reach is non-deduplicated when summed across ads/weeks
2026-07-31,2026-07,Meta Ads,Taco Tuesday,WDM | 2026-06 | Engagement | Boost Posts All,Taco Tuesday - 16 junio 2026 - Copy,No reported result,0.0,0,0.0,0.0,0.0,No reported result,0.0,0.0,Meta reach is non-deduplicated when summed across ads/weeks
2026-07-31,2026-07,Meta Ads,Marinados,WDM | 2026-06 | Awareness | Marinados,IMG | Marinados | Res Pollo y Cerdo,reach,0.0,0,0.0,0.0,0.0,reach,0.0,0.0,Meta reach is non-deduplicated when summed across ads/weeks
2026-07-31,2026-07,Meta Ads,Marinados,SENSIS | 2026-03 | Awareness | Evergreen Campaign | Marinados y Cuaresma,Marinados single image,reach,0.0,0,0.0,0.0,0.0,reach,0.0,0.0,Meta reach is non-deduplicated when summed across ads/weeks
2026-07-31,2026-07,Meta Ads,Temporadas / Comunidad,SENSIS | 2026-04 | Awareness | Dia del Nino Morelos,IG/FB DIA DEL NINO EN MORELOS,reach,0.0,0,0.0,0.0,0.0,reach,0.0,0.0,Meta reach is non-deduplicated when summed across ads/weeks
2026-07-31,2026-07,Meta Ads,Taco Tuesday,WDM | 2026-06 | Engagement | Boost Posts All,Taco Tuesday - 16 junio 2026 - Copy,No reported result,0.0,0,0.0,0.0,0.0,No reported result,0.0,0.0,Meta reach is non-deduplicated when summed across ads/weeks
2026-07-31,2026-07,Meta Ads,Mundial,WDM | 2026-06 | Awareness | Sellos y Mundial,IMG n Video | Pasaporte | Obtén Pasaporte | Mundial,reach,0.0,0,0.0,0.0,0.0,reach,0.0,0.0,Meta reach is non-deduplicated when summed across ads/weeks
2026-07-31,2026-07,Meta Ads,Marinados,SENSIS | 2026-03 | Awareness | Evergreen Campaign | Marinados y Cuaresma,Marinados carousel,reach,0.0,0,0.0,0.0,0.0,reach,0.0,0.0,Meta reach is non-deduplicated when summed across ads/weeks
2026-07-31,2026-07,Meta Ads,Taco Tuesday,SENSIS | 2026-05 | Awareness | Taco Tuesday,IG/FB TACO TUESDAY,reach,0.0,0,0.0,0.0,0.0,reach,0.0,0.0,Meta reach is non-deduplicated when summed across ads/weeks
2026-07-31,2026-07,Meta Ads,Taco Tuesday,WDM | 2026-06 | Engagement | Boost Posts All,Taco Tuesday - 16 junio 2026 - Copy,No reported result,0.0,0,0.0,0.0,0.0,No reported result,0.0,0.0,Meta reach is non-deduplicated when summed across ads/weeks
2026-07-31,2026-07,Meta Ads,Mundial,WDM | 2026-06 | Awareness | Sellos y Mundial,IMG n Video | Mundial | Carousel Quien Juega,reach,0.0,0,0.0,0.0,0.0,reach,0.0,0.0,Meta reach is non-deduplicated when summed across ads/weeks
2026-07-31,2026-07,Meta Ads,Marinados,SENSIS | 2026-03 | Awareness | Evergreen Campaign | Marinados y Cuaresma,Momentos Juntos carousel,reach,0.0,0,0.0,0.0,0.0,reach,0.0,0.0,Meta reach is non-deduplicated when summed across ads/weeks
2026-07-31,2026-07,Meta Ads,Taco Tuesday,WDM | 2026-06 | Engagement | Boost Posts All,Taco Tuesday - 16 junio 2026 - Copy,No reported result,0.0,0,0.0,0.0,0.0,No reported result,0.0,0.0,Meta reach is non-deduplicated when summed across ads/weeks
2026-07-31,2026-07,Meta Ads,Productos / Boost Post,WDM | 2026-06 | Traffic | IG Followers,IMG | Morelita Chicharron | IG Follow,No reported result,0.0,0,0.0,0.0,0.0,No reported result,0.0,0.0,Meta reach is non-deduplicated when summed across ads/weeks
2026-07-31,2026-07,Meta Ads,Marinados,SENSIS | 2026-03 | Awareness | Evergreen Campaign | Marinados y Cuaresma,Momentos Juntos single image,reach,0.0,0,0.0,0.0,0.0,reach,0.0,0.0,Meta reach is non-deduplicated when summed across ads/weeks
2026-07-31,2026-07,Meta Ads,Taco Tuesday,WDM | 2026-06 | Engagement | Boost Posts All,Taco Tuesday - 16 junio 2026 - Copy,No reported result,0.0,0,0.0,0.0,0.0,No reported result,0.0,0.0,Meta reach is non-deduplicated when summed across ads/weeks
2026-07-31,2026-07,Meta Ads,Mundial,WDM | 2026-06 | Engagement | Boost Posts All,IG | Boost | Hay Partidos | 06-05-2026 | Mundial,No reported result,0.0,0,0.0,0.0,0.0,No reported result,0.0,0.0,Meta reach is non-deduplicated when summed across ads/weeks
2026-07-31,2026-07,Meta Ads,Marinados,SENSIS | 2026-03 | Awareness | Evergreen Campaign | Marinados y Cuaresma,Cuaresma single image,reach,0.0,0,0.0,0.0,0.0,reach,0.0,0.0,Meta reach is non-deduplicated when summed across ads/weeks
2026-07-31,2026-07,Meta Ads,Taco Tuesday,WDM | 2026-06 | Engagement | Boost Posts All,Taco Tuesday - 16 junio 2026 - Copy,No reported result,0.0,0,0.0,0.0,0.0,No reported result,0.0,0.0,Meta reach is non-deduplicated when summed across ads/weeks
2026-07-31,2026-07,Meta Ads,Productos / Boost Post,WDM | 2026-06 | Engagement | Boost Posts All,IG | Boost | Nosotros Preguntamos | 06-04-2026,No reported result,0.0,0,0.0,0.0,0.0,No reported result,0.0,0.0,Meta reach is non-deduplicated when summed across ads/weeks
2026-07-31,2026-07,Meta Ads,Marinados,SENSIS | 2026-03 | Awareness | Evergreen Campaign | Marinados y Cuaresma,Cuaresma carousel,reach,0.0,0,0.0,0.0,0.0,reach,0.0,0.0,Meta reach is non-deduplicated when summed across ads/weeks
2026-07-31,2026-07,Meta Ads,Taco Tuesday,WDM | 2026-06 | Engagement | Boost Posts All,Taco Tuesday - 16 junio 2026 - Copy,No reported result,0.0,0,0.0,0.0,0.0,No reported result,0.0,0.0,Meta reach is non-deduplicated when summed across ads/weeks
2026-07-31,2026-07,Meta Ads,Productos / Boost Post,WDM | 2026-06 | Engagement | Boost Posts All,IG Post - ¿Vienes al súper?,No reported result,0.0,0,0.0,0.0,0.0,No reported result,0.0,0.0,Meta reach is non-deduplicated when summed across ads/weeks
2026-07-24,2026-07,Meta Ads,Productos / Boost Post,WDM | 2026 AON 1 | Engagement | Boost Posts All,IG | Boost | Carne | ASMR,No reported result,0.0,0,0.0,0.0,0.0,No reported result,0.0,0.0,Meta reach is non-deduplicated when summed across ads/weeks
2026-07-24,2026-07,Meta Ads,Taco Tuesday,WDM | 2026-06 | Engagement | Boost Posts All,Taco Tuesday - 16 junio 2026,No reported result,0.0,0,0.0,0.0,0.0,No reported result,0.0,0.0,Meta reach is non-deduplicated when summed across ads/weeks
2026-07-24,2026-07,Meta Ads,Mundial,WDM | 2026-06 | Engagement | Boost Posts All,IG | Boost | Balon | 06-16-2026 | Mundial,No reported result,0.0,0,0.0,0.0,0.0,No reported result,0.0,0.0,Meta reach is non-deduplicated when summed across ads/weeks
2026-07-24,2026-07,Meta Ads,Productos / Boost Post,WDM | 2026-07 | Conversions | Pollos/Carnitas/Chicharron,Estático | Asados,No reported result,0.0,0,0.0,0.0,0.0,No reported result,0.0,0.0,Meta reach is non-deduplicated when summed across ads/weeks
2026-07-24,2026-07,Meta Ads,Productos / Boost Post,WDM | 2026 AON 1 | Engagement | Boost Posts All,FB | Boost | Carne | ASMR,No reported result,0.0,0,0.0,0.0,0.0,No reported result,0.0,0.0,Meta reach is non-deduplicated when summed across ads/weeks
2026-07-24,2026-07,Meta Ads,Taco Tuesday,WDM | 2026-06 | Engagement | Boost Posts All,IG - Taco Tuesday - 16 junio,No reported result,0.0,0,0.0,0.0,0.0,No reported result,0.0,0.0,Meta reach is non-deduplicated when summed across ads/weeks
2026-07-24,2026-07,Meta Ads,Mundial,WDM | 2026-06 | Engagement | Boost Posts All,IG | Boost | Colombia | 06-23-2026 | Mundial,No reported result,0.0,0,0.0,0.0,0.0,No reported result,0.0,0.0,Meta reach is non-deduplicated when summed across ads/weeks
2026-07-24,2026-07,Meta Ads,Productos / Boost Post,WDM | 2026-07 | Conversions | Parrillada/Carne Asada,Estático | Parrillada,No reported result,0.0,0,0.0,0.0,0.0,No reported result,0.0,0.0,Meta reach is non-deduplicated when summed across ads/weeks
2026-07-24,2026-07,Meta Ads,Productos / Boost Post,WDM | 2026-06 | Engagement | Boost Posts All,FB Post - ¿Vienes al súper?,No reported result,0.0,0,0.0,0.0,0.0,No reported result,0.0,0.0,Meta reach is non-deduplicated when summed across ads/weeks
2026-07-24,2026-07,Meta Ads,Mundial,WDM | 2026-06 | Engagement | Boost Posts All,FB Post - ¿Vienes al súper? | Mundial | Futbolito,No reported result,0.0,0,0.0,0.0,0.0,No reported result,0.0,0.0,Meta reach is non-deduplicated when summed across ads/weeks
2026-07-24,2026-07,Meta Ads,Mundial,WDM | 2026-06 | Engagement | Boost Posts All,IG | Boost | Sellos | 06-23-2026 | Mundial,No reported result,0.0,0,0.0,0.0,0.0,No reported result,0.0,0.0,Meta reach is non-deduplicated when summed across ads/weeks
2026-07-24,2026-07,Meta Ads,Ofertón,WDM | 2026-07 | Traffic | Oferton 30 Jul - 12 Ago,CAROUSEL | Oferton | 30 Jul - 12 Ago,No reported result,0.0,0,0.0,0.0,0.0,No reported result,0.0,0.0,Meta reach is non-deduplicated when summed across ads/weeks
2026-07-24,2026-07,Meta Ads,Productos / Boost Post,WDM | 2026-06 | Engagement | Boost Posts All,FB Post - ¿Vienes al súper?,No reported result,0.0,0,0.0,0.0,0.0,No reported result,0.0,0.0,Meta reach is non-deduplicated when summed across ads/weeks
2026-07-24,2026-07,Meta Ads,Mundial,WDM | 2026-06 | Engagement | Boost Posts All,IG Post - ¿Vienes al súper? - Mundial | Futbolito,No reported result,0.0,0,0.0,0.0,0.0,No reported result,0.0,0.0,Meta reach is non-deduplicated when summed across ads/weeks
2026-07-24,2026-07,Meta Ads,Mundial,WDM | 2026-06 | Awareness | Sellos y Mundial,IMG n Video | Pasaporte Redimir | Participa Sellos,reach,0.0,0,0.0,0.0,0.0,reach,0.0,0.0,Meta reach is non-deduplicated when summed across ads/weeks
2026-07-24,2026-07,Meta Ads,Ofertón,WDM | 2026-07 | Traffic | Oferton 30 Jul - 12 Ago,CAROUSEL | Oferton | 30 Jul - 12 Ago,No reported result,0.0,0,0.0,0.0,0.0,No reported result,0.0,0.0,Meta reach is non-deduplicated when summed across ads/weeks
2026-07-24,2026-07,Meta Ads,Productos / Boost Post,WDM | 2026-06 | Engagement | Boost Posts All,IG Post - ¿Vienes al súper?,No reported result,0.0,0,0.0,0.0,0.0,No reported result,0.0,0.0,Meta reach is non-deduplicated when summed across ads/weeks
2026-07-24,2026-07,Meta Ads,Mundial,WDM | 2026-06 | Engagement | Boost Posts All,IG Post - ¿Vienes al súper? | Mundial | Futbolito,No reported result,0.0,0,0.0,0.0,0.0,No reported result,0.0,0.0,Meta reach is non-deduplicated when summed across ads/weeks
2026-07-24,2026-07,Meta Ads,Taco Tuesday,WDM | 2026-06 | Awareness | Taco Tuesday 5x5,IMG Cuadrada | Morelita Tacos 5x5 | Mejor Trato,reach,0.0,0,0.0,0.0,0.0,reach,0.0,0.0,Meta reach is non-deduplicated when summed across ads/weeks
2026-07-24,2026-07,Meta Ads,Store Visits / AON,WDM | 2026-07 | Awareness | AON Store Visits,Carousel | AON Store Visits | Benefits Cerca,reach,0.0,0,0.0,0.0,0.0,reach,0.0,0.0,Meta reach is non-deduplicated when summed across ads/weeks
2026-07-24,2026-07,Meta Ads,Productos / Boost Post,WDM | 2026-06 | Engagement | Boost Posts All,FB Post - ¿Vienes al súper?,No reported result,0.0,0,0.0,0.0,0.0,No reported result,0.0,0.0,Meta reach is non-deduplicated when summed across ads/weeks
2026-07-24,2026-07,Meta Ads,Mundial,WDM | 2026-06 | Engagement | Boost Posts All,FB Post - ¿Vienes al súper? | Mundial | Futbolito,No reported result,0.0,0,0.0,0.0,0.0,No reported result,0.0,0.0,Meta reach is non-deduplicated when summed across ads/weeks
2026-07-24,2026-07,Meta Ads,Taco Tuesday,WDM | 2026-06 | Engagement | Boost Posts All,IG - Taco Tuesday - 16 junio - Copy,No reported result,0.0,0,0.0,0.0,0.0,No reported result,0.0,0.0,Meta reach is non-deduplicated when summed across ads/weeks
2026-07-24,2026-07,Meta Ads,Productos / Boost Post,WDM | 2026 AON 2 | Engagement | Boost Posts All,IG | Boost | Pina Colada | 07-2026 | Productos & Boost - Copy,actions:post_engagement,37.46,5776,5256.0,0.0,2376.0,actions:post_engagement,0.0,0.0,Meta reach is non-deduplicated when summed across ads/weeks
2026-07-24,2026-07,Meta Ads,Productos / Boost Post,WDM | 2026-06 | Engagement | Boost Posts All,IG Post - ¿Vienes al súper?,No reported result,0.0,0,0.0,0.0,0.0,No reported result,0.0,0.0,Meta reach is non-deduplicated when summed across ads/weeks
2026-07-24,2026-07,Meta Ads,Productos / Boost Post,SENSIS | 2026-05 | Awareness | Carnitas Pack,IG/FB CARNITAS PACK,reach,0.0,0,0.0,0.0,0.0,reach,0.0,0.0,Meta reach is non-deduplicated when summed across ads/weeks
2026-07-24,2026-07,Meta Ads,Taco Tuesday,WDM | 2026-06 | Engagement | Boost Posts All,IG - Taco Tuesday - 16 junio - Copy,No reported result,0.0,0,0.0,0.0,0.0,No reported result,0.0,0.0,Meta reach is non-deduplicated when summed across ads/weeks
2026-07-24,2026-07,Meta Ads,Productos / Boost Post,WDM | 2026 AON 2 | Engagement | Boost Posts All,IG | Boost | Fried Chicken Ice Cream | 07-2026 | Productos & Boost,actions:post_engagement,196.03,36086,32924.0,0.0,21815.0,actions:post_engagement,0.0,0.0,Meta reach is non-deduplicated when summed across ads/weeks
2026-07-24,2026-07,Meta Ads,Productos / Boost Post,WDM | 2026-06 | Engagement | Boost Posts All,FB Post - ¿Vienes al súper?,No reported result,0.0,0,0.0,0.0,0.0,No reported result,0.0,0.0,Meta reach is non-deduplicated when summed across ads/weeks
2026-07-24,2026-07,Meta Ads,Mundial,SENSIS | 2026-04 | Engagement | Teaser Muy Pronto | Mundial,"Publicación: ""¡Muy pronto!""",No reported result,0.0,0,0.0,0.0,0.0,No reported result,0.0,0.0,Meta reach is non-deduplicated when summed across ads/weeks
2026-07-24,2026-07,Meta Ads,Taco Tuesday,WDM | 2026-06 | Engagement | Boost Posts All,IG - Taco Tuesday - 16 junio - Copy,No reported result,0.0,0,0.0,0.0,0.0,No reported result,0.0,0.0,Meta reach is non-deduplicated when summed across ads/weeks
2026-07-24,2026-07,Meta Ads,Productos / Boost Post,WDM | 2026-07 | Conversions | Ice Cream | Products,CAROUSEL | Ice Cream | Summer Fruits,actions:offsite_conversion.custom.1519505700189452,185.92,22543,14553.0,615.0,315.0,actions:offsite_conversion.custom.1519505700189452,0.0,315.0,Meta reach is non-deduplicated when summed across ads/weeks
2026-07-24,2026-07,Meta Ads,Productos / Boost Post,WDM | 2026-06 | Engagement | Boost Posts All,IG Post - ¿Vienes al súper?,No reported result,0.0,0,0.0,0.0,0.0,No reported result,0.0,0.0,Meta reach is non-deduplicated when summed across ads/weeks
2026-07-24,2026-07,Meta Ads,Temporadas / Comunidad,SENSIS | 2026-05 | Awareness | Memorial Day,IG/FB MEMORIAL DAY,reach,0.0,0,0.0,0.0,0.0,reach,0.0,0.0,Meta reach is non-deduplicated when summed across ads/weeks
2026-07-24,2026-07,Meta Ads,Taco Tuesday,WDM | 2026-06 | Engagement | Boost Posts All,IG - Taco Tuesday - 16 junio - Copy,No reported result,0.0,0,0.0,0.0,0.0,No reported result,0.0,0.0,Meta reach is non-deduplicated when summed across ads/weeks
2026-07-24,2026-07,Meta Ads,Productos / Boost Post,WDM | 2026-07 | Conversions | Ice Cream | Products,VIDEO | Ice Cream | Summer Chicken - UGC,actions:offsite_conversion.custom.1519505700189452,65.94,5538,4550.0,307.0,107.0,actions:offsite_conversion.custom.1519505700189452,0.0,107.0,Meta reach is non-deduplicated when summed across ads/weeks
2026-07-24,2026-07,Meta Ads,Productos / Boost Post,WDM | 2026-06 | Engagement | Boost Posts All,FB Post - ¿Vienes al súper?,No reported result,0.0,0,0.0,0.0,0.0,No reported result,0.0,0.0,Meta reach is non-deduplicated when summed across ads/weeks
2026-07-24,2026-07,Meta Ads,Productos / Boost Post,SENSIS | 2026-06 | Awareness | El Calor - Agua Fresca,IG/FB EL CALOR - AGUA FRESCA,reach,0.0,0,0.0,0.0,0.0,reach,0.0,0.0,Meta reach is non-deduplicated when summed across ads/weeks
2026-07-24,2026-07,Meta Ads,Taco Tuesday,WDM | 2026-06 | Engagement | Boost Posts All,IG - Taco Tuesday - 16 junio - Copy,No reported result,0.0,0,0.0,0.0,0.0,No reported result,0.0,0.0,Meta reach is non-deduplicated when summed across ads/weeks
2026-07-24,2026-07,Meta Ads,Ofertón,WDM | 2026-07 | Awareness | Oferton 16 Jul - 29 July,CAROUSEL | Oferton | 16 Jul - 29 Jul,actions:link_click,244.46,171780,46200.0,1725.0,1725.0,actions:link_click,0.0,0.0,Meta reach is non-deduplicated when summed across ads/weeks
2026-07-24,2026-07,Meta Ads,Productos / Boost Post,WDM | 2026-06 | Engagement | Boost Posts All,IG Post - ¿Vienes al súper?,No reported result,0.0,0,0.0,0.0,0.0,No reported result,0.0,0.0,Meta reach is non-deduplicated when summed across ads/weeks
2026-07-24,2026-07,Meta Ads,Productos / Boost Post,SENSIS | 2026-05 | Awareness | Dia de las Madres - Donas,IG/FB DIA DE LAS MADRES - DONAS,reach,0.0,0,0.0,0.0,0.0,reach,0.0,0.0,Meta reach is non-deduplicated when summed across ads/weeks
2026-07-24,2026-07,Meta Ads,Taco Tuesday,WDM | 2026-06 | Engagement | Boost Posts All,IG - Taco Tuesday - 16 junio - Copy,No reported result,0.0,0,0.0,0.0,0.0,No reported result,0.0,0.0,Meta reach is non-deduplicated when summed across ads/weeks
2026-07-24,2026-07,Meta Ads,Productos / Boost Post,WDM | 2026-07 | Conversions | Ice Cream | Products,IMG | Ice Cream | Summer Chicken,No reported result,0.0,0,0.0,0.0,0.0,No reported result,0.0,0.0,Meta reach is non-deduplicated when summed across ads/weeks
2026-07-24,2026-07,Meta Ads,Productos / Boost Post,WDM | 2026-06 | Engagement | Boost Posts All,FB Post - ¿Vienes al súper?,No reported result,0.0,0,0.0,0.0,0.0,No reported result,0.0,0.0,Meta reach is non-deduplicated when summed across ads/weeks
2026-07-24,2026-07,Meta Ads,Taco Tuesday,SENSIS | 2026-05 | Awareness | Taco Tuesday Promo 5x5,IG/FB TACO TUESDAY PROMO 5X5,reach,0.0,0,0.0,0.0,0.0,reach,0.0,0.0,Meta reach is non-deduplicated when summed across ads/weeks
2026-07-24,2026-07,Meta Ads,Taco Tuesday,WDM | 2026-06 | Engagement | Boost Posts All,IG - Taco Tuesday - 16 junio - Copy,No reported result,0.0,0,0.0,0.0,0.0,No reported result,0.0,0.0,Meta reach is non-deduplicated when summed across ads/weeks
2026-07-24,2026-07,Meta Ads,Productos / Boost Post,WDM | 2026 AON 1 | Engagement | Boost Posts All,IG | Boost | Cafe | Gatos,No reported result,0.0,0,0.0,0.0,0.0,No reported result,0.0,0.0,Meta reach is non-deduplicated when summed across ads/weeks
2026-07-24,2026-07,Meta Ads,Productos / Boost Post,WDM | 2026-06 | Engagement | Boost Posts All,IG Post - ¿Vienes al súper?,No reported result,0.0,0,0.0,0.0,0.0,No reported result,0.0,0.0,Meta reach is non-deduplicated when summed across ads/weeks
2026-07-24,2026-07,Meta Ads,Marinados,SENSIS | 2026-03 | Awareness | Evergreen Campaign | Marinados y Cuaresma,Momentos Juntos single image,reach,0.0,0,0.0,0.0,0.0,reach,0.0,0.0,Meta reach is non-deduplicated when summed across ads/weeks
2026-07-24,2026-07,Meta Ads,Taco Tuesday,WDM | 2026-06 | Engagement | Boost Posts All,IG - Taco Tuesday - 16 junio - Copy,No reported result,0.0,0,0.0,0.0,0.0,No reported result,0.0,0.0,Meta reach is non-deduplicated when summed across ads/weeks
2026-07-24,2026-07,Meta Ads,Productos / Boost Post,WDM | 2026 AON 1 | Engagement | Boost Posts All,FB | Boost | Cafe | Gatos,No reported result,0.0,0,0.0,0.0,0.0,No reported result,0.0,0.0,Meta reach is non-deduplicated when summed across ads/weeks
2026-07-24,2026-07,Meta Ads,Productos / Boost Post,WDM | 2026-06 | Engagement | Boost Posts All,FB Post - ¿Vienes al súper?,No reported result,0.0,0,0.0,0.0,0.0,No reported result,0.0,0.0,Meta reach is non-deduplicated when summed across ads/weeks
2026-07-24,2026-07,Meta Ads,Marinados,SENSIS | 2026-03 | Awareness | Evergreen Campaign | Marinados y Cuaresma,Momentos Juntos carousel,reach,0.0,0,0.0,0.0,0.0,reach,0.0,0.0,Meta reach is non-deduplicated when summed across ads/weeks
2026-07-24,2026-07,Meta Ads,Taco Tuesday,WDM | 2026-06 | Engagement | Boost Posts All,IG - Taco Tuesday - 16 junio - Copy,No reported result,0.0,0,0.0,0.0,0.0,No reported result,0.0,0.0,Meta reach is non-deduplicated when summed across ads/weeks
2026-07-24,2026-07,Meta Ads,Mundial,WDM | 2026 AON 1 | Engagement | Boost Posts All,FB | Boost | Mundial | Sellos,No reported result,0.0,0,0.0,0.0,0.0,No reported result,0.0,0.0,Meta reach is non-deduplicated when summed across ads/weeks
2026-07-24,2026-07,Meta Ads,Productos / Boost Post,WDM | 2026-06 | Engagement | Boost Posts All,IG Post - ¿Vienes al súper?,No reported result,0.0,0,0.0,0.0,0.0,No reported result,0.0,0.0,Meta reach is non-deduplicated when summed across ads/weeks
2026-07-24,2026-07,Meta Ads,Temporadas / Comunidad,SENSIS | 2026-05 | Awareness | Dia de las Madres,IG/FB DIA DE LAS MADRES,reach,0.0,0,0.0,0.0,0.0,reach,0.0,0.0,Meta reach is non-deduplicated when summed across ads/weeks
2026-07-24,2026-07,Meta Ads,Taco Tuesday,WDM | 2026-06 | Engagement | Boost Posts All,IG - Taco Tuesday - 16 junio - Copy,No reported result,0.0,0,0.0,0.0,0.0,No reported result,0.0,0.0,Meta reach is non-deduplicated when summed across ads/weeks
2026-07-24,2026-07,Meta Ads,Mundial,WDM | 2026 AON 1 | Engagement | Boost Posts All,IG | Boost | Mundial | Sellos,No reported result,0.0,0,0.0,0.0,0.0,No reported result,0.0,0.0,Meta reach is non-deduplicated when summed across ads/weeks
2026-07-24,2026-07,Meta Ads,Productos / Boost Post,WDM | 2026-06 | Engagement | Boost Posts All,FB Post - ¿Vienes al súper?,No reported result,0.0,0,0.0,0.0,0.0,No reported result,0.0,0.0,Meta reach is non-deduplicated when summed across ads/weeks
2026-07-24,2026-07,Meta Ads,Productos / Boost Post,SENSIS | 2026-05 | Awareness | Chicharron,IG/FB CHICHARRON - MAY,reach,0.0,0,0.0,0.0,0.0,reach,0.0,0.0,Meta reach is non-deduplicated when summed across ads/weeks
2026-07-24,2026-07,Meta Ads,Taco Tuesday,WDM | 2026-06 | Engagement | Boost Posts All,Taco Tuesday - 16 junio 2026 - Copy,No reported result,0.0,0,0.0,0.0,0.0,No reported result,0.0,0.0,Meta reach is non-deduplicated when summed across ads/weeks
2026-07-24,2026-07,Meta Ads,Ofertón,WDM | 2026-07 | Awareness | Oferton 2 Jul - 15 July,CAROUSEL | Oferton | 2 Jul - 15 Jul,No reported result,0.0,0,0.0,0.0,0.0,No reported result,0.0,0.0,Meta reach is non-deduplicated when summed across ads/weeks
2026-07-24,2026-07,Meta Ads,Productos / Boost Post,WDM | 2026-06 | Engagement | Boost Posts All,IG Post - ¿Vienes al súper?,No reported result,0.0,0,0.0,0.0,0.0,No reported result,0.0,0.0,Meta reach is non-deduplicated when summed across ads/weeks
2026-07-24,2026-07,Meta Ads,Productos / Boost Post,SENSIS | 2026-05 | Awareness | Pollo Asado Horneado,IG/FB POLLO ASADO HORNEADO,reach,0.0,0,0.0,0.0,0.0,reach,0.0,0.0,Meta reach is non-deduplicated when summed across ads/weeks
2026-07-24,2026-07,Meta Ads,Taco Tuesday,WDM | 2026-06 | Engagement | Boost Posts All,Taco Tuesday - 16 junio 2026 - Copy,No reported result,0.0,0,0.0,0.0,0.0,No reported result,0.0,0.0,Meta reach is non-deduplicated when summed across ads/weeks
2026-07-24,2026-07,Meta Ads,Taco Tuesday,WDM | 2026-07 | Awareness | Taco Tuesday 5x5 - July,IMG Cuadrada | Morelita Tacos 5x5 | Mejor Trato,reach,0.0,1,1.0,0.0,1.0,reach,0.0,0.0,Meta reach is non-deduplicated when summed across ads/weeks
2026-07-24,2026-07,Meta Ads,Productos / Boost Post,WDM | 2026-06 | Engagement | Boost Posts All,FB Post - ¿Vienes al súper?,No reported result,0.0,0,0.0,0.0,0.0,No reported result,0.0,0.0,Meta reach is non-deduplicated when summed across ads/weeks
2026-07-24,2026-07,Meta Ads,Productos / Boost Post,SENSIS | 2026-05 | Awareness | Chicharron y Aguas Frescas,IG/FB CHICHARRON & AGUAS FRESCAS,reach,0.0,0,0.0,0.0,0.0,reach,0.0,0.0,Meta reach is non-deduplicated when summed across ads/weeks
2026-07-24,2026-07,Meta Ads,Taco Tuesday,WDM | 2026-06 | Engagement | Boost Posts All,Taco Tuesday - 16 junio 2026 - Copy,No reported result,0.0,0,0.0,0.0,0.0,No reported result,0.0,0.0,Meta reach is non-deduplicated when summed across ads/weeks
2026-07-24,2026-07,Meta Ads,Ofertón,WDM | 2026-06 | Awareness | Oferton 18 Jun - 1 Jul,CAROUSEL | Oferton | 18 Jun - 1 Jul,No reported result,0.0,0,0.0,0.0,0.0,No reported result,0.0,0.0,Meta reach is non-deduplicated when summed across ads/weeks
2026-07-24,2026-07,Meta Ads,Marinados,SENSIS | 2026-03 | Awareness | Evergreen Campaign | Marinados y Cuaresma,Marinados single image,reach,0.0,0,0.0,0.0,0.0,reach,0.0,0.0,Meta reach is non-deduplicated when summed across ads/weeks
2026-07-24,2026-07,Meta Ads,Productos / Boost Post,SENSIS | 2026-05 | Awareness | Vitrolito Aguas Frescas,IG/FB VITROLITO AGUAS FRESCAS,reach,0.0,0,0.0,0.0,0.0,reach,0.0,0.0,Meta reach is non-deduplicated when summed across ads/weeks
2026-07-24,2026-07,Meta Ads,Taco Tuesday,WDM | 2026-06 | Engagement | Boost Posts All,Taco Tuesday - 16 junio 2026 - Copy,No reported result,0.0,0,0.0,0.0,0.0,No reported result,0.0,0.0,Meta reach is non-deduplicated when summed across ads/weeks
2026-07-24,2026-07,Meta Ads,Marinados,WDM | 2026-06 | Awareness | Marinados,IMG | Marinados | Res Pollo y Cerdo,reach,0.0,0,0.0,0.0,0.0,reach,0.0,0.0,Meta reach is non-deduplicated when summed across ads/weeks
2026-07-24,2026-07,Meta Ads,Marinados,SENSIS | 2026-03 | Awareness | Evergreen Campaign | Marinados y Cuaresma,Marinados carousel,reach,0.0,0,0.0,0.0,0.0,reach,0.0,0.0,Meta reach is non-deduplicated when summed across ads/weeks
2026-07-24,2026-07,Meta Ads,Temporadas / Comunidad,SENSIS | 2026-04 | Awareness | Dia del Nino Morelos,IG/FB DIA DEL NINO EN MORELOS,reach,0.0,0,0.0,0.0,0.0,reach,0.0,0.0,Meta reach is non-deduplicated when summed across ads/weeks
2026-07-24,2026-07,Meta Ads,Taco Tuesday,WDM | 2026-06 | Engagement | Boost Posts All,Taco Tuesday - 16 junio 2026 - Copy,No reported result,0.0,0,0.0,0.0,0.0,No reported result,0.0,0.0,Meta reach is non-deduplicated when summed across ads/weeks
2026-07-24,2026-07,Meta Ads,Mundial,WDM | 2026-06 | Awareness | Sellos y Mundial,IMG n Video | Pasaporte | Obtén Pasaporte | Mundial,reach,0.0,0,0.0,0.0,0.0,reach,0.0,0.0,Meta reach is non-deduplicated when summed across ads/weeks
2026-07-24,2026-07,Meta Ads,Taco Tuesday,SENSIS | 2026-05 | Awareness | Taco Tuesday,IG/FB TACO TUESDAY,reach,0.0,0,0.0,0.0,0.0,reach,0.0,0.0,Meta reach is non-deduplicated when summed across ads/weeks
2026-07-24,2026-07,Meta Ads,Taco Tuesday,WDM | 2026-06 | Engagement | Boost Posts All,Taco Tuesday - 16 junio 2026 - Copy,No reported result,0.0,0,0.0,0.0,0.0,No reported result,0.0,0.0,Meta reach is non-deduplicated when summed across ads/weeks
2026-07-24,2026-07,Meta Ads,Mundial,WDM | 2026-06 | Awareness | Sellos y Mundial,IMG n Video | Mundial | Carousel Quien Juega,reach,0.0,0,0.0,0.0,0.0,reach,0.0,0.0,Meta reach is non-deduplicated when summed across ads/weeks
2026-07-24,2026-07,Meta Ads,Marinados,SENSIS | 2026-03 | Awareness | Evergreen Campaign | Marinados y Cuaresma,Momentos Juntos carousel,reach,0.0,0,0.0,0.0,0.0,reach,0.0,0.0,Meta reach is non-deduplicated when summed across ads/weeks
2026-07-24,2026-07,Meta Ads,Taco Tuesday,WDM | 2026-06 | Engagement | Boost Posts All,Taco Tuesday - 16 junio 2026 - Copy,No reported result,0.0,0,0.0,0.0,0.0,No reported result,0.0,0.0,Meta reach is non-deduplicated when summed across ads/weeks
2026-07-24,2026-07,Meta Ads,Productos / Boost Post,WDM | 2026-06 | Traffic | IG Followers,IMG | Morelita Chicharron | IG Follow,No reported result,0.0,0,0.0,0.0,0.0,No reported result,0.0,0.0,Meta reach is non-deduplicated when summed across ads/weeks
2026-07-24,2026-07,Meta Ads,Marinados,SENSIS | 2026-03 | Awareness | Evergreen Campaign | Marinados y Cuaresma,Momentos Juntos single image,reach,0.0,0,0.0,0.0,0.0,reach,0.0,0.0,Meta reach is non-deduplicated when summed across ads/weeks
2026-07-24,2026-07,Meta Ads,Taco Tuesday,WDM | 2026-06 | Engagement | Boost Posts All,Taco Tuesday - 16 junio 2026 - Copy,No reported result,0.0,0,0.0,0.0,0.0,No reported result,0.0,0.0,Meta reach is non-deduplicated when summed across ads/weeks
2026-07-24,2026-07,Meta Ads,Mundial,WDM | 2026-06 | Engagement | Boost Posts All,IG | Boost | Hay Partidos | 06-05-2026 | Mundial,No reported result,0.0,0,0.0,0.0,0.0,No reported result,0.0,0.0,Meta reach is non-deduplicated when summed across ads/weeks
2026-07-24,2026-07,Meta Ads,Marinados,SENSIS | 2026-03 | Awareness | Evergreen Campaign | Marinados y Cuaresma,Cuaresma single image,reach,0.0,0,0.0,0.0,0.0,reach,0.0,0.0,Meta reach is non-deduplicated when summed across ads/weeks
2026-07-24,2026-07,Meta Ads,Taco Tuesday,WDM | 2026-06 | Engagement | Boost Posts All,Taco Tuesday - 16 junio 2026 - Copy,No reported result,0.0,0,0.0,0.0,0.0,No reported result,0.0,0.0,Meta reach is non-deduplicated when summed across ads/weeks
2026-07-24,2026-07,Meta Ads,Productos / Boost Post,WDM | 2026-06 | Engagement | Boost Posts All,IG | Boost | Nosotros Preguntamos | 06-04-2026,No reported result,0.0,0,0.0,0.0,0.0,No reported result,0.0,0.0,Meta reach is non-deduplicated when summed across ads/weeks
2026-07-24,2026-07,Meta Ads,Marinados,SENSIS | 2026-03 | Awareness | Evergreen Campaign | Marinados y Cuaresma,Cuaresma carousel,reach,0.0,0,0.0,0.0,0.0,reach,0.0,0.0,Meta reach is non-deduplicated when summed across ads/weeks
2026-07-24,2026-07,Meta Ads,Taco Tuesday,WDM | 2026-06 | Engagement | Boost Posts All,Taco Tuesday - 16 junio 2026 - Copy,No reported result,0.0,0,0.0,0.0,0.0,No reported result,0.0,0.0,Meta reach is non-deduplicated when summed across ads/weeks
2026-07-24,2026-07,Meta Ads,Productos / Boost Post,WDM | 2026-06 | Engagement | Boost Posts All,IG Post - ¿Vienes al súper?,No reported result,0.0,0,0.0,0.0,0.0,No reported result,0.0,0.0,Meta reach is non-deduplicated when summed across ads/weeks
2026-07-17,2026-07,Meta Ads,Productos / Boost Post,WDM | 2026 AON 1 | Engagement | Boost Posts All,IG | Boost | Carne | ASMR,No reported result,0.0,0,0.0,0.0,0.0,No reported result,0.0,0.0,Meta reach is non-deduplicated when summed across ads/weeks
2026-07-17,2026-07,Meta Ads,Taco Tuesday,WDM | 2026-06 | Engagement | Boost Posts All,Taco Tuesday - 16 junio 2026,No reported result,0.0,0,0.0,0.0,0.0,No reported result,0.0,0.0,Meta reach is non-deduplicated when summed across ads/weeks
2026-07-17,2026-07,Meta Ads,Mundial,WDM | 2026-06 | Engagement | Boost Posts All,IG | Boost | Balon | 06-16-2026 | Mundial,No reported result,0.0,0,0.0,0.0,0.0,No reported result,0.0,0.0,Meta reach is non-deduplicated when summed across ads/weeks
2026-07-17,2026-07,Meta Ads,Productos / Boost Post,WDM | 2026-07 | Conversions | Pollos/Carnitas/Chicharron,Estático | Asados,No reported result,0.0,0,0.0,0.0,0.0,No reported result,0.0,0.0,Meta reach is non-deduplicated when summed across ads/weeks
2026-07-17,2026-07,Meta Ads,Productos / Boost Post,WDM | 2026 AON 1 | Engagement | Boost Posts All,FB | Boost | Carne | ASMR,No reported result,0.0,0,0.0,0.0,0.0,No reported result,0.0,0.0,Meta reach is non-deduplicated when summed across ads/weeks
2026-07-17,2026-07,Meta Ads,Taco Tuesday,WDM | 2026-06 | Engagement | Boost Posts All,IG - Taco Tuesday - 16 junio,No reported result,0.0,0,0.0,0.0,0.0,No reported result,0.0,0.0,Meta reach is non-deduplicated when summed across ads/weeks
2026-07-17,2026-07,Meta Ads,Mundial,WDM | 2026-06 | Engagement | Boost Posts All,IG | Boost | Colombia | 06-23-2026 | Mundial,No reported result,0.0,0,0.0,0.0,0.0,No reported result,0.0,0.0,Meta reach is non-deduplicated when summed across ads/weeks
2026-07-17,2026-07,Meta Ads,Productos / Boost Post,WDM | 2026-07 | Conversions | Parrillada/Carne Asada,Estático | Parrillada,No reported result,0.0,0,0.0,0.0,0.0,No reported result,0.0,0.0,Meta reach is non-deduplicated when summed across ads/weeks
2026-07-17,2026-07,Meta Ads,Productos / Boost Post,WDM | 2026-06 | Engagement | Boost Posts All,FB Post - ¿Vienes al súper?,No reported result,0.0,0,0.0,0.0,0.0,No reported result,0.0,0.0,Meta reach is non-deduplicated when summed across ads/weeks
2026-07-17,2026-07,Meta Ads,Mundial,WDM | 2026-06 | Engagement | Boost Posts All,FB Post - ¿Vienes al súper? | Mundial | Futbolito,No reported result,0.0,0,0.0,0.0,0.0,No reported result,0.0,0.0,Meta reach is non-deduplicated when summed across ads/weeks
2026-07-17,2026-07,Meta Ads,Mundial,WDM | 2026-06 | Engagement | Boost Posts All,IG | Boost | Sellos | 06-23-2026 | Mundial,No reported result,0.0,0,0.0,0.0,0.0,No reported result,0.0,0.0,Meta reach is non-deduplicated when summed across ads/weeks
2026-07-17,2026-07,Meta Ads,Ofertón,WDM | 2026-07 | Traffic | Oferton 30 Jul - 12 Ago,CAROUSEL | Oferton | 30 Jul - 12 Ago,No reported result,0.0,0,0.0,0.0,0.0,No reported result,0.0,0.0,Meta reach is non-deduplicated when summed across ads/weeks
2026-07-17,2026-07,Meta Ads,Productos / Boost Post,WDM | 2026-06 | Engagement | Boost Posts All,FB Post - ¿Vienes al súper?,No reported result,0.0,0,0.0,0.0,0.0,No reported result,0.0,0.0,Meta reach is non-deduplicated when summed across ads/weeks
2026-07-17,2026-07,Meta Ads,Mundial,WDM | 2026-06 | Engagement | Boost Posts All,IG Post - ¿Vienes al súper? - Mundial | Futbolito,No reported result,0.0,0,0.0,0.0,0.0,No reported result,0.0,0.0,Meta reach is non-deduplicated when summed across ads/weeks
2026-07-17,2026-07,Meta Ads,Mundial,WDM | 2026-06 | Awareness | Sellos y Mundial,IMG n Video | Pasaporte Redimir | Participa Sellos,reach,330.96,104605,97211.0,19.0,97211.0,reach,0.0,0.0,Meta reach is non-deduplicated when summed across ads/weeks
2026-07-17,2026-07,Meta Ads,Ofertón,WDM | 2026-07 | Traffic | Oferton 30 Jul - 12 Ago,CAROUSEL | Oferton | 30 Jul - 12 Ago,No reported result,0.0,0,0.0,0.0,0.0,No reported result,0.0,0.0,Meta reach is non-deduplicated when summed across ads/weeks
2026-07-17,2026-07,Meta Ads,Productos / Boost Post,WDM | 2026-06 | Engagement | Boost Posts All,IG Post - ¿Vienes al súper?,No reported result,0.0,0,0.0,0.0,0.0,No reported result,0.0,0.0,Meta reach is non-deduplicated when summed across ads/weeks
2026-07-17,2026-07,Meta Ads,Mundial,WDM | 2026-06 | Engagement | Boost Posts All,IG Post - ¿Vienes al súper? | Mundial | Futbolito,No reported result,0.0,0,0.0,0.0,0.0,No reported result,0.0,0.0,Meta reach is non-deduplicated when summed across ads/weeks
2026-07-17,2026-07,Meta Ads,Taco Tuesday,WDM | 2026-06 | Awareness | Taco Tuesday 5x5,IMG Cuadrada | Morelita Tacos 5x5 | Mejor Trato,reach,0.0,0,0.0,0.0,0.0,reach,0.0,0.0,Meta reach is non-deduplicated when summed across ads/weeks
2026-07-17,2026-07,Meta Ads,Store Visits / AON,WDM | 2026-07 | Awareness | AON Store Visits,Carousel | AON Store Visits | Benefits Cerca,reach,0.0,0,0.0,0.0,0.0,reach,0.0,0.0,Meta reach is non-deduplicated when summed across ads/weeks
2026-07-17,2026-07,Meta Ads,Productos / Boost Post,WDM | 2026-06 | Engagement | Boost Posts All,FB Post - ¿Vienes al súper?,No reported result,0.0,0,0.0,0.0,0.0,No reported result,0.0,0.0,Meta reach is non-deduplicated when summed across ads/weeks
2026-07-17,2026-07,Meta Ads,Mundial,WDM | 2026-06 | Engagement | Boost Posts All,FB Post - ¿Vienes al súper? | Mundial | Futbolito,No reported result,0.0,0,0.0,0.0,0.0,No reported result,0.0,0.0,Meta reach is non-deduplicated when summed across ads/weeks
2026-07-17,2026-07,Meta Ads,Taco Tuesday,WDM | 2026-06 | Engagement | Boost Posts All,IG - Taco Tuesday - 16 junio - Copy,No reported result,0.0,0,0.0,0.0,0.0,No reported result,0.0,0.0,Meta reach is non-deduplicated when summed across ads/weeks
2026-07-17,2026-07,Meta Ads,Productos / Boost Post,WDM | 2026 AON 2 | Engagement | Boost Posts All,IG | Boost | Pina Colada | 07-2026 | Productos & Boost - Copy,No reported result,0.0,0,0.0,0.0,0.0,No reported result,0.0,0.0,Meta reach is non-deduplicated when summed across ads/weeks
2026-07-17,2026-07,Meta Ads,Productos / Boost Post,WDM | 2026-06 | Engagement | Boost Posts All,IG Post - ¿Vienes al súper?,No reported result,0.0,0,0.0,0.0,0.0,No reported result,0.0,0.0,Meta reach is non-deduplicated when summed across ads/weeks
2026-07-17,2026-07,Meta Ads,Productos / Boost Post,SENSIS | 2026-05 | Awareness | Carnitas Pack,IG/FB CARNITAS PACK,reach,0.0,0,0.0,0.0,0.0,reach,0.0,0.0,Meta reach is non-deduplicated when summed across ads/weeks
2026-07-17,2026-07,Meta Ads,Taco Tuesday,WDM | 2026-06 | Engagement | Boost Posts All,IG - Taco Tuesday - 16 junio - Copy,No reported result,0.0,0,0.0,0.0,0.0,No reported result,0.0,0.0,Meta reach is non-deduplicated when summed across ads/weeks
2026-07-17,2026-07,Meta Ads,Productos / Boost Post,WDM | 2026 AON 2 | Engagement | Boost Posts All,IG | Boost | Fried Chicken Ice Cream | 07-2026 | Productos & Boost,No reported result,0.0,0,0.0,0.0,0.0,No reported result,0.0,0.0,Meta reach is non-deduplicated when summed across ads/weeks
2026-07-17,2026-07,Meta Ads,Productos / Boost Post,WDM | 2026-06 | Engagement | Boost Posts All,FB Post - ¿Vienes al súper?,No reported result,0.0,0,0.0,0.0,0.0,No reported result,0.0,0.0,Meta reach is non-deduplicated when summed across ads/weeks
2026-07-17,2026-07,Meta Ads,Mundial,SENSIS | 2026-04 | Engagement | Teaser Muy Pronto | Mundial,"Publicación: ""¡Muy pronto!""",No reported result,0.0,0,0.0,0.0,0.0,No reported result,0.0,0.0,Meta reach is non-deduplicated when summed across ads/weeks
2026-07-17,2026-07,Meta Ads,Taco Tuesday,WDM | 2026-06 | Engagement | Boost Posts All,IG - Taco Tuesday - 16 junio - Copy,No reported result,0.0,0,0.0,0.0,0.0,No reported result,0.0,0.0,Meta reach is non-deduplicated when summed across ads/weeks
2026-07-17,2026-07,Meta Ads,Productos / Boost Post,WDM | 2026-07 | Conversions | Ice Cream | Products,CAROUSEL | Ice Cream | Summer Fruits,No reported result,0.0,0,0.0,0.0,0.0,No reported result,0.0,0.0,Meta reach is non-deduplicated when summed across ads/weeks
2026-07-17,2026-07,Meta Ads,Productos / Boost Post,WDM | 2026-06 | Engagement | Boost Posts All,IG Post - ¿Vienes al súper?,No reported result,0.0,0,0.0,0.0,0.0,No reported result,0.0,0.0,Meta reach is non-deduplicated when summed across ads/weeks
2026-07-17,2026-07,Meta Ads,Temporadas / Comunidad,SENSIS | 2026-05 | Awareness | Memorial Day,IG/FB MEMORIAL DAY,reach,0.0,0,0.0,0.0,0.0,reach,0.0,0.0,Meta reach is non-deduplicated when summed across ads/weeks
2026-07-17,2026-07,Meta Ads,Taco Tuesday,WDM | 2026-06 | Engagement | Boost Posts All,IG - Taco Tuesday - 16 junio - Copy,No reported result,0.0,0,0.0,0.0,0.0,No reported result,0.0,0.0,Meta reach is non-deduplicated when summed across ads/weeks
2026-07-17,2026-07,Meta Ads,Productos / Boost Post,WDM | 2026-07 | Conversions | Ice Cream | Products,VIDEO | Ice Cream | Summer Chicken - UGC,No reported result,0.0,0,0.0,0.0,0.0,No reported result,0.0,0.0,Meta reach is non-deduplicated when summed across ads/weeks
2026-07-17,2026-07,Meta Ads,Productos / Boost Post,WDM | 2026-06 | Engagement | Boost Posts All,FB Post - ¿Vienes al súper?,No reported result,0.0,0,0.0,0.0,0.0,No reported result,0.0,0.0,Meta reach is non-deduplicated when summed across ads/weeks
2026-07-17,2026-07,Meta Ads,Productos / Boost Post,SENSIS | 2026-06 | Awareness | El Calor - Agua Fresca,IG/FB EL CALOR - AGUA FRESCA,reach,0.0,0,0.0,0.0,0.0,reach,0.0,0.0,Meta reach is non-deduplicated when summed across ads/weeks
2026-07-17,2026-07,Meta Ads,Taco Tuesday,WDM | 2026-06 | Engagement | Boost Posts All,IG - Taco Tuesday - 16 junio - Copy,No reported result,0.0,0,0.0,0.0,0.0,No reported result,0.0,0.0,Meta reach is non-deduplicated when summed across ads/weeks
2026-07-17,2026-07,Meta Ads,Ofertón,WDM | 2026-07 | Awareness | Oferton 16 Jul - 29 July,CAROUSEL | Oferton | 16 Jul - 29 Jul,No reported result,0.0,0,0.0,0.0,0.0,No reported result,0.0,0.0,Meta reach is non-deduplicated when summed across ads/weeks
2026-07-17,2026-07,Meta Ads,Productos / Boost Post,WDM | 2026-06 | Engagement | Boost Posts All,IG Post - ¿Vienes al súper?,No reported result,0.0,0,0.0,0.0,0.0,No reported result,0.0,0.0,Meta reach is non-deduplicated when summed across ads/weeks
2026-07-17,2026-07,Meta Ads,Productos / Boost Post,SENSIS | 2026-05 | Awareness | Dia de las Madres - Donas,IG/FB DIA DE LAS MADRES - DONAS,reach,0.0,0,0.0,0.0,0.0,reach,0.0,0.0,Meta reach is non-deduplicated when summed across ads/weeks
2026-07-17,2026-07,Meta Ads,Taco Tuesday,WDM | 2026-06 | Engagement | Boost Posts All,IG - Taco Tuesday - 16 junio - Copy,No reported result,0.0,0,0.0,0.0,0.0,No reported result,0.0,0.0,Meta reach is non-deduplicated when summed across ads/weeks
2026-07-17,2026-07,Meta Ads,Productos / Boost Post,WDM | 2026-07 | Conversions | Ice Cream | Products,IMG | Ice Cream | Summer Chicken,actions:offsite_conversion.custom.1519505700189452,283.07,27999,24085.0,1124.0,441.0,actions:offsite_conversion.custom.1519505700189452,0.0,441.0,Meta reach is non-deduplicated when summed across ads/weeks
2026-07-17,2026-07,Meta Ads,Productos / Boost Post,WDM | 2026-06 | Engagement | Boost Posts All,FB Post - ¿Vienes al súper?,No reported result,0.0,0,0.0,0.0,0.0,No reported result,0.0,0.0,Meta reach is non-deduplicated when summed across ads/weeks
2026-07-17,2026-07,Meta Ads,Taco Tuesday,SENSIS | 2026-05 | Awareness | Taco Tuesday Promo 5x5,IG/FB TACO TUESDAY PROMO 5X5,reach,0.0,0,0.0,0.0,0.0,reach,0.0,0.0,Meta reach is non-deduplicated when summed across ads/weeks
2026-07-17,2026-07,Meta Ads,Taco Tuesday,WDM | 2026-06 | Engagement | Boost Posts All,IG - Taco Tuesday - 16 junio - Copy,No reported result,0.0,0,0.0,0.0,0.0,No reported result,0.0,0.0,Meta reach is non-deduplicated when summed across ads/weeks
2026-07-17,2026-07,Meta Ads,Productos / Boost Post,WDM | 2026 AON 1 | Engagement | Boost Posts All,IG | Boost | Cafe | Gatos,No reported result,0.0,0,0.0,0.0,0.0,No reported result,0.0,0.0,Meta reach is non-deduplicated when summed across ads/weeks
2026-07-17,2026-07,Meta Ads,Productos / Boost Post,WDM | 2026-06 | Engagement | Boost Posts All,IG Post - ¿Vienes al súper?,No reported result,0.0,0,0.0,0.0,0.0,No reported result,0.0,0.0,Meta reach is non-deduplicated when summed across ads/weeks
2026-07-17,2026-07,Meta Ads,Marinados,SENSIS | 2026-03 | Awareness | Evergreen Campaign | Marinados y Cuaresma,Momentos Juntos single image,reach,0.0,0,0.0,0.0,0.0,reach,0.0,0.0,Meta reach is non-deduplicated when summed across ads/weeks
2026-07-17,2026-07,Meta Ads,Taco Tuesday,WDM | 2026-06 | Engagement | Boost Posts All,IG - Taco Tuesday - 16 junio - Copy,No reported result,0.0,0,0.0,0.0,0.0,No reported result,0.0,0.0,Meta reach is non-deduplicated when summed across ads/weeks
2026-07-17,2026-07,Meta Ads,Productos / Boost Post,WDM | 2026 AON 1 | Engagement | Boost Posts All,FB | Boost | Cafe | Gatos,No reported result,0.0,0,0.0,0.0,0.0,No reported result,0.0,0.0,Meta reach is non-deduplicated when summed across ads/weeks
2026-07-17,2026-07,Meta Ads,Productos / Boost Post,WDM | 2026-06 | Engagement | Boost Posts All,FB Post - ¿Vienes al súper?,No reported result,0.0,0,0.0,0.0,0.0,No reported result,0.0,0.0,Meta reach is non-deduplicated when summed across ads/weeks
2026-07-17,2026-07,Meta Ads,Marinados,SENSIS | 2026-03 | Awareness | Evergreen Campaign | Marinados y Cuaresma,Momentos Juntos carousel,reach,0.0,0,0.0,0.0,0.0,reach,0.0,0.0,Meta reach is non-deduplicated when summed across ads/weeks
2026-07-17,2026-07,Meta Ads,Taco Tuesday,WDM | 2026-06 | Engagement | Boost Posts All,IG - Taco Tuesday - 16 junio - Copy,No reported result,0.0,0,0.0,0.0,0.0,No reported result,0.0,0.0,Meta reach is non-deduplicated when summed across ads/weeks
2026-07-17,2026-07,Meta Ads,Mundial,WDM | 2026 AON 1 | Engagement | Boost Posts All,FB | Boost | Mundial | Sellos,No reported result,0.0,0,0.0,0.0,0.0,No reported result,0.0,0.0,Meta reach is non-deduplicated when summed across ads/weeks
2026-07-17,2026-07,Meta Ads,Productos / Boost Post,WDM | 2026-06 | Engagement | Boost Posts All,IG Post - ¿Vienes al súper?,No reported result,0.0,0,0.0,0.0,0.0,No reported result,0.0,0.0,Meta reach is non-deduplicated when summed across ads/weeks
2026-07-17,2026-07,Meta Ads,Temporadas / Comunidad,SENSIS | 2026-05 | Awareness | Dia de las Madres,IG/FB DIA DE LAS MADRES,reach,0.0,0,0.0,0.0,0.0,reach,0.0,0.0,Meta reach is non-deduplicated when summed across ads/weeks
2026-07-17,2026-07,Meta Ads,Taco Tuesday,WDM | 2026-06 | Engagement | Boost Posts All,IG - Taco Tuesday - 16 junio - Copy,No reported result,0.0,0,0.0,0.0,0.0,No reported result,0.0,0.0,Meta reach is non-deduplicated when summed across ads/weeks
2026-07-17,2026-07,Meta Ads,Mundial,WDM | 2026 AON 1 | Engagement | Boost Posts All,IG | Boost | Mundial | Sellos,No reported result,0.0,0,0.0,0.0,0.0,No reported result,0.0,0.0,Meta reach is non-deduplicated when summed across ads/weeks
2026-07-17,2026-07,Meta Ads,Productos / Boost Post,WDM | 2026-06 | Engagement | Boost Posts All,FB Post - ¿Vienes al súper?,No reported result,0.0,0,0.0,0.0,0.0,No reported result,0.0,0.0,Meta reach is non-deduplicated when summed across ads/weeks
2026-07-17,2026-07,Meta Ads,Productos / Boost Post,SENSIS | 2026-05 | Awareness | Chicharron,IG/FB CHICHARRON - MAY,reach,0.0,0,0.0,0.0,0.0,reach,0.0,0.0,Meta reach is non-deduplicated when summed across ads/weeks
2026-07-17,2026-07,Meta Ads,Taco Tuesday,WDM | 2026-06 | Engagement | Boost Posts All,Taco Tuesday - 16 junio 2026 - Copy,No reported result,0.0,0,0.0,0.0,0.0,No reported result,0.0,0.0,Meta reach is non-deduplicated when summed across ads/weeks
2026-07-17,2026-07,Meta Ads,Ofertón,WDM | 2026-07 | Awareness | Oferton 2 Jul - 15 July,CAROUSEL | Oferton | 2 Jul - 15 Jul,No reported result,0.0,0,0.0,0.0,0.0,No reported result,0.0,0.0,Meta reach is non-deduplicated when summed across ads/weeks
2026-07-17,2026-07,Meta Ads,Productos / Boost Post,WDM | 2026-06 | Engagement | Boost Posts All,IG Post - ¿Vienes al súper?,No reported result,0.0,0,0.0,0.0,0.0,No reported result,0.0,0.0,Meta reach is non-deduplicated when summed across ads/weeks
2026-07-17,2026-07,Meta Ads,Productos / Boost Post,SENSIS | 2026-05 | Awareness | Pollo Asado Horneado,IG/FB POLLO ASADO HORNEADO,reach,0.0,0,0.0,0.0,0.0,reach,0.0,0.0,Meta reach is non-deduplicated when summed across ads/weeks
2026-07-17,2026-07,Meta Ads,Taco Tuesday,WDM | 2026-06 | Engagement | Boost Posts All,Taco Tuesday - 16 junio 2026 - Copy,No reported result,0.0,0,0.0,0.0,0.0,No reported result,0.0,0.0,Meta reach is non-deduplicated when summed across ads/weeks
2026-07-17,2026-07,Meta Ads,Taco Tuesday,WDM | 2026-07 | Awareness | Taco Tuesday 5x5 - July,IMG Cuadrada | Morelita Tacos 5x5 | Mejor Trato,reach,565.83,167455,136620.0,490.0,136620.0,reach,0.0,0.0,Meta reach is non-deduplicated when summed across ads/weeks
2026-07-17,2026-07,Meta Ads,Productos / Boost Post,WDM | 2026-06 | Engagement | Boost Posts All,FB Post - ¿Vienes al súper?,No reported result,0.0,0,0.0,0.0,0.0,No reported result,0.0,0.0,Meta reach is non-deduplicated when summed across ads/weeks
2026-07-17,2026-07,Meta Ads,Productos / Boost Post,SENSIS | 2026-05 | Awareness | Chicharron y Aguas Frescas,IG/FB CHICHARRON & AGUAS FRESCAS,reach,0.0,0,0.0,0.0,0.0,reach,0.0,0.0,Meta reach is non-deduplicated when summed across ads/weeks
2026-07-17,2026-07,Meta Ads,Taco Tuesday,WDM | 2026-06 | Engagement | Boost Posts All,Taco Tuesday - 16 junio 2026 - Copy,No reported result,0.0,0,0.0,0.0,0.0,No reported result,0.0,0.0,Meta reach is non-deduplicated when summed across ads/weeks
2026-07-17,2026-07,Meta Ads,Ofertón,WDM | 2026-06 | Awareness | Oferton 18 Jun - 1 Jul,CAROUSEL | Oferton | 18 Jun - 1 Jul,No reported result,0.0,0,0.0,0.0,0.0,No reported result,0.0,0.0,Meta reach is non-deduplicated when summed across ads/weeks
2026-07-17,2026-07,Meta Ads,Marinados,SENSIS | 2026-03 | Awareness | Evergreen Campaign | Marinados y Cuaresma,Marinados single image,reach,0.0,0,0.0,0.0,0.0,reach,0.0,0.0,Meta reach is non-deduplicated when summed across ads/weeks
2026-07-17,2026-07,Meta Ads,Productos / Boost Post,SENSIS | 2026-05 | Awareness | Vitrolito Aguas Frescas,IG/FB VITROLITO AGUAS FRESCAS,reach,0.0,0,0.0,0.0,0.0,reach,0.0,0.0,Meta reach is non-deduplicated when summed across ads/weeks
2026-07-17,2026-07,Meta Ads,Taco Tuesday,WDM | 2026-06 | Engagement | Boost Posts All,Taco Tuesday - 16 junio 2026 - Copy,No reported result,0.0,0,0.0,0.0,0.0,No reported result,0.0,0.0,Meta reach is non-deduplicated when summed across ads/weeks
2026-07-17,2026-07,Meta Ads,Marinados,WDM | 2026-06 | Awareness | Marinados,IMG | Marinados | Res Pollo y Cerdo,reach,0.0,0,0.0,0.0,0.0,reach,0.0,0.0,Meta reach is non-deduplicated when summed across ads/weeks
2026-07-17,2026-07,Meta Ads,Marinados,SENSIS | 2026-03 | Awareness | Evergreen Campaign | Marinados y Cuaresma,Marinados carousel,reach,0.0,0,0.0,0.0,0.0,reach,0.0,0.0,Meta reach is non-deduplicated when summed across ads/weeks
2026-07-17,2026-07,Meta Ads,Temporadas / Comunidad,SENSIS | 2026-04 | Awareness | Dia del Nino Morelos,IG/FB DIA DEL NINO EN MORELOS,reach,0.0,0,0.0,0.0,0.0,reach,0.0,0.0,Meta reach is non-deduplicated when summed across ads/weeks
2026-07-17,2026-07,Meta Ads,Taco Tuesday,WDM | 2026-06 | Engagement | Boost Posts All,Taco Tuesday - 16 junio 2026 - Copy,No reported result,0.0,0,0.0,0.0,0.0,No reported result,0.0,0.0,Meta reach is non-deduplicated when summed across ads/weeks
2026-07-17,2026-07,Meta Ads,Mundial,WDM | 2026-06 | Awareness | Sellos y Mundial,IMG n Video | Pasaporte | Obtén Pasaporte | Mundial,reach,80.15,25233,24226.0,62.0,24226.0,reach,0.0,0.0,Meta reach is non-deduplicated when summed across ads/weeks
2026-07-17,2026-07,Meta Ads,Taco Tuesday,SENSIS | 2026-05 | Awareness | Taco Tuesday,IG/FB TACO TUESDAY,reach,0.0,0,0.0,0.0,0.0,reach,0.0,0.0,Meta reach is non-deduplicated when summed across ads/weeks
2026-07-17,2026-07,Meta Ads,Taco Tuesday,WDM | 2026-06 | Engagement | Boost Posts All,Taco Tuesday - 16 junio 2026 - Copy,No reported result,0.0,0,0.0,0.0,0.0,No reported result,0.0,0.0,Meta reach is non-deduplicated when summed across ads/weeks
2026-07-17,2026-07,Meta Ads,Mundial,WDM | 2026-06 | Awareness | Sellos y Mundial,IMG n Video | Mundial | Carousel Quien Juega,reach,0.0,0,0.0,0.0,0.0,reach,0.0,0.0,Meta reach is non-deduplicated when summed across ads/weeks
2026-07-17,2026-07,Meta Ads,Marinados,SENSIS | 2026-03 | Awareness | Evergreen Campaign | Marinados y Cuaresma,Momentos Juntos carousel,reach,0.0,0,0.0,0.0,0.0,reach,0.0,0.0,Meta reach is non-deduplicated when summed across ads/weeks
2026-07-17,2026-07,Meta Ads,Taco Tuesday,WDM | 2026-06 | Engagement | Boost Posts All,Taco Tuesday - 16 junio 2026 - Copy,No reported result,0.0,0,0.0,0.0,0.0,No reported result,0.0,0.0,Meta reach is non-deduplicated when summed across ads/weeks
2026-07-17,2026-07,Meta Ads,Productos / Boost Post,WDM | 2026-06 | Traffic | IG Followers,IMG | Morelita Chicharron | IG Follow,No reported result,0.0,0,0.0,0.0,0.0,No reported result,0.0,0.0,Meta reach is non-deduplicated when summed across ads/weeks
2026-07-17,2026-07,Meta Ads,Marinados,SENSIS | 2026-03 | Awareness | Evergreen Campaign | Marinados y Cuaresma,Momentos Juntos single image,reach,0.0,0,0.0,0.0,0.0,reach,0.0,0.0,Meta reach is non-deduplicated when summed across ads/weeks
2026-07-17,2026-07,Meta Ads,Taco Tuesday,WDM | 2026-06 | Engagement | Boost Posts All,Taco Tuesday - 16 junio 2026 - Copy,No reported result,0.0,0,0.0,0.0,0.0,No reported result,0.0,0.0,Meta reach is non-deduplicated when summed across ads/weeks
2026-07-17,2026-07,Meta Ads,Mundial,WDM | 2026-06 | Engagement | Boost Posts All,IG | Boost | Hay Partidos | 06-05-2026 | Mundial,No reported result,0.0,0,0.0,0.0,0.0,No reported result,0.0,0.0,Meta reach is non-deduplicated when summed across ads/weeks
2026-07-17,2026-07,Meta Ads,Marinados,SENSIS | 2026-03 | Awareness | Evergreen Campaign | Marinados y Cuaresma,Cuaresma single image,reach,0.0,0,0.0,0.0,0.0,reach,0.0,0.0,Meta reach is non-deduplicated when summed across ads/weeks
2026-07-17,2026-07,Meta Ads,Taco Tuesday,WDM | 2026-06 | Engagement | Boost Posts All,Taco Tuesday - 16 junio 2026 - Copy,No reported result,0.0,0,0.0,0.0,0.0,No reported result,0.0,0.0,Meta reach is non-deduplicated when summed across ads/weeks
2026-07-17,2026-07,Meta Ads,Productos / Boost Post,WDM | 2026-06 | Engagement | Boost Posts All,IG | Boost | Nosotros Preguntamos | 06-04-2026,No reported result,0.0,0,0.0,0.0,0.0,No reported result,0.0,0.0,Meta reach is non-deduplicated when summed across ads/weeks
2026-07-17,2026-07,Meta Ads,Marinados,SENSIS | 2026-03 | Awareness | Evergreen Campaign | Marinados y Cuaresma,Cuaresma carousel,reach,0.0,0,0.0,0.0,0.0,reach,0.0,0.0,Meta reach is non-deduplicated when summed across ads/weeks
2026-07-17,2026-07,Meta Ads,Taco Tuesday,WDM | 2026-06 | Engagement | Boost Posts All,Taco Tuesday - 16 junio 2026 - Copy,No reported result,0.0,0,0.0,0.0,0.0,No reported result,0.0,0.0,Meta reach is non-deduplicated when summed across ads/weeks
2026-07-17,2026-07,Meta Ads,Productos / Boost Post,WDM | 2026-06 | Engagement | Boost Posts All,IG Post - ¿Vienes al súper?,No reported result,0.0,0,0.0,0.0,0.0,No reported result,0.0,0.0,Meta reach is non-deduplicated when summed across ads/weeks
2026-07-10,2026-07,Meta Ads,Productos / Boost Post,WDM | 2026 AON 1 | Engagement | Boost Posts All,IG | Boost | Carne | ASMR,No reported result,0.0,0,0.0,0.0,0.0,No reported result,0.0,0.0,Meta reach is non-deduplicated when summed across ads/weeks
2026-07-10,2026-07,Meta Ads,Taco Tuesday,WDM | 2026-06 | Engagement | Boost Posts All,Taco Tuesday - 16 junio 2026,No reported result,0.0,0,0.0,0.0,0.0,No reported result,0.0,0.0,Meta reach is non-deduplicated when summed across ads/weeks
2026-07-10,2026-07,Meta Ads,Mundial,WDM | 2026-06 | Engagement | Boost Posts All,IG | Boost | Balon | 06-16-2026 | Mundial,No reported result,0.0,0,0.0,0.0,0.0,No reported result,0.0,0.0,Meta reach is non-deduplicated when summed across ads/weeks
2026-07-10,2026-07,Meta Ads,Productos / Boost Post,WDM | 2026-07 | Conversions | Pollos/Carnitas/Chicharron,Estático | Asados,No reported result,0.0,0,0.0,0.0,0.0,No reported result,0.0,0.0,Meta reach is non-deduplicated when summed across ads/weeks
2026-07-10,2026-07,Meta Ads,Productos / Boost Post,WDM | 2026 AON 1 | Engagement | Boost Posts All,FB | Boost | Carne | ASMR,No reported result,0.0,0,0.0,0.0,0.0,No reported result,0.0,0.0,Meta reach is non-deduplicated when summed across ads/weeks
2026-07-10,2026-07,Meta Ads,Taco Tuesday,WDM | 2026-06 | Engagement | Boost Posts All,IG - Taco Tuesday - 16 junio,No reported result,0.0,0,0.0,0.0,0.0,No reported result,0.0,0.0,Meta reach is non-deduplicated when summed across ads/weeks
2026-07-10,2026-07,Meta Ads,Mundial,WDM | 2026-06 | Engagement | Boost Posts All,IG | Boost | Colombia | 06-23-2026 | Mundial,No reported result,0.0,0,0.0,0.0,0.0,No reported result,0.0,0.0,Meta reach is non-deduplicated when summed across ads/weeks
2026-07-10,2026-07,Meta Ads,Productos / Boost Post,WDM | 2026-07 | Conversions | Parrillada/Carne Asada,Estático | Parrillada,No reported result,0.0,0,0.0,0.0,0.0,No reported result,0.0,0.0,Meta reach is non-deduplicated when summed across ads/weeks
2026-07-10,2026-07,Meta Ads,Productos / Boost Post,WDM | 2026-06 | Engagement | Boost Posts All,FB Post - ¿Vienes al súper?,No reported result,0.0,0,0.0,0.0,0.0,No reported result,0.0,0.0,Meta reach is non-deduplicated when summed across ads/weeks
2026-07-10,2026-07,Meta Ads,Mundial,WDM | 2026-06 | Engagement | Boost Posts All,FB Post - ¿Vienes al súper? | Mundial | Futbolito,No reported result,0.0,0,0.0,0.0,0.0,No reported result,0.0,0.0,Meta reach is non-deduplicated when summed across ads/weeks
2026-07-10,2026-07,Meta Ads,Mundial,WDM | 2026-06 | Engagement | Boost Posts All,IG | Boost | Sellos | 06-23-2026 | Mundial,No reported result,0.0,0,0.0,0.0,0.0,No reported result,0.0,0.0,Meta reach is non-deduplicated when summed across ads/weeks
2026-07-10,2026-07,Meta Ads,Ofertón,WDM | 2026-07 | Traffic | Oferton 30 Jul - 12 Ago,CAROUSEL | Oferton | 30 Jul - 12 Ago,No reported result,0.0,0,0.0,0.0,0.0,No reported result,0.0,0.0,Meta reach is non-deduplicated when summed across ads/weeks
2026-07-10,2026-07,Meta Ads,Productos / Boost Post,WDM | 2026-06 | Engagement | Boost Posts All,FB Post - ¿Vienes al súper?,No reported result,0.0,0,0.0,0.0,0.0,No reported result,0.0,0.0,Meta reach is non-deduplicated when summed across ads/weeks
2026-07-10,2026-07,Meta Ads,Mundial,WDM | 2026-06 | Engagement | Boost Posts All,IG Post - ¿Vienes al súper? - Mundial | Futbolito,No reported result,0.0,0,0.0,0.0,0.0,No reported result,0.0,0.0,Meta reach is non-deduplicated when summed across ads/weeks
2026-07-10,2026-07,Meta Ads,Mundial,WDM | 2026-06 | Awareness | Sellos y Mundial,IMG n Video | Pasaporte Redimir | Participa Sellos,reach,1124.7,369577,277089.0,62.0,277089.0,reach,0.0,0.0,Meta reach is non-deduplicated when summed across ads/weeks
2026-07-10,2026-07,Meta Ads,Ofertón,WDM | 2026-07 | Traffic | Oferton 30 Jul - 12 Ago,CAROUSEL | Oferton | 30 Jul - 12 Ago,No reported result,0.0,0,0.0,0.0,0.0,No reported result,0.0,0.0,Meta reach is non-deduplicated when summed across ads/weeks
2026-07-10,2026-07,Meta Ads,Productos / Boost Post,WDM | 2026-06 | Engagement | Boost Posts All,IG Post - ¿Vienes al súper?,No reported result,0.0,0,0.0,0.0,0.0,No reported result,0.0,0.0,Meta reach is non-deduplicated when summed across ads/weeks
2026-07-10,2026-07,Meta Ads,Mundial,WDM | 2026-06 | Engagement | Boost Posts All,IG Post - ¿Vienes al súper? | Mundial | Futbolito,No reported result,0.0,0,0.0,0.0,0.0,No reported result,0.0,0.0,Meta reach is non-deduplicated when summed across ads/weeks
2026-07-10,2026-07,Meta Ads,Taco Tuesday,WDM | 2026-06 | Awareness | Taco Tuesday 5x5,IMG Cuadrada | Morelita Tacos 5x5 | Mejor Trato,reach,0.0,0,0.0,0.0,0.0,reach,0.0,0.0,Meta reach is non-deduplicated when summed across ads/weeks
2026-07-10,2026-07,Meta Ads,Store Visits / AON,WDM | 2026-07 | Awareness | AON Store Visits,Carousel | AON Store Visits | Benefits Cerca,reach,0.0,0,0.0,0.0,0.0,reach,0.0,0.0,Meta reach is non-deduplicated when summed across ads/weeks
2026-07-10,2026-07,Meta Ads,Productos / Boost Post,WDM | 2026-06 | Engagement | Boost Posts All,FB Post - ¿Vienes al súper?,No reported result,0.0,0,0.0,0.0,0.0,No reported result,0.0,0.0,Meta reach is non-deduplicated when summed across ads/weeks
2026-07-10,2026-07,Meta Ads,Mundial,WDM | 2026-06 | Engagement | Boost Posts All,FB Post - ¿Vienes al súper? | Mundial | Futbolito,No reported result,0.0,0,0.0,0.0,0.0,No reported result,0.0,0.0,Meta reach is non-deduplicated when summed across ads/weeks
2026-07-10,2026-07,Meta Ads,Taco Tuesday,WDM | 2026-06 | Engagement | Boost Posts All,IG - Taco Tuesday - 16 junio - Copy,No reported result,0.0,0,0.0,0.0,0.0,No reported result,0.0,0.0,Meta reach is non-deduplicated when summed across ads/weeks
2026-07-10,2026-07,Meta Ads,Productos / Boost Post,WDM | 2026 AON 2 | Engagement | Boost Posts All,IG | Boost | Pina Colada | 07-2026 | Productos & Boost - Copy,No reported result,0.0,0,0.0,0.0,0.0,No reported result,0.0,0.0,Meta reach is non-deduplicated when summed across ads/weeks
2026-07-10,2026-07,Meta Ads,Productos / Boost Post,WDM | 2026-06 | Engagement | Boost Posts All,IG Post - ¿Vienes al súper?,No reported result,0.0,0,0.0,0.0,0.0,No reported result,0.0,0.0,Meta reach is non-deduplicated when summed across ads/weeks
2026-07-10,2026-07,Meta Ads,Productos / Boost Post,SENSIS | 2026-05 | Awareness | Carnitas Pack,IG/FB CARNITAS PACK,reach,0.0,0,0.0,0.0,0.0,reach,0.0,0.0,Meta reach is non-deduplicated when summed across ads/weeks
2026-07-10,2026-07,Meta Ads,Taco Tuesday,WDM | 2026-06 | Engagement | Boost Posts All,IG - Taco Tuesday - 16 junio - Copy,No reported result,0.0,0,0.0,0.0,0.0,No reported result,0.0,0.0,Meta reach is non-deduplicated when summed across ads/weeks
2026-07-10,2026-07,Meta Ads,Productos / Boost Post,WDM | 2026 AON 2 | Engagement | Boost Posts All,IG | Boost | Fried Chicken Ice Cream | 07-2026 | Productos & Boost,No reported result,0.0,0,0.0,0.0,0.0,No reported result,0.0,0.0,Meta reach is non-deduplicated when summed across ads/weeks
2026-07-10,2026-07,Meta Ads,Productos / Boost Post,WDM | 2026-06 | Engagement | Boost Posts All,FB Post - ¿Vienes al súper?,No reported result,0.0,0,0.0,0.0,0.0,No reported result,0.0,0.0,Meta reach is non-deduplicated when summed across ads/weeks
2026-07-10,2026-07,Meta Ads,Mundial,SENSIS | 2026-04 | Engagement | Teaser Muy Pronto | Mundial,"Publicación: ""¡Muy pronto!""",No reported result,0.0,0,0.0,0.0,0.0,No reported result,0.0,0.0,Meta reach is non-deduplicated when summed across ads/weeks
2026-07-10,2026-07,Meta Ads,Taco Tuesday,WDM | 2026-06 | Engagement | Boost Posts All,IG - Taco Tuesday - 16 junio - Copy,No reported result,0.0,0,0.0,0.0,0.0,No reported result,0.0,0.0,Meta reach is non-deduplicated when summed across ads/weeks
2026-07-10,2026-07,Meta Ads,Productos / Boost Post,WDM | 2026-07 | Conversions | Ice Cream | Products,CAROUSEL | Ice Cream | Summer Fruits,No reported result,0.0,0,0.0,0.0,0.0,No reported result,0.0,0.0,Meta reach is non-deduplicated when summed across ads/weeks
2026-07-10,2026-07,Meta Ads,Productos / Boost Post,WDM | 2026-06 | Engagement | Boost Posts All,IG Post - ¿Vienes al súper?,No reported result,0.0,0,0.0,0.0,0.0,No reported result,0.0,0.0,Meta reach is non-deduplicated when summed across ads/weeks
2026-07-10,2026-07,Meta Ads,Temporadas / Comunidad,SENSIS | 2026-05 | Awareness | Memorial Day,IG/FB MEMORIAL DAY,reach,0.0,0,0.0,0.0,0.0,reach,0.0,0.0,Meta reach is non-deduplicated when summed across ads/weeks
2026-07-10,2026-07,Meta Ads,Taco Tuesday,WDM | 2026-06 | Engagement | Boost Posts All,IG - Taco Tuesday - 16 junio - Copy,No reported result,0.0,0,0.0,0.0,0.0,No reported result,0.0,0.0,Meta reach is non-deduplicated when summed across ads/weeks
2026-07-10,2026-07,Meta Ads,Productos / Boost Post,WDM | 2026-07 | Conversions | Ice Cream | Products,VIDEO | Ice Cream | Summer Chicken - UGC,No reported result,0.0,0,0.0,0.0,0.0,No reported result,0.0,0.0,Meta reach is non-deduplicated when summed across ads/weeks
2026-07-10,2026-07,Meta Ads,Productos / Boost Post,WDM | 2026-06 | Engagement | Boost Posts All,FB Post - ¿Vienes al súper?,No reported result,0.0,0,0.0,0.0,0.0,No reported result,0.0,0.0,Meta reach is non-deduplicated when summed across ads/weeks
2026-07-10,2026-07,Meta Ads,Productos / Boost Post,SENSIS | 2026-06 | Awareness | El Calor - Agua Fresca,IG/FB EL CALOR - AGUA FRESCA,reach,0.0,0,0.0,0.0,0.0,reach,0.0,0.0,Meta reach is non-deduplicated when summed across ads/weeks
2026-07-10,2026-07,Meta Ads,Taco Tuesday,WDM | 2026-06 | Engagement | Boost Posts All,IG - Taco Tuesday - 16 junio - Copy,No reported result,0.0,0,0.0,0.0,0.0,No reported result,0.0,0.0,Meta reach is non-deduplicated when summed across ads/weeks
2026-07-10,2026-07,Meta Ads,Ofertón,WDM | 2026-07 | Awareness | Oferton 16 Jul - 29 July,CAROUSEL | Oferton | 16 Jul - 29 Jul,No reported result,0.0,0,0.0,0.0,0.0,No reported result,0.0,0.0,Meta reach is non-deduplicated when summed across ads/weeks
2026-07-10,2026-07,Meta Ads,Productos / Boost Post,WDM | 2026-06 | Engagement | Boost Posts All,IG Post - ¿Vienes al súper?,No reported result,0.0,0,0.0,0.0,0.0,No reported result,0.0,0.0,Meta reach is non-deduplicated when summed across ads/weeks
2026-07-10,2026-07,Meta Ads,Productos / Boost Post,SENSIS | 2026-05 | Awareness | Dia de las Madres - Donas,IG/FB DIA DE LAS MADRES - DONAS,reach,0.0,0,0.0,0.0,0.0,reach,0.0,0.0,Meta reach is non-deduplicated when summed across ads/weeks
2026-07-10,2026-07,Meta Ads,Taco Tuesday,WDM | 2026-06 | Engagement | Boost Posts All,IG - Taco Tuesday - 16 junio - Copy,No reported result,0.0,0,0.0,0.0,0.0,No reported result,0.0,0.0,Meta reach is non-deduplicated when summed across ads/weeks
2026-07-10,2026-07,Meta Ads,Productos / Boost Post,WDM | 2026-07 | Conversions | Ice Cream | Products,IMG | Ice Cream | Summer Chicken,actions:offsite_conversion.custom.1519505700189452,1327.29,155114,82799.0,5282.0,2009.0,actions:offsite_conversion.custom.1519505700189452,0.0,2009.0,Meta reach is non-deduplicated when summed across ads/weeks
2026-07-10,2026-07,Meta Ads,Productos / Boost Post,WDM | 2026-06 | Engagement | Boost Posts All,FB Post - ¿Vienes al súper?,No reported result,0.0,0,0.0,0.0,0.0,No reported result,0.0,0.0,Meta reach is non-deduplicated when summed across ads/weeks
2026-07-10,2026-07,Meta Ads,Taco Tuesday,SENSIS | 2026-05 | Awareness | Taco Tuesday Promo 5x5,IG/FB TACO TUESDAY PROMO 5X5,reach,0.0,0,0.0,0.0,0.0,reach,0.0,0.0,Meta reach is non-deduplicated when summed across ads/weeks
2026-07-10,2026-07,Meta Ads,Taco Tuesday,WDM | 2026-06 | Engagement | Boost Posts All,IG - Taco Tuesday - 16 junio - Copy,No reported result,0.0,0,0.0,0.0,0.0,No reported result,0.0,0.0,Meta reach is non-deduplicated when summed across ads/weeks
2026-07-10,2026-07,Meta Ads,Productos / Boost Post,WDM | 2026 AON 1 | Engagement | Boost Posts All,IG | Boost | Cafe | Gatos,actions:post_engagement,182.37,14752,11707.0,1.0,10360.0,actions:post_engagement,0.0,0.0,Meta reach is non-deduplicated when summed across ads/weeks
2026-07-10,2026-07,Meta Ads,Productos / Boost Post,WDM | 2026-06 | Engagement | Boost Posts All,IG Post - ¿Vienes al súper?,No reported result,0.0,0,0.0,0.0,0.0,No reported result,0.0,0.0,Meta reach is non-deduplicated when summed across ads/weeks
2026-07-10,2026-07,Meta Ads,Marinados,SENSIS | 2026-03 | Awareness | Evergreen Campaign | Marinados y Cuaresma,Momentos Juntos single image,reach,0.0,0,0.0,0.0,0.0,reach,0.0,0.0,Meta reach is non-deduplicated when summed across ads/weeks
2026-07-10,2026-07,Meta Ads,Taco Tuesday,WDM | 2026-06 | Engagement | Boost Posts All,IG - Taco Tuesday - 16 junio - Copy,No reported result,0.0,0,0.0,0.0,0.0,No reported result,0.0,0.0,Meta reach is non-deduplicated when summed across ads/weeks
2026-07-10,2026-07,Meta Ads,Productos / Boost Post,WDM | 2026 AON 1 | Engagement | Boost Posts All,FB | Boost | Cafe | Gatos,actions:post_engagement,39.35,4647,4348.0,0.0,2639.0,actions:post_engagement,0.0,0.0,Meta reach is non-deduplicated when summed across ads/weeks
2026-07-10,2026-07,Meta Ads,Productos / Boost Post,WDM | 2026-06 | Engagement | Boost Posts All,FB Post - ¿Vienes al súper?,No reported result,0.0,0,0.0,0.0,0.0,No reported result,0.0,0.0,Meta reach is non-deduplicated when summed across ads/weeks
2026-07-10,2026-07,Meta Ads,Marinados,SENSIS | 2026-03 | Awareness | Evergreen Campaign | Marinados y Cuaresma,Momentos Juntos carousel,reach,0.0,0,0.0,0.0,0.0,reach,0.0,0.0,Meta reach is non-deduplicated when summed across ads/weeks
2026-07-10,2026-07,Meta Ads,Taco Tuesday,WDM | 2026-06 | Engagement | Boost Posts All,IG - Taco Tuesday - 16 junio - Copy,No reported result,0.0,0,0.0,0.0,0.0,No reported result,0.0,0.0,Meta reach is non-deduplicated when summed across ads/weeks
2026-07-10,2026-07,Meta Ads,Mundial,WDM | 2026 AON 1 | Engagement | Boost Posts All,FB | Boost | Mundial | Sellos,No reported result,0.0,0,0.0,0.0,0.0,No reported result,0.0,0.0,Meta reach is non-deduplicated when summed across ads/weeks
2026-07-10,2026-07,Meta Ads,Productos / Boost Post,WDM | 2026-06 | Engagement | Boost Posts All,IG Post - ¿Vienes al súper?,No reported result,0.0,0,0.0,0.0,0.0,No reported result,0.0,0.0,Meta reach is non-deduplicated when summed across ads/weeks
2026-07-10,2026-07,Meta Ads,Temporadas / Comunidad,SENSIS | 2026-05 | Awareness | Dia de las Madres,IG/FB DIA DE LAS MADRES,reach,0.0,0,0.0,0.0,0.0,reach,0.0,0.0,Meta reach is non-deduplicated when summed across ads/weeks
2026-07-10,2026-07,Meta Ads,Taco Tuesday,WDM | 2026-06 | Engagement | Boost Posts All,IG - Taco Tuesday - 16 junio - Copy,No reported result,0.0,0,0.0,0.0,0.0,No reported result,0.0,0.0,Meta reach is non-deduplicated when summed across ads/weeks
2026-07-10,2026-07,Meta Ads,Mundial,WDM | 2026 AON 1 | Engagement | Boost Posts All,IG | Boost | Mundial | Sellos,No reported result,0.01,1,1.0,0.0,0.0,No reported result,0.0,0.0,Meta reach is non-deduplicated when summed across ads/weeks
2026-07-10,2026-07,Meta Ads,Productos / Boost Post,WDM | 2026-06 | Engagement | Boost Posts All,FB Post - ¿Vienes al súper?,No reported result,0.0,0,0.0,0.0,0.0,No reported result,0.0,0.0,Meta reach is non-deduplicated when summed across ads/weeks
2026-07-10,2026-07,Meta Ads,Productos / Boost Post,SENSIS | 2026-05 | Awareness | Chicharron,IG/FB CHICHARRON - MAY,reach,0.0,0,0.0,0.0,0.0,reach,0.0,0.0,Meta reach is non-deduplicated when summed across ads/weeks
2026-07-10,2026-07,Meta Ads,Taco Tuesday,WDM | 2026-06 | Engagement | Boost Posts All,Taco Tuesday - 16 junio 2026 - Copy,No reported result,0.0,0,0.0,0.0,0.0,No reported result,0.0,0.0,Meta reach is non-deduplicated when summed across ads/weeks
2026-07-10,2026-07,Meta Ads,Ofertón,WDM | 2026-07 | Awareness | Oferton 2 Jul - 15 July,CAROUSEL | Oferton | 2 Jul - 15 Jul,actions:link_click,840.3,298885,103872.0,3680.0,3680.0,actions:link_click,0.0,0.0,Meta reach is non-deduplicated when summed across ads/weeks
2026-07-10,2026-07,Meta Ads,Productos / Boost Post,WDM | 2026-06 | Engagement | Boost Posts All,IG Post - ¿Vienes al súper?,No reported result,0.0,0,0.0,0.0,0.0,No reported result,0.0,0.0,Meta reach is non-deduplicated when summed across ads/weeks
2026-07-10,2026-07,Meta Ads,Productos / Boost Post,SENSIS | 2026-05 | Awareness | Pollo Asado Horneado,IG/FB POLLO ASADO HORNEADO,reach,0.0,0,0.0,0.0,0.0,reach,0.0,0.0,Meta reach is non-deduplicated when summed across ads/weeks
2026-07-10,2026-07,Meta Ads,Taco Tuesday,WDM | 2026-06 | Engagement | Boost Posts All,Taco Tuesday - 16 junio 2026 - Copy,No reported result,0.0,0,0.0,0.0,0.0,No reported result,0.0,0.0,Meta reach is non-deduplicated when summed across ads/weeks
2026-07-10,2026-07,Meta Ads,Taco Tuesday,WDM | 2026-07 | Awareness | Taco Tuesday 5x5 - July,IMG Cuadrada | Morelita Tacos 5x5 | Mejor Trato,reach,660.33,202956,169669.0,630.0,169669.0,reach,0.0,0.0,Meta reach is non-deduplicated when summed across ads/weeks
2026-07-10,2026-07,Meta Ads,Productos / Boost Post,WDM | 2026-06 | Engagement | Boost Posts All,FB Post - ¿Vienes al súper?,No reported result,0.0,0,0.0,0.0,0.0,No reported result,0.0,0.0,Meta reach is non-deduplicated when summed across ads/weeks
2026-07-10,2026-07,Meta Ads,Productos / Boost Post,SENSIS | 2026-05 | Awareness | Chicharron y Aguas Frescas,IG/FB CHICHARRON & AGUAS FRESCAS,reach,0.0,0,0.0,0.0,0.0,reach,0.0,0.0,Meta reach is non-deduplicated when summed across ads/weeks
2026-07-10,2026-07,Meta Ads,Taco Tuesday,WDM | 2026-06 | Engagement | Boost Posts All,Taco Tuesday - 16 junio 2026 - Copy,No reported result,0.0,0,0.0,0.0,0.0,No reported result,0.0,0.0,Meta reach is non-deduplicated when summed across ads/weeks
2026-07-10,2026-07,Meta Ads,Ofertón,WDM | 2026-06 | Awareness | Oferton 18 Jun - 1 Jul,CAROUSEL | Oferton | 18 Jun - 1 Jul,No reported result,0.0,0,0.0,0.0,0.0,No reported result,0.0,0.0,Meta reach is non-deduplicated when summed across ads/weeks
2026-07-10,2026-07,Meta Ads,Marinados,SENSIS | 2026-03 | Awareness | Evergreen Campaign | Marinados y Cuaresma,Marinados single image,reach,0.0,0,0.0,0.0,0.0,reach,0.0,0.0,Meta reach is non-deduplicated when summed across ads/weeks
2026-07-10,2026-07,Meta Ads,Productos / Boost Post,SENSIS | 2026-05 | Awareness | Vitrolito Aguas Frescas,IG/FB VITROLITO AGUAS FRESCAS,reach,0.0,0,0.0,0.0,0.0,reach,0.0,0.0,Meta reach is non-deduplicated when summed across ads/weeks
2026-07-10,2026-07,Meta Ads,Taco Tuesday,WDM | 2026-06 | Engagement | Boost Posts All,Taco Tuesday - 16 junio 2026 - Copy,No reported result,0.0,0,0.0,0.0,0.0,No reported result,0.0,0.0,Meta reach is non-deduplicated when summed across ads/weeks
2026-07-10,2026-07,Meta Ads,Marinados,WDM | 2026-06 | Awareness | Marinados,IMG | Marinados | Res Pollo y Cerdo,reach,0.0,0,0.0,0.0,0.0,reach,0.0,0.0,Meta reach is non-deduplicated when summed across ads/weeks
2026-07-10,2026-07,Meta Ads,Marinados,SENSIS | 2026-03 | Awareness | Evergreen Campaign | Marinados y Cuaresma,Marinados carousel,reach,0.0,0,0.0,0.0,0.0,reach,0.0,0.0,Meta reach is non-deduplicated when summed across ads/weeks
2026-07-10,2026-07,Meta Ads,Temporadas / Comunidad,SENSIS | 2026-04 | Awareness | Dia del Nino Morelos,IG/FB DIA DEL NINO EN MORELOS,reach,0.0,0,0.0,0.0,0.0,reach,0.0,0.0,Meta reach is non-deduplicated when summed across ads/weeks
2026-07-10,2026-07,Meta Ads,Taco Tuesday,WDM | 2026-06 | Engagement | Boost Posts All,Taco Tuesday - 16 junio 2026 - Copy,No reported result,0.0,0,0.0,0.0,0.0,No reported result,0.0,0.0,Meta reach is non-deduplicated when summed across ads/weeks
2026-07-10,2026-07,Meta Ads,Mundial,WDM | 2026-06 | Awareness | Sellos y Mundial,IMG n Video | Pasaporte | Obtén Pasaporte | Mundial,reach,366.69,120847,94431.0,214.0,94431.0,reach,0.0,0.0,Meta reach is non-deduplicated when summed across ads/weeks
2026-07-10,2026-07,Meta Ads,Taco Tuesday,SENSIS | 2026-05 | Awareness | Taco Tuesday,IG/FB TACO TUESDAY,reach,0.0,0,0.0,0.0,0.0,reach,0.0,0.0,Meta reach is non-deduplicated when summed across ads/weeks
2026-07-10,2026-07,Meta Ads,Taco Tuesday,WDM | 2026-06 | Engagement | Boost Posts All,Taco Tuesday - 16 junio 2026 - Copy,No reported result,0.0,0,0.0,0.0,0.0,No reported result,0.0,0.0,Meta reach is non-deduplicated when summed across ads/weeks
2026-07-10,2026-07,Meta Ads,Mundial,WDM | 2026-06 | Awareness | Sellos y Mundial,IMG n Video | Mundial | Carousel Quien Juega,reach,0.0,0,0.0,0.0,0.0,reach,0.0,0.0,Meta reach is non-deduplicated when summed across ads/weeks
2026-07-10,2026-07,Meta Ads,Marinados,SENSIS | 2026-03 | Awareness | Evergreen Campaign | Marinados y Cuaresma,Momentos Juntos carousel,reach,0.0,0,0.0,0.0,0.0,reach,0.0,0.0,Meta reach is non-deduplicated when summed across ads/weeks
2026-07-10,2026-07,Meta Ads,Taco Tuesday,WDM | 2026-06 | Engagement | Boost Posts All,Taco Tuesday - 16 junio 2026 - Copy,No reported result,0.0,0,0.0,0.0,0.0,No reported result,0.0,0.0,Meta reach is non-deduplicated when summed across ads/weeks
2026-07-10,2026-07,Meta Ads,Productos / Boost Post,WDM | 2026-06 | Traffic | IG Followers,IMG | Morelita Chicharron | IG Follow,No reported result,0.0,0,0.0,0.0,0.0,No reported result,0.0,0.0,Meta reach is non-deduplicated when summed across ads/weeks
2026-07-10,2026-07,Meta Ads,Marinados,SENSIS | 2026-03 | Awareness | Evergreen Campaign | Marinados y Cuaresma,Momentos Juntos single image,reach,0.0,0,0.0,0.0,0.0,reach,0.0,0.0,Meta reach is non-deduplicated when summed across ads/weeks
2026-07-10,2026-07,Meta Ads,Taco Tuesday,WDM | 2026-06 | Engagement | Boost Posts All,Taco Tuesday - 16 junio 2026 - Copy,No reported result,0.0,0,0.0,0.0,0.0,No reported result,0.0,0.0,Meta reach is non-deduplicated when summed across ads/weeks
2026-07-10,2026-07,Meta Ads,Mundial,WDM | 2026-06 | Engagement | Boost Posts All,IG | Boost | Hay Partidos | 06-05-2026 | Mundial,No reported result,0.0,0,0.0,0.0,0.0,No reported result,0.0,0.0,Meta reach is non-deduplicated when summed across ads/weeks
2026-07-10,2026-07,Meta Ads,Marinados,SENSIS | 2026-03 | Awareness | Evergreen Campaign | Marinados y Cuaresma,Cuaresma single image,reach,0.0,0,0.0,0.0,0.0,reach,0.0,0.0,Meta reach is non-deduplicated when summed across ads/weeks
2026-07-10,2026-07,Meta Ads,Taco Tuesday,WDM | 2026-06 | Engagement | Boost Posts All,Taco Tuesday - 16 junio 2026 - Copy,No reported result,0.0,0,0.0,0.0,0.0,No reported result,0.0,0.0,Meta reach is non-deduplicated when summed across ads/weeks
2026-07-10,2026-07,Meta Ads,Productos / Boost Post,WDM | 2026-06 | Engagement | Boost Posts All,IG | Boost | Nosotros Preguntamos | 06-04-2026,No reported result,0.0,0,0.0,0.0,0.0,No reported result,0.0,0.0,Meta reach is non-deduplicated when summed across ads/weeks
2026-07-10,2026-07,Meta Ads,Marinados,SENSIS | 2026-03 | Awareness | Evergreen Campaign | Marinados y Cuaresma,Cuaresma carousel,reach,0.0,0,0.0,0.0,0.0,reach,0.0,0.0,Meta reach is non-deduplicated when summed across ads/weeks
2026-07-10,2026-07,Meta Ads,Taco Tuesday,WDM | 2026-06 | Engagement | Boost Posts All,Taco Tuesday - 16 junio 2026 - Copy,No reported result,0.0,0,0.0,0.0,0.0,No reported result,0.0,0.0,Meta reach is non-deduplicated when summed across ads/weeks
2026-07-10,2026-07,Meta Ads,Productos / Boost Post,WDM | 2026-06 | Engagement | Boost Posts All,IG Post - ¿Vienes al súper?,No reported result,0.0,0,0.0,0.0,0.0,No reported result,0.0,0.0,Meta reach is non-deduplicated when summed across ads/weeks
2026-07-03,2026-07,Meta Ads,Productos / Boost Post,WDM | 2026 AON 1 | Engagement | Boost Posts All,IG | Boost | Carne | ASMR,No reported result,0.0,0,0.0,0.0,0.0,No reported result,0.0,0.0,Meta reach is non-deduplicated when summed across ads/weeks
2026-07-03,2026-07,Meta Ads,Taco Tuesday,WDM | 2026-06 | Engagement | Boost Posts All,Taco Tuesday - 16 junio 2026,No reported result,0.0,0,0.0,0.0,0.0,No reported result,0.0,0.0,Meta reach is non-deduplicated when summed across ads/weeks
2026-07-03,2026-07,Meta Ads,Mundial,WDM | 2026-06 | Engagement | Boost Posts All,IG | Boost | Balon | 06-16-2026 | Mundial,No reported result,0.0,0,0.0,0.0,0.0,No reported result,0.0,0.0,Meta reach is non-deduplicated when summed across ads/weeks
2026-07-03,2026-07,Meta Ads,Productos / Boost Post,WDM | 2026-07 | Conversions | Pollos/Carnitas/Chicharron,Estático | Asados,No reported result,0.0,0,0.0,0.0,0.0,No reported result,0.0,0.0,Meta reach is non-deduplicated when summed across ads/weeks
2026-07-03,2026-07,Meta Ads,Productos / Boost Post,WDM | 2026 AON 1 | Engagement | Boost Posts All,FB | Boost | Carne | ASMR,No reported result,0.0,0,0.0,0.0,0.0,No reported result,0.0,0.0,Meta reach is non-deduplicated when summed across ads/weeks
2026-07-03,2026-07,Meta Ads,Taco Tuesday,WDM | 2026-06 | Engagement | Boost Posts All,IG - Taco Tuesday - 16 junio,No reported result,0.0,0,0.0,0.0,0.0,No reported result,0.0,0.0,Meta reach is non-deduplicated when summed across ads/weeks
2026-07-03,2026-07,Meta Ads,Mundial,WDM | 2026-06 | Engagement | Boost Posts All,IG | Boost | Colombia | 06-23-2026 | Mundial,No reported result,0.0,0,0.0,0.0,0.0,No reported result,0.0,0.0,Meta reach is non-deduplicated when summed across ads/weeks
2026-07-03,2026-07,Meta Ads,Productos / Boost Post,WDM | 2026-07 | Conversions | Parrillada/Carne Asada,Estático | Parrillada,No reported result,0.0,0,0.0,0.0,0.0,No reported result,0.0,0.0,Meta reach is non-deduplicated when summed across ads/weeks
2026-07-03,2026-07,Meta Ads,Productos / Boost Post,WDM | 2026-06 | Engagement | Boost Posts All,FB Post - ¿Vienes al súper?,No reported result,0.0,0,0.0,0.0,0.0,No reported result,0.0,0.0,Meta reach is non-deduplicated when summed across ads/weeks
2026-07-03,2026-07,Meta Ads,Mundial,WDM | 2026-06 | Engagement | Boost Posts All,FB Post - ¿Vienes al súper? | Mundial | Futbolito,No reported result,0.0,0,0.0,0.0,0.0,No reported result,0.0,0.0,Meta reach is non-deduplicated when summed across ads/weeks
2026-07-03,2026-07,Meta Ads,Mundial,WDM | 2026-06 | Engagement | Boost Posts All,IG | Boost | Sellos | 06-23-2026 | Mundial,No reported result,0.0,0,0.0,0.0,0.0,No reported result,0.0,0.0,Meta reach is non-deduplicated when summed across ads/weeks
2026-07-03,2026-07,Meta Ads,Ofertón,WDM | 2026-07 | Traffic | Oferton 30 Jul - 12 Ago,CAROUSEL | Oferton | 30 Jul - 12 Ago,No reported result,0.0,0,0.0,0.0,0.0,No reported result,0.0,0.0,Meta reach is non-deduplicated when summed across ads/weeks
2026-07-03,2026-07,Meta Ads,Productos / Boost Post,WDM | 2026-06 | Engagement | Boost Posts All,FB Post - ¿Vienes al súper?,No reported result,0.0,0,0.0,0.0,0.0,No reported result,0.0,0.0,Meta reach is non-deduplicated when summed across ads/weeks
2026-07-03,2026-07,Meta Ads,Mundial,WDM | 2026-06 | Engagement | Boost Posts All,IG Post - ¿Vienes al súper? - Mundial | Futbolito,No reported result,0.0,0,0.0,0.0,0.0,No reported result,0.0,0.0,Meta reach is non-deduplicated when summed across ads/weeks
2026-07-03,2026-07,Meta Ads,Mundial,WDM | 2026-06 | Awareness | Sellos y Mundial,IMG n Video | Pasaporte Redimir | Participa Sellos,reach,38.05,12634,12348.0,1.0,12348.0,reach,0.0,0.0,Meta reach is non-deduplicated when summed across ads/weeks
2026-07-03,2026-07,Meta Ads,Ofertón,WDM | 2026-07 | Traffic | Oferton 30 Jul - 12 Ago,CAROUSEL | Oferton | 30 Jul - 12 Ago,No reported result,0.0,0,0.0,0.0,0.0,No reported result,0.0,0.0,Meta reach is non-deduplicated when summed across ads/weeks
2026-07-03,2026-07,Meta Ads,Productos / Boost Post,WDM | 2026-06 | Engagement | Boost Posts All,IG Post - ¿Vienes al súper?,No reported result,0.0,0,0.0,0.0,0.0,No reported result,0.0,0.0,Meta reach is non-deduplicated when summed across ads/weeks
2026-07-03,2026-07,Meta Ads,Mundial,WDM | 2026-06 | Engagement | Boost Posts All,IG Post - ¿Vienes al súper? | Mundial | Futbolito,No reported result,0.0,0,0.0,0.0,0.0,No reported result,0.0,0.0,Meta reach is non-deduplicated when summed across ads/weeks
2026-07-03,2026-07,Meta Ads,Taco Tuesday,WDM | 2026-06 | Awareness | Taco Tuesday 5x5,IMG Cuadrada | Morelita Tacos 5x5 | Mejor Trato,reach,0.0,0,0.0,0.0,0.0,reach,0.0,0.0,Meta reach is non-deduplicated when summed across ads/weeks
2026-07-03,2026-07,Meta Ads,Store Visits / AON,WDM | 2026-07 | Awareness | AON Store Visits,Carousel | AON Store Visits | Benefits Cerca,reach,0.0,0,0.0,0.0,0.0,reach,0.0,0.0,Meta reach is non-deduplicated when summed across ads/weeks
2026-07-03,2026-07,Meta Ads,Productos / Boost Post,WDM | 2026-06 | Engagement | Boost Posts All,FB Post - ¿Vienes al súper?,No reported result,0.0,0,0.0,0.0,0.0,No reported result,0.0,0.0,Meta reach is non-deduplicated when summed across ads/weeks
2026-07-03,2026-07,Meta Ads,Mundial,WDM | 2026-06 | Engagement | Boost Posts All,FB Post - ¿Vienes al súper? | Mundial | Futbolito,No reported result,0.0,0,0.0,0.0,0.0,No reported result,0.0,0.0,Meta reach is non-deduplicated when summed across ads/weeks
2026-07-03,2026-07,Meta Ads,Taco Tuesday,WDM | 2026-06 | Engagement | Boost Posts All,IG - Taco Tuesday - 16 junio - Copy,No reported result,0.0,0,0.0,0.0,0.0,No reported result,0.0,0.0,Meta reach is non-deduplicated when summed across ads/weeks
2026-07-03,2026-07,Meta Ads,Productos / Boost Post,WDM | 2026 AON 2 | Engagement | Boost Posts All,IG | Boost | Pina Colada | 07-2026 | Productos & Boost - Copy,No reported result,0.0,0,0.0,0.0,0.0,No reported result,0.0,0.0,Meta reach is non-deduplicated when summed across ads/weeks
2026-07-03,2026-07,Meta Ads,Productos / Boost Post,WDM | 2026-06 | Engagement | Boost Posts All,IG Post - ¿Vienes al súper?,No reported result,0.0,0,0.0,0.0,0.0,No reported result,0.0,0.0,Meta reach is non-deduplicated when summed across ads/weeks
2026-07-03,2026-07,Meta Ads,Productos / Boost Post,SENSIS | 2026-05 | Awareness | Carnitas Pack,IG/FB CARNITAS PACK,reach,0.0,0,0.0,0.0,0.0,reach,0.0,0.0,Meta reach is non-deduplicated when summed across ads/weeks
2026-07-03,2026-07,Meta Ads,Taco Tuesday,WDM | 2026-06 | Engagement | Boost Posts All,IG - Taco Tuesday - 16 junio - Copy,No reported result,0.0,0,0.0,0.0,0.0,No reported result,0.0,0.0,Meta reach is non-deduplicated when summed across ads/weeks
2026-07-03,2026-07,Meta Ads,Productos / Boost Post,WDM | 2026 AON 2 | Engagement | Boost Posts All,IG | Boost | Fried Chicken Ice Cream | 07-2026 | Productos & Boost,No reported result,0.0,0,0.0,0.0,0.0,No reported result,0.0,0.0,Meta reach is non-deduplicated when summed across ads/weeks
2026-07-03,2026-07,Meta Ads,Productos / Boost Post,WDM | 2026-06 | Engagement | Boost Posts All,FB Post - ¿Vienes al súper?,No reported result,0.0,0,0.0,0.0,0.0,No reported result,0.0,0.0,Meta reach is non-deduplicated when summed across ads/weeks
2026-07-03,2026-07,Meta Ads,Mundial,SENSIS | 2026-04 | Engagement | Teaser Muy Pronto | Mundial,"Publicación: ""¡Muy pronto!""",No reported result,0.0,0,0.0,0.0,0.0,No reported result,0.0,0.0,Meta reach is non-deduplicated when summed across ads/weeks
2026-07-03,2026-07,Meta Ads,Taco Tuesday,WDM | 2026-06 | Engagement | Boost Posts All,IG - Taco Tuesday - 16 junio - Copy,No reported result,0.0,0,0.0,0.0,0.0,No reported result,0.0,0.0,Meta reach is non-deduplicated when summed across ads/weeks
2026-07-03,2026-07,Meta Ads,Productos / Boost Post,WDM | 2026-07 | Conversions | Ice Cream | Products,CAROUSEL | Ice Cream | Summer Fruits,No reported result,0.0,0,0.0,0.0,0.0,No reported result,0.0,0.0,Meta reach is non-deduplicated when summed across ads/weeks
2026-07-03,2026-07,Meta Ads,Productos / Boost Post,WDM | 2026-06 | Engagement | Boost Posts All,IG Post - ¿Vienes al súper?,No reported result,0.0,0,0.0,0.0,0.0,No reported result,0.0,0.0,Meta reach is non-deduplicated when summed across ads/weeks
2026-07-03,2026-07,Meta Ads,Temporadas / Comunidad,SENSIS | 2026-05 | Awareness | Memorial Day,IG/FB MEMORIAL DAY,reach,0.0,0,0.0,0.0,0.0,reach,0.0,0.0,Meta reach is non-deduplicated when summed across ads/weeks
2026-07-03,2026-07,Meta Ads,Taco Tuesday,WDM | 2026-06 | Engagement | Boost Posts All,IG - Taco Tuesday - 16 junio - Copy,No reported result,0.0,0,0.0,0.0,0.0,No reported result,0.0,0.0,Meta reach is non-deduplicated when summed across ads/weeks
2026-07-03,2026-07,Meta Ads,Productos / Boost Post,WDM | 2026-07 | Conversions | Ice Cream | Products,VIDEO | Ice Cream | Summer Chicken - UGC,No reported result,0.0,0,0.0,0.0,0.0,No reported result,0.0,0.0,Meta reach is non-deduplicated when summed across ads/weeks
2026-07-03,2026-07,Meta Ads,Productos / Boost Post,WDM | 2026-06 | Engagement | Boost Posts All,FB Post - ¿Vienes al súper?,No reported result,0.0,0,0.0,0.0,0.0,No reported result,0.0,0.0,Meta reach is non-deduplicated when summed across ads/weeks
2026-07-03,2026-07,Meta Ads,Productos / Boost Post,SENSIS | 2026-06 | Awareness | El Calor - Agua Fresca,IG/FB EL CALOR - AGUA FRESCA,reach,0.0,0,0.0,0.0,0.0,reach,0.0,0.0,Meta reach is non-deduplicated when summed across ads/weeks
2026-07-03,2026-07,Meta Ads,Taco Tuesday,WDM | 2026-06 | Engagement | Boost Posts All,IG - Taco Tuesday - 16 junio - Copy,No reported result,0.0,0,0.0,0.0,0.0,No reported result,0.0,0.0,Meta reach is non-deduplicated when summed across ads/weeks
2026-07-03,2026-07,Meta Ads,Ofertón,WDM | 2026-07 | Awareness | Oferton 16 Jul - 29 July,CAROUSEL | Oferton | 16 Jul - 29 Jul,No reported result,0.0,0,0.0,0.0,0.0,No reported result,0.0,0.0,Meta reach is non-deduplicated when summed across ads/weeks
2026-07-03,2026-07,Meta Ads,Productos / Boost Post,WDM | 2026-06 | Engagement | Boost Posts All,IG Post - ¿Vienes al súper?,No reported result,0.0,0,0.0,0.0,0.0,No reported result,0.0,0.0,Meta reach is non-deduplicated when summed across ads/weeks
2026-07-03,2026-07,Meta Ads,Productos / Boost Post,SENSIS | 2026-05 | Awareness | Dia de las Madres - Donas,IG/FB DIA DE LAS MADRES - DONAS,reach,0.0,0,0.0,0.0,0.0,reach,0.0,0.0,Meta reach is non-deduplicated when summed across ads/weeks
2026-07-03,2026-07,Meta Ads,Taco Tuesday,WDM | 2026-06 | Engagement | Boost Posts All,IG - Taco Tuesday - 16 junio - Copy,No reported result,0.0,0,0.0,0.0,0.0,No reported result,0.0,0.0,Meta reach is non-deduplicated when summed across ads/weeks
2026-07-03,2026-07,Meta Ads,Productos / Boost Post,WDM | 2026-07 | Conversions | Ice Cream | Products,IMG | Ice Cream | Summer Chicken,No reported result,0.0,0,0.0,0.0,0.0,No reported result,0.0,0.0,Meta reach is non-deduplicated when summed across ads/weeks
2026-07-03,2026-07,Meta Ads,Productos / Boost Post,WDM | 2026-06 | Engagement | Boost Posts All,FB Post - ¿Vienes al súper?,No reported result,0.0,0,0.0,0.0,0.0,No reported result,0.0,0.0,Meta reach is non-deduplicated when summed across ads/weeks
2026-07-03,2026-07,Meta Ads,Taco Tuesday,SENSIS | 2026-05 | Awareness | Taco Tuesday Promo 5x5,IG/FB TACO TUESDAY PROMO 5X5,reach,0.0,0,0.0,0.0,0.0,reach,0.0,0.0,Meta reach is non-deduplicated when summed across ads/weeks
2026-07-03,2026-07,Meta Ads,Taco Tuesday,WDM | 2026-06 | Engagement | Boost Posts All,IG - Taco Tuesday - 16 junio - Copy,No reported result,0.0,0,0.0,0.0,0.0,No reported result,0.0,0.0,Meta reach is non-deduplicated when summed across ads/weeks
2026-07-03,2026-07,Meta Ads,Productos / Boost Post,WDM | 2026 AON 1 | Engagement | Boost Posts All,IG | Boost | Cafe | Gatos,actions:post_engagement,215.73,18915,14925.0,0.0,12744.0,actions:post_engagement,0.0,0.0,Meta reach is non-deduplicated when summed across ads/weeks
2026-07-03,2026-07,Meta Ads,Productos / Boost Post,WDM | 2026-06 | Engagement | Boost Posts All,IG Post - ¿Vienes al súper?,No reported result,0.0,0,0.0,0.0,0.0,No reported result,0.0,0.0,Meta reach is non-deduplicated when summed across ads/weeks
2026-07-03,2026-07,Meta Ads,Marinados,SENSIS | 2026-03 | Awareness | Evergreen Campaign | Marinados y Cuaresma,Momentos Juntos single image,reach,0.0,0,0.0,0.0,0.0,reach,0.0,0.0,Meta reach is non-deduplicated when summed across ads/weeks
2026-07-03,2026-07,Meta Ads,Taco Tuesday,WDM | 2026-06 | Engagement | Boost Posts All,IG - Taco Tuesday - 16 junio - Copy,No reported result,0.0,0,0.0,0.0,0.0,No reported result,0.0,0.0,Meta reach is non-deduplicated when summed across ads/weeks
2026-07-03,2026-07,Meta Ads,Productos / Boost Post,WDM | 2026 AON 1 | Engagement | Boost Posts All,FB | Boost | Cafe | Gatos,actions:post_engagement,99.94,12974,11947.0,0.0,6521.0,actions:post_engagement,0.0,0.0,Meta reach is non-deduplicated when summed across ads/weeks
2026-07-03,2026-07,Meta Ads,Productos / Boost Post,WDM | 2026-06 | Engagement | Boost Posts All,FB Post - ¿Vienes al súper?,No reported result,0.0,0,0.0,0.0,0.0,No reported result,0.0,0.0,Meta reach is non-deduplicated when summed across ads/weeks
2026-07-03,2026-07,Meta Ads,Marinados,SENSIS | 2026-03 | Awareness | Evergreen Campaign | Marinados y Cuaresma,Momentos Juntos carousel,reach,0.0,0,0.0,0.0,0.0,reach,0.0,0.0,Meta reach is non-deduplicated when summed across ads/weeks
2026-07-03,2026-07,Meta Ads,Taco Tuesday,WDM | 2026-06 | Engagement | Boost Posts All,IG - Taco Tuesday - 16 junio - Copy,No reported result,0.0,0,0.0,0.0,0.0,No reported result,0.0,0.0,Meta reach is non-deduplicated when summed across ads/weeks
2026-07-03,2026-07,Meta Ads,Mundial,WDM | 2026 AON 1 | Engagement | Boost Posts All,FB | Boost | Mundial | Sellos,actions:post_engagement,0.01,3,3.0,0.0,2.0,actions:post_engagement,0.0,0.0,Meta reach is non-deduplicated when summed across ads/weeks
2026-07-03,2026-07,Meta Ads,Productos / Boost Post,WDM | 2026-06 | Engagement | Boost Posts All,IG Post - ¿Vienes al súper?,No reported result,0.0,0,0.0,0.0,0.0,No reported result,0.0,0.0,Meta reach is non-deduplicated when summed across ads/weeks
2026-07-03,2026-07,Meta Ads,Temporadas / Comunidad,SENSIS | 2026-05 | Awareness | Dia de las Madres,IG/FB DIA DE LAS MADRES,reach,0.0,0,0.0,0.0,0.0,reach,0.0,0.0,Meta reach is non-deduplicated when summed across ads/weeks
2026-07-03,2026-07,Meta Ads,Taco Tuesday,WDM | 2026-06 | Engagement | Boost Posts All,IG - Taco Tuesday - 16 junio - Copy,No reported result,0.0,0,0.0,0.0,0.0,No reported result,0.0,0.0,Meta reach is non-deduplicated when summed across ads/weeks
2026-07-03,2026-07,Meta Ads,Mundial,WDM | 2026 AON 1 | Engagement | Boost Posts All,IG | Boost | Mundial | Sellos,actions:post_engagement,0.02,7,5.0,0.0,1.0,actions:post_engagement,0.0,0.0,Meta reach is non-deduplicated when summed across ads/weeks
2026-07-03,2026-07,Meta Ads,Productos / Boost Post,WDM | 2026-06 | Engagement | Boost Posts All,FB Post - ¿Vienes al súper?,No reported result,0.0,0,0.0,0.0,0.0,No reported result,0.0,0.0,Meta reach is non-deduplicated when summed across ads/weeks
2026-07-03,2026-07,Meta Ads,Productos / Boost Post,SENSIS | 2026-05 | Awareness | Chicharron,IG/FB CHICHARRON - MAY,reach,0.0,0,0.0,0.0,0.0,reach,0.0,0.0,Meta reach is non-deduplicated when summed across ads/weeks
2026-07-03,2026-07,Meta Ads,Taco Tuesday,WDM | 2026-06 | Engagement | Boost Posts All,Taco Tuesday - 16 junio 2026 - Copy,No reported result,0.0,0,0.0,0.0,0.0,No reported result,0.0,0.0,Meta reach is non-deduplicated when summed across ads/weeks
2026-07-03,2026-07,Meta Ads,Ofertón,WDM | 2026-07 | Awareness | Oferton 2 Jul - 15 July,CAROUSEL | Oferton | 2 Jul - 15 Jul,actions:link_click,649.75,175720,76878.0,2831.0,2831.0,actions:link_click,0.0,0.0,Meta reach is non-deduplicated when summed across ads/weeks
2026-07-03,2026-07,Meta Ads,Productos / Boost Post,WDM | 2026-06 | Engagement | Boost Posts All,IG Post - ¿Vienes al súper?,No reported result,0.0,0,0.0,0.0,0.0,No reported result,0.0,0.0,Meta reach is non-deduplicated when summed across ads/weeks
2026-07-03,2026-07,Meta Ads,Productos / Boost Post,SENSIS | 2026-05 | Awareness | Pollo Asado Horneado,IG/FB POLLO ASADO HORNEADO,reach,0.0,0,0.0,0.0,0.0,reach,0.0,0.0,Meta reach is non-deduplicated when summed across ads/weeks
2026-07-03,2026-07,Meta Ads,Taco Tuesday,WDM | 2026-06 | Engagement | Boost Posts All,Taco Tuesday - 16 junio 2026 - Copy,No reported result,0.0,0,0.0,0.0,0.0,No reported result,0.0,0.0,Meta reach is non-deduplicated when summed across ads/weeks
2026-07-03,2026-07,Meta Ads,Taco Tuesday,WDM | 2026-07 | Awareness | Taco Tuesday 5x5 - July,IMG Cuadrada | Morelita Tacos 5x5 | Mejor Trato,reach,269.59,87772,81831.0,259.0,81831.0,reach,0.0,0.0,Meta reach is non-deduplicated when summed across ads/weeks
2026-07-03,2026-07,Meta Ads,Productos / Boost Post,WDM | 2026-06 | Engagement | Boost Posts All,FB Post - ¿Vienes al súper?,No reported result,0.0,0,0.0,0.0,0.0,No reported result,0.0,0.0,Meta reach is non-deduplicated when summed across ads/weeks
2026-07-03,2026-07,Meta Ads,Productos / Boost Post,SENSIS | 2026-05 | Awareness | Chicharron y Aguas Frescas,IG/FB CHICHARRON & AGUAS FRESCAS,reach,0.0,0,0.0,0.0,0.0,reach,0.0,0.0,Meta reach is non-deduplicated when summed across ads/weeks
2026-07-03,2026-07,Meta Ads,Taco Tuesday,WDM | 2026-06 | Engagement | Boost Posts All,Taco Tuesday - 16 junio 2026 - Copy,No reported result,0.0,0,0.0,0.0,0.0,No reported result,0.0,0.0,Meta reach is non-deduplicated when summed across ads/weeks
2026-07-03,2026-07,Meta Ads,Ofertón,WDM | 2026-06 | Awareness | Oferton 18 Jun - 1 Jul,CAROUSEL | Oferton | 18 Jun - 1 Jul,No reported result,0.0,0,0.0,0.0,0.0,No reported result,0.0,0.0,Meta reach is non-deduplicated when summed across ads/weeks
2026-07-03,2026-07,Meta Ads,Marinados,SENSIS | 2026-03 | Awareness | Evergreen Campaign | Marinados y Cuaresma,Marinados single image,reach,0.0,0,0.0,0.0,0.0,reach,0.0,0.0,Meta reach is non-deduplicated when summed across ads/weeks
2026-07-03,2026-07,Meta Ads,Productos / Boost Post,SENSIS | 2026-05 | Awareness | Vitrolito Aguas Frescas,IG/FB VITROLITO AGUAS FRESCAS,reach,0.0,0,0.0,0.0,0.0,reach,0.0,0.0,Meta reach is non-deduplicated when summed across ads/weeks
2026-07-03,2026-07,Meta Ads,Taco Tuesday,WDM | 2026-06 | Engagement | Boost Posts All,Taco Tuesday - 16 junio 2026 - Copy,No reported result,0.0,0,0.0,0.0,0.0,No reported result,0.0,0.0,Meta reach is non-deduplicated when summed across ads/weeks
2026-07-03,2026-07,Meta Ads,Marinados,WDM | 2026-06 | Awareness | Marinados,IMG | Marinados | Res Pollo y Cerdo,reach,0.0,0,0.0,0.0,0.0,reach,0.0,0.0,Meta reach is non-deduplicated when summed across ads/weeks
2026-07-03,2026-07,Meta Ads,Marinados,SENSIS | 2026-03 | Awareness | Evergreen Campaign | Marinados y Cuaresma,Marinados carousel,reach,0.0,0,0.0,0.0,0.0,reach,0.0,0.0,Meta reach is non-deduplicated when summed across ads/weeks
2026-07-03,2026-07,Meta Ads,Temporadas / Comunidad,SENSIS | 2026-04 | Awareness | Dia del Nino Morelos,IG/FB DIA DEL NINO EN MORELOS,reach,0.0,0,0.0,0.0,0.0,reach,0.0,0.0,Meta reach is non-deduplicated when summed across ads/weeks
2026-07-03,2026-07,Meta Ads,Taco Tuesday,WDM | 2026-06 | Engagement | Boost Posts All,Taco Tuesday - 16 junio 2026 - Copy,No reported result,0.0,0,0.0,0.0,0.0,No reported result,0.0,0.0,Meta reach is non-deduplicated when summed across ads/weeks
2026-07-03,2026-07,Meta Ads,Mundial,WDM | 2026-06 | Awareness | Sellos y Mundial,IMG n Video | Pasaporte | Obtén Pasaporte | Mundial,reach,101.61,34518,33469.0,55.0,33469.0,reach,0.0,0.0,Meta reach is non-deduplicated when summed across ads/weeks
2026-07-03,2026-07,Meta Ads,Taco Tuesday,SENSIS | 2026-05 | Awareness | Taco Tuesday,IG/FB TACO TUESDAY,reach,0.0,0,0.0,0.0,0.0,reach,0.0,0.0,Meta reach is non-deduplicated when summed across ads/weeks
2026-07-03,2026-07,Meta Ads,Taco Tuesday,WDM | 2026-06 | Engagement | Boost Posts All,Taco Tuesday - 16 junio 2026 - Copy,No reported result,0.0,0,0.0,0.0,0.0,No reported result,0.0,0.0,Meta reach is non-deduplicated when summed across ads/weeks
2026-07-03,2026-07,Meta Ads,Mundial,WDM | 2026-06 | Awareness | Sellos y Mundial,IMG n Video | Mundial | Carousel Quien Juega,reach,0.0,0,0.0,0.0,0.0,reach,0.0,0.0,Meta reach is non-deduplicated when summed across ads/weeks
2026-07-03,2026-07,Meta Ads,Marinados,SENSIS | 2026-03 | Awareness | Evergreen Campaign | Marinados y Cuaresma,Momentos Juntos carousel,reach,0.0,0,0.0,0.0,0.0,reach,0.0,0.0,Meta reach is non-deduplicated when summed across ads/weeks
2026-07-03,2026-07,Meta Ads,Taco Tuesday,WDM | 2026-06 | Engagement | Boost Posts All,Taco Tuesday - 16 junio 2026 - Copy,No reported result,0.0,0,0.0,0.0,0.0,No reported result,0.0,0.0,Meta reach is non-deduplicated when summed across ads/weeks
2026-07-03,2026-07,Meta Ads,Productos / Boost Post,WDM | 2026-06 | Traffic | IG Followers,IMG | Morelita Chicharron | IG Follow,No reported result,0.0,0,0.0,0.0,0.0,No reported result,0.0,0.0,Meta reach is non-deduplicated when summed across ads/weeks
2026-07-03,2026-07,Meta Ads,Marinados,SENSIS | 2026-03 | Awareness | Evergreen Campaign | Marinados y Cuaresma,Momentos Juntos single image,reach,0.0,0,0.0,0.0,0.0,reach,0.0,0.0,Meta reach is non-deduplicated when summed across ads/weeks
2026-07-03,2026-07,Meta Ads,Taco Tuesday,WDM | 2026-06 | Engagement | Boost Posts All,Taco Tuesday - 16 junio 2026 - Copy,No reported result,0.0,0,0.0,0.0,0.0,No reported result,0.0,0.0,Meta reach is non-deduplicated when summed across ads/weeks
2026-07-03,2026-07,Meta Ads,Mundial,WDM | 2026-06 | Engagement | Boost Posts All,IG | Boost | Hay Partidos | 06-05-2026 | Mundial,No reported result,0.0,0,0.0,0.0,0.0,No reported result,0.0,0.0,Meta reach is non-deduplicated when summed across ads/weeks
2026-07-03,2026-07,Meta Ads,Marinados,SENSIS | 2026-03 | Awareness | Evergreen Campaign | Marinados y Cuaresma,Cuaresma single image,reach,0.0,0,0.0,0.0,0.0,reach,0.0,0.0,Meta reach is non-deduplicated when summed across ads/weeks
2026-07-03,2026-07,Meta Ads,Taco Tuesday,WDM | 2026-06 | Engagement | Boost Posts All,Taco Tuesday - 16 junio 2026 - Copy,No reported result,0.0,0,0.0,0.0,0.0,No reported result,0.0,0.0,Meta reach is non-deduplicated when summed across ads/weeks
2026-07-03,2026-07,Meta Ads,Productos / Boost Post,WDM | 2026-06 | Engagement | Boost Posts All,IG | Boost | Nosotros Preguntamos | 06-04-2026,No reported result,0.0,0,0.0,0.0,0.0,No reported result,0.0,0.0,Meta reach is non-deduplicated when summed across ads/weeks
2026-07-03,2026-07,Meta Ads,Marinados,SENSIS | 2026-03 | Awareness | Evergreen Campaign | Marinados y Cuaresma,Cuaresma carousel,reach,0.0,0,0.0,0.0,0.0,reach,0.0,0.0,Meta reach is non-deduplicated when summed across ads/weeks
2026-07-03,2026-07,Meta Ads,Taco Tuesday,WDM | 2026-06 | Engagement | Boost Posts All,Taco Tuesday - 16 junio 2026 - Copy,No reported result,0.0,0,0.0,0.0,0.0,No reported result,0.0,0.0,Meta reach is non-deduplicated when summed across ads/weeks
2026-07-03,2026-07,Meta Ads,Productos / Boost Post,WDM | 2026-06 | Engagement | Boost Posts All,IG Post - ¿Vienes al súper?,No reported result,0.0,0,0.0,0.0,0.0,No reported result,0.0,0.0,Meta reach is non-deduplicated when summed across ads/weeks
2026-06-26,2026-06,Meta Ads,Productos / Boost Post,WDM | 2026 AON 1 | Engagement | Boost Posts All,IG | Boost | Carne | ASMR,No reported result,0.0,0,0.0,0.0,0.0,No reported result,0.0,0.0,Meta reach is non-deduplicated when summed across ads/weeks
2026-06-26,2026-06,Meta Ads,Taco Tuesday,WDM | 2026-06 | Engagement | Boost Posts All,Taco Tuesday - 16 junio 2026,No reported result,0.0,0,0.0,0.0,0.0,No reported result,0.0,0.0,Meta reach is non-deduplicated when summed across ads/weeks
2026-06-26,2026-06,Meta Ads,Mundial,WDM | 2026-06 | Engagement | Boost Posts All,IG | Boost | Balon | 06-16-2026 | Mundial,No reported result,0.0,0,0.0,0.0,0.0,No reported result,0.0,0.0,Meta reach is non-deduplicated when summed across ads/weeks
2026-06-26,2026-06,Meta Ads,Productos / Boost Post,WDM | 2026-07 | Conversions | Pollos/Carnitas/Chicharron,Estático | Asados,No reported result,0.0,0,0.0,0.0,0.0,No reported result,0.0,0.0,Meta reach is non-deduplicated when summed across ads/weeks
2026-06-26,2026-06,Meta Ads,Productos / Boost Post,WDM | 2026 AON 1 | Engagement | Boost Posts All,FB | Boost | Carne | ASMR,No reported result,0.0,0,0.0,0.0,0.0,No reported result,0.0,0.0,Meta reach is non-deduplicated when summed across ads/weeks
2026-06-26,2026-06,Meta Ads,Taco Tuesday,WDM | 2026-06 | Engagement | Boost Posts All,IG - Taco Tuesday - 16 junio,No reported result,0.0,0,0.0,0.0,0.0,No reported result,0.0,0.0,Meta reach is non-deduplicated when summed across ads/weeks
2026-06-26,2026-06,Meta Ads,Mundial,WDM | 2026-06 | Engagement | Boost Posts All,IG | Boost | Colombia | 06-23-2026 | Mundial,No reported result,0.0,0,0.0,0.0,0.0,No reported result,0.0,0.0,Meta reach is non-deduplicated when summed across ads/weeks
2026-06-26,2026-06,Meta Ads,Productos / Boost Post,WDM | 2026-07 | Conversions | Parrillada/Carne Asada,Estático | Parrillada,No reported result,0.0,0,0.0,0.0,0.0,No reported result,0.0,0.0,Meta reach is non-deduplicated when summed across ads/weeks
2026-06-26,2026-06,Meta Ads,Productos / Boost Post,WDM | 2026-06 | Engagement | Boost Posts All,FB Post - ¿Vienes al súper?,No reported result,0.0,0,0.0,0.0,0.0,No reported result,0.0,0.0,Meta reach is non-deduplicated when summed across ads/weeks
2026-06-26,2026-06,Meta Ads,Mundial,WDM | 2026-06 | Engagement | Boost Posts All,FB Post - ¿Vienes al súper? | Mundial | Futbolito,No reported result,0.0,0,0.0,0.0,0.0,No reported result,0.0,0.0,Meta reach is non-deduplicated when summed across ads/weeks
2026-06-26,2026-06,Meta Ads,Mundial,WDM | 2026-06 | Engagement | Boost Posts All,IG | Boost | Sellos | 06-23-2026 | Mundial,No reported result,0.0,0,0.0,0.0,0.0,No reported result,0.0,0.0,Meta reach is non-deduplicated when summed across ads/weeks
2026-06-26,2026-06,Meta Ads,Ofertón,WDM | 2026-07 | Traffic | Oferton 30 Jul - 12 Ago,CAROUSEL | Oferton | 30 Jul - 12 Ago,No reported result,0.0,0,0.0,0.0,0.0,No reported result,0.0,0.0,Meta reach is non-deduplicated when summed across ads/weeks
2026-06-26,2026-06,Meta Ads,Productos / Boost Post,WDM | 2026-06 | Engagement | Boost Posts All,FB Post - ¿Vienes al súper?,No reported result,0.0,0,0.0,0.0,0.0,No reported result,0.0,0.0,Meta reach is non-deduplicated when summed across ads/weeks
2026-06-26,2026-06,Meta Ads,Mundial,WDM | 2026-06 | Engagement | Boost Posts All,IG Post - ¿Vienes al súper? - Mundial | Futbolito,No reported result,0.0,0,0.0,0.0,0.0,No reported result,0.0,0.0,Meta reach is non-deduplicated when summed across ads/weeks
2026-06-26,2026-06,Meta Ads,Mundial,WDM | 2026-06 | Awareness | Sellos y Mundial,IMG n Video | Pasaporte Redimir | Participa Sellos,reach,31.43,7664,7654.0,0.0,7654.0,reach,0.0,0.0,Meta reach is non-deduplicated when summed across ads/weeks
2026-06-26,2026-06,Meta Ads,Ofertón,WDM | 2026-07 | Traffic | Oferton 30 Jul - 12 Ago,CAROUSEL | Oferton | 30 Jul - 12 Ago,No reported result,0.0,0,0.0,0.0,0.0,No reported result,0.0,0.0,Meta reach is non-deduplicated when summed across ads/weeks
2026-06-26,2026-06,Meta Ads,Productos / Boost Post,WDM | 2026-06 | Engagement | Boost Posts All,IG Post - ¿Vienes al súper?,No reported result,0.0,0,0.0,0.0,0.0,No reported result,0.0,0.0,Meta reach is non-deduplicated when summed across ads/weeks
2026-06-26,2026-06,Meta Ads,Mundial,WDM | 2026-06 | Engagement | Boost Posts All,IG Post - ¿Vienes al súper? | Mundial | Futbolito,No reported result,0.0,0,0.0,0.0,0.0,No reported result,0.0,0.0,Meta reach is non-deduplicated when summed across ads/weeks
2026-06-26,2026-06,Meta Ads,Taco Tuesday,WDM | 2026-06 | Awareness | Taco Tuesday 5x5,IMG Cuadrada | Morelita Tacos 5x5 | Mejor Trato,reach,442.79,111666,99834.0,311.0,99834.0,reach,0.0,0.0,Meta reach is non-deduplicated when summed across ads/weeks
2026-06-26,2026-06,Meta Ads,Store Visits / AON,WDM | 2026-07 | Awareness | AON Store Visits,Carousel | AON Store Visits | Benefits Cerca,reach,0.0,0,0.0,0.0,0.0,reach,0.0,0.0,Meta reach is non-deduplicated when summed across ads/weeks
2026-06-26,2026-06,Meta Ads,Productos / Boost Post,WDM | 2026-06 | Engagement | Boost Posts All,FB Post - ¿Vienes al súper?,No reported result,0.0,0,0.0,0.0,0.0,No reported result,0.0,0.0,Meta reach is non-deduplicated when summed across ads/weeks
2026-06-26,2026-06,Meta Ads,Mundial,WDM | 2026-06 | Engagement | Boost Posts All,FB Post - ¿Vienes al súper? | Mundial | Futbolito,No reported result,0.0,0,0.0,0.0,0.0,No reported result,0.0,0.0,Meta reach is non-deduplicated when summed across ads/weeks
2026-06-26,2026-06,Meta Ads,Taco Tuesday,WDM | 2026-06 | Engagement | Boost Posts All,IG - Taco Tuesday - 16 junio - Copy,No reported result,0.0,0,0.0,0.0,0.0,No reported result,0.0,0.0,Meta reach is non-deduplicated when summed across ads/weeks
2026-06-26,2026-06,Meta Ads,Productos / Boost Post,WDM | 2026 AON 2 | Engagement | Boost Posts All,IG | Boost | Pina Colada | 07-2026 | Productos & Boost - Copy,No reported result,0.0,0,0.0,0.0,0.0,No reported result,0.0,0.0,Meta reach is non-deduplicated when summed across ads/weeks
2026-06-26,2026-06,Meta Ads,Productos / Boost Post,WDM | 2026-06 | Engagement | Boost Posts All,IG Post - ¿Vienes al súper?,No reported result,0.0,0,0.0,0.0,0.0,No reported result,0.0,0.0,Meta reach is non-deduplicated when summed across ads/weeks
2026-06-26,2026-06,Meta Ads,Productos / Boost Post,SENSIS | 2026-05 | Awareness | Carnitas Pack,IG/FB CARNITAS PACK,reach,0.0,0,0.0,0.0,0.0,reach,0.0,0.0,Meta reach is non-deduplicated when summed across ads/weeks
2026-06-26,2026-06,Meta Ads,Taco Tuesday,WDM | 2026-06 | Engagement | Boost Posts All,IG - Taco Tuesday - 16 junio - Copy,No reported result,0.0,0,0.0,0.0,0.0,No reported result,0.0,0.0,Meta reach is non-deduplicated when summed across ads/weeks
2026-06-26,2026-06,Meta Ads,Productos / Boost Post,WDM | 2026 AON 2 | Engagement | Boost Posts All,IG | Boost | Fried Chicken Ice Cream | 07-2026 | Productos & Boost,No reported result,0.0,0,0.0,0.0,0.0,No reported result,0.0,0.0,Meta reach is non-deduplicated when summed across ads/weeks
2026-06-26,2026-06,Meta Ads,Productos / Boost Post,WDM | 2026-06 | Engagement | Boost Posts All,FB Post - ¿Vienes al súper?,No reported result,0.0,0,0.0,0.0,0.0,No reported result,0.0,0.0,Meta reach is non-deduplicated when summed across ads/weeks
2026-06-26,2026-06,Meta Ads,Mundial,SENSIS | 2026-04 | Engagement | Teaser Muy Pronto | Mundial,"Publicación: ""¡Muy pronto!""",No reported result,0.0,0,0.0,0.0,0.0,No reported result,0.0,0.0,Meta reach is non-deduplicated when summed across ads/weeks
2026-06-26,2026-06,Meta Ads,Taco Tuesday,WDM | 2026-06 | Engagement | Boost Posts All,IG - Taco Tuesday - 16 junio - Copy,No reported result,0.0,0,0.0,0.0,0.0,No reported result,0.0,0.0,Meta reach is non-deduplicated when summed across ads/weeks
2026-06-26,2026-06,Meta Ads,Productos / Boost Post,WDM | 2026-07 | Conversions | Ice Cream | Products,CAROUSEL | Ice Cream | Summer Fruits,No reported result,0.0,0,0.0,0.0,0.0,No reported result,0.0,0.0,Meta reach is non-deduplicated when summed across ads/weeks
2026-06-26,2026-06,Meta Ads,Productos / Boost Post,WDM | 2026-06 | Engagement | Boost Posts All,IG Post - ¿Vienes al súper?,No reported result,0.0,0,0.0,0.0,0.0,No reported result,0.0,0.0,Meta reach is non-deduplicated when summed across ads/weeks
2026-06-26,2026-06,Meta Ads,Temporadas / Comunidad,SENSIS | 2026-05 | Awareness | Memorial Day,IG/FB MEMORIAL DAY,reach,0.0,0,0.0,0.0,0.0,reach,0.0,0.0,Meta reach is non-deduplicated when summed across ads/weeks
2026-06-26,2026-06,Meta Ads,Taco Tuesday,WDM | 2026-06 | Engagement | Boost Posts All,IG - Taco Tuesday - 16 junio - Copy,No reported result,0.0,0,0.0,0.0,0.0,No reported result,0.0,0.0,Meta reach is non-deduplicated when summed across ads/weeks
2026-06-26,2026-06,Meta Ads,Productos / Boost Post,WDM | 2026-07 | Conversions | Ice Cream | Products,VIDEO | Ice Cream | Summer Chicken - UGC,No reported result,0.0,0,0.0,0.0,0.0,No reported result,0.0,0.0,Meta reach is non-deduplicated when summed across ads/weeks
2026-06-26,2026-06,Meta Ads,Productos / Boost Post,WDM | 2026-06 | Engagement | Boost Posts All,FB Post - ¿Vienes al súper?,No reported result,0.0,0,0.0,0.0,0.0,No reported result,0.0,0.0,Meta reach is non-deduplicated when summed across ads/weeks
2026-06-26,2026-06,Meta Ads,Productos / Boost Post,SENSIS | 2026-06 | Awareness | El Calor - Agua Fresca,IG/FB EL CALOR - AGUA FRESCA,reach,0.0,0,0.0,0.0,0.0,reach,0.0,0.0,Meta reach is non-deduplicated when summed across ads/weeks
2026-06-26,2026-06,Meta Ads,Taco Tuesday,WDM | 2026-06 | Engagement | Boost Posts All,IG - Taco Tuesday - 16 junio - Copy,No reported result,0.0,0,0.0,0.0,0.0,No reported result,0.0,0.0,Meta reach is non-deduplicated when summed across ads/weeks
2026-06-26,2026-06,Meta Ads,Ofertón,WDM | 2026-07 | Awareness | Oferton 16 Jul - 29 July,CAROUSEL | Oferton | 16 Jul - 29 Jul,No reported result,0.0,0,0.0,0.0,0.0,No reported result,0.0,0.0,Meta reach is non-deduplicated when summed across ads/weeks
2026-06-26,2026-06,Meta Ads,Productos / Boost Post,WDM | 2026-06 | Engagement | Boost Posts All,IG Post - ¿Vienes al súper?,No reported result,0.0,0,0.0,0.0,0.0,No reported result,0.0,0.0,Meta reach is non-deduplicated when summed across ads/weeks
2026-06-26,2026-06,Meta Ads,Productos / Boost Post,SENSIS | 2026-05 | Awareness | Dia de las Madres - Donas,IG/FB DIA DE LAS MADRES - DONAS,reach,0.0,0,0.0,0.0,0.0,reach,0.0,0.0,Meta reach is non-deduplicated when summed across ads/weeks
2026-06-26,2026-06,Meta Ads,Taco Tuesday,WDM | 2026-06 | Engagement | Boost Posts All,IG - Taco Tuesday - 16 junio - Copy,No reported result,0.0,0,0.0,0.0,0.0,No reported result,0.0,0.0,Meta reach is non-deduplicated when summed across ads/weeks
2026-06-26,2026-06,Meta Ads,Productos / Boost Post,WDM | 2026-07 | Conversions | Ice Cream | Products,IMG | Ice Cream | Summer Chicken,No reported result,0.0,0,0.0,0.0,0.0,No reported result,0.0,0.0,Meta reach is non-deduplicated when summed across ads/weeks
2026-06-26,2026-06,Meta Ads,Productos / Boost Post,WDM | 2026-06 | Engagement | Boost Posts All,FB Post - ¿Vienes al súper?,No reported result,0.0,0,0.0,0.0,0.0,No reported result,0.0,0.0,Meta reach is non-deduplicated when summed across ads/weeks
2026-06-26,2026-06,Meta Ads,Taco Tuesday,SENSIS | 2026-05 | Awareness | Taco Tuesday Promo 5x5,IG/FB TACO TUESDAY PROMO 5X5,reach,0.0,0,0.0,0.0,0.0,reach,0.0,0.0,Meta reach is non-deduplicated when summed across ads/weeks
2026-06-26,2026-06,Meta Ads,Taco Tuesday,WDM | 2026-06 | Engagement | Boost Posts All,IG - Taco Tuesday - 16 junio - Copy,No reported result,0.0,0,0.0,0.0,0.0,No reported result,0.0,0.0,Meta reach is non-deduplicated when summed across ads/weeks
2026-06-26,2026-06,Meta Ads,Productos / Boost Post,WDM | 2026 AON 1 | Engagement | Boost Posts All,IG | Boost | Cafe | Gatos,No reported result,0.0,0,0.0,0.0,0.0,No reported result,0.0,0.0,Meta reach is non-deduplicated when summed across ads/weeks
2026-06-26,2026-06,Meta Ads,Productos / Boost Post,WDM | 2026-06 | Engagement | Boost Posts All,IG Post - ¿Vienes al súper?,No reported result,0.0,0,0.0,0.0,0.0,No reported result,0.0,0.0,Meta reach is non-deduplicated when summed across ads/weeks
2026-06-26,2026-06,Meta Ads,Marinados,SENSIS | 2026-03 | Awareness | Evergreen Campaign | Marinados y Cuaresma,Momentos Juntos single image,reach,0.0,0,0.0,0.0,0.0,reach,0.0,0.0,Meta reach is non-deduplicated when summed across ads/weeks
2026-06-26,2026-06,Meta Ads,Taco Tuesday,WDM | 2026-06 | Engagement | Boost Posts All,IG - Taco Tuesday - 16 junio - Copy,No reported result,0.0,0,0.0,0.0,0.0,No reported result,0.0,0.0,Meta reach is non-deduplicated when summed across ads/weeks
2026-06-26,2026-06,Meta Ads,Productos / Boost Post,WDM | 2026 AON 1 | Engagement | Boost Posts All,FB | Boost | Cafe | Gatos,No reported result,0.0,0,0.0,0.0,0.0,No reported result,0.0,0.0,Meta reach is non-deduplicated when summed across ads/weeks
2026-06-26,2026-06,Meta Ads,Productos / Boost Post,WDM | 2026-06 | Engagement | Boost Posts All,FB Post - ¿Vienes al súper?,No reported result,0.0,0,0.0,0.0,0.0,No reported result,0.0,0.0,Meta reach is non-deduplicated when summed across ads/weeks
2026-06-26,2026-06,Meta Ads,Marinados,SENSIS | 2026-03 | Awareness | Evergreen Campaign | Marinados y Cuaresma,Momentos Juntos carousel,reach,0.0,0,0.0,0.0,0.0,reach,0.0,0.0,Meta reach is non-deduplicated when summed across ads/weeks
2026-06-26,2026-06,Meta Ads,Taco Tuesday,WDM | 2026-06 | Engagement | Boost Posts All,IG - Taco Tuesday - 16 junio - Copy,No reported result,0.0,0,0.0,0.0,0.0,No reported result,0.0,0.0,Meta reach is non-deduplicated when summed across ads/weeks
2026-06-26,2026-06,Meta Ads,Mundial,WDM | 2026 AON 1 | Engagement | Boost Posts All,FB | Boost | Mundial | Sellos,No reported result,0.0,0,0.0,0.0,0.0,No reported result,0.0,0.0,Meta reach is non-deduplicated when summed across ads/weeks
2026-06-26,2026-06,Meta Ads,Productos / Boost Post,WDM | 2026-06 | Engagement | Boost Posts All,IG Post - ¿Vienes al súper?,No reported result,0.0,0,0.0,0.0,0.0,No reported result,0.0,0.0,Meta reach is non-deduplicated when summed across ads/weeks
2026-06-26,2026-06,Meta Ads,Temporadas / Comunidad,SENSIS | 2026-05 | Awareness | Dia de las Madres,IG/FB DIA DE LAS MADRES,reach,0.0,0,0.0,0.0,0.0,reach,0.0,0.0,Meta reach is non-deduplicated when summed across ads/weeks
2026-06-26,2026-06,Meta Ads,Taco Tuesday,WDM | 2026-06 | Engagement | Boost Posts All,IG - Taco Tuesday - 16 junio - Copy,No reported result,0.0,0,0.0,0.0,0.0,No reported result,0.0,0.0,Meta reach is non-deduplicated when summed across ads/weeks
2026-06-26,2026-06,Meta Ads,Mundial,WDM | 2026 AON 1 | Engagement | Boost Posts All,IG | Boost | Mundial | Sellos,No reported result,0.0,0,0.0,0.0,0.0,No reported result,0.0,0.0,Meta reach is non-deduplicated when summed across ads/weeks
2026-06-26,2026-06,Meta Ads,Productos / Boost Post,WDM | 2026-06 | Engagement | Boost Posts All,FB Post - ¿Vienes al súper?,No reported result,0.0,0,0.0,0.0,0.0,No reported result,0.0,0.0,Meta reach is non-deduplicated when summed across ads/weeks
2026-06-26,2026-06,Meta Ads,Productos / Boost Post,SENSIS | 2026-05 | Awareness | Chicharron,IG/FB CHICHARRON - MAY,reach,0.0,0,0.0,0.0,0.0,reach,0.0,0.0,Meta reach is non-deduplicated when summed across ads/weeks
2026-06-26,2026-06,Meta Ads,Taco Tuesday,WDM | 2026-06 | Engagement | Boost Posts All,Taco Tuesday - 16 junio 2026 - Copy,No reported result,0.0,0,0.0,0.0,0.0,No reported result,0.0,0.0,Meta reach is non-deduplicated when summed across ads/weeks
2026-06-26,2026-06,Meta Ads,Ofertón,WDM | 2026-07 | Awareness | Oferton 2 Jul - 15 July,CAROUSEL | Oferton | 2 Jul - 15 Jul,No reported result,0.0,0,0.0,0.0,0.0,No reported result,0.0,0.0,Meta reach is non-deduplicated when summed across ads/weeks
2026-06-26,2026-06,Meta Ads,Productos / Boost Post,WDM | 2026-06 | Engagement | Boost Posts All,IG Post - ¿Vienes al súper?,No reported result,0.0,0,0.0,0.0,0.0,No reported result,0.0,0.0,Meta reach is non-deduplicated when summed across ads/weeks
2026-06-26,2026-06,Meta Ads,Productos / Boost Post,SENSIS | 2026-05 | Awareness | Pollo Asado Horneado,IG/FB POLLO ASADO HORNEADO,reach,0.0,0,0.0,0.0,0.0,reach,0.0,0.0,Meta reach is non-deduplicated when summed across ads/weeks
2026-06-26,2026-06,Meta Ads,Taco Tuesday,WDM | 2026-06 | Engagement | Boost Posts All,Taco Tuesday - 16 junio 2026 - Copy,No reported result,0.0,0,0.0,0.0,0.0,No reported result,0.0,0.0,Meta reach is non-deduplicated when summed across ads/weeks
2026-06-26,2026-06,Meta Ads,Taco Tuesday,WDM | 2026-07 | Awareness | Taco Tuesday 5x5 - July,IMG Cuadrada | Morelita Tacos 5x5 | Mejor Trato,reach,0.0,0,0.0,0.0,0.0,reach,0.0,0.0,Meta reach is non-deduplicated when summed across ads/weeks
2026-06-26,2026-06,Meta Ads,Productos / Boost Post,WDM | 2026-06 | Engagement | Boost Posts All,FB Post - ¿Vienes al súper?,No reported result,0.0,0,0.0,0.0,0.0,No reported result,0.0,0.0,Meta reach is non-deduplicated when summed across ads/weeks
2026-06-26,2026-06,Meta Ads,Productos / Boost Post,SENSIS | 2026-05 | Awareness | Chicharron y Aguas Frescas,IG/FB CHICHARRON & AGUAS FRESCAS,reach,0.0,0,0.0,0.0,0.0,reach,0.0,0.0,Meta reach is non-deduplicated when summed across ads/weeks
2026-06-26,2026-06,Meta Ads,Taco Tuesday,WDM | 2026-06 | Engagement | Boost Posts All,Taco Tuesday - 16 junio 2026 - Copy,No reported result,0.0,0,0.0,0.0,0.0,No reported result,0.0,0.0,Meta reach is non-deduplicated when summed across ads/weeks
2026-06-26,2026-06,Meta Ads,Ofertón,WDM | 2026-06 | Awareness | Oferton 18 Jun - 1 Jul,CAROUSEL | Oferton | 18 Jun - 1 Jul,actions:link_click,228.53,84071,30447.0,1728.0,1728.0,actions:link_click,0.0,0.0,Meta reach is non-deduplicated when summed across ads/weeks
2026-06-26,2026-06,Meta Ads,Marinados,SENSIS | 2026-03 | Awareness | Evergreen Campaign | Marinados y Cuaresma,Marinados single image,reach,0.0,0,0.0,0.0,0.0,reach,0.0,0.0,Meta reach is non-deduplicated when summed across ads/weeks
2026-06-26,2026-06,Meta Ads,Productos / Boost Post,SENSIS | 2026-05 | Awareness | Vitrolito Aguas Frescas,IG/FB VITROLITO AGUAS FRESCAS,reach,0.0,0,0.0,0.0,0.0,reach,0.0,0.0,Meta reach is non-deduplicated when summed across ads/weeks
2026-06-26,2026-06,Meta Ads,Taco Tuesday,WDM | 2026-06 | Engagement | Boost Posts All,Taco Tuesday - 16 junio 2026 - Copy,No reported result,0.0,0,0.0,0.0,0.0,No reported result,0.0,0.0,Meta reach is non-deduplicated when summed across ads/weeks
2026-06-26,2026-06,Meta Ads,Marinados,WDM | 2026-06 | Awareness | Marinados,IMG | Marinados | Res Pollo y Cerdo,reach,772.12,201605,132875.0,311.0,132875.0,reach,0.0,0.0,Meta reach is non-deduplicated when summed across ads/weeks
2026-06-26,2026-06,Meta Ads,Marinados,SENSIS | 2026-03 | Awareness | Evergreen Campaign | Marinados y Cuaresma,Marinados carousel,reach,0.0,0,0.0,0.0,0.0,reach,0.0,0.0,Meta reach is non-deduplicated when summed across ads/weeks
2026-06-26,2026-06,Meta Ads,Temporadas / Comunidad,SENSIS | 2026-04 | Awareness | Dia del Nino Morelos,IG/FB DIA DEL NINO EN MORELOS,reach,0.0,0,0.0,0.0,0.0,reach,0.0,0.0,Meta reach is non-deduplicated when summed across ads/weeks
2026-06-26,2026-06,Meta Ads,Taco Tuesday,WDM | 2026-06 | Engagement | Boost Posts All,Taco Tuesday - 16 junio 2026 - Copy,No reported result,0.0,0,0.0,0.0,0.0,No reported result,0.0,0.0,Meta reach is non-deduplicated when summed across ads/weeks
2026-06-26,2026-06,Meta Ads,Mundial,WDM | 2026-06 | Awareness | Sellos y Mundial,IMG n Video | Pasaporte | Obtén Pasaporte | Mundial,reach,639.1,154316,146813.0,257.0,146813.0,reach,0.0,0.0,Meta reach is non-deduplicated when summed across ads/weeks
2026-06-26,2026-06,Meta Ads,Taco Tuesday,SENSIS | 2026-05 | Awareness | Taco Tuesday,IG/FB TACO TUESDAY,reach,0.0,0,0.0,0.0,0.0,reach,0.0,0.0,Meta reach is non-deduplicated when summed across ads/weeks
2026-06-26,2026-06,Meta Ads,Taco Tuesday,WDM | 2026-06 | Engagement | Boost Posts All,Taco Tuesday - 16 junio 2026 - Copy,No reported result,0.0,0,0.0,0.0,0.0,No reported result,0.0,0.0,Meta reach is non-deduplicated when summed across ads/weeks
2026-06-26,2026-06,Meta Ads,Mundial,WDM | 2026-06 | Awareness | Sellos y Mundial,IMG n Video | Mundial | Carousel Quien Juega,reach,1607.77,388206,328749.0,652.0,328749.0,reach,0.0,0.0,Meta reach is non-deduplicated when summed across ads/weeks
2026-06-26,2026-06,Meta Ads,Marinados,SENSIS | 2026-03 | Awareness | Evergreen Campaign | Marinados y Cuaresma,Momentos Juntos carousel,reach,0.0,0,0.0,0.0,0.0,reach,0.0,0.0,Meta reach is non-deduplicated when summed across ads/weeks
2026-06-26,2026-06,Meta Ads,Taco Tuesday,WDM | 2026-06 | Engagement | Boost Posts All,Taco Tuesday - 16 junio 2026 - Copy,No reported result,0.0,0,0.0,0.0,0.0,No reported result,0.0,0.0,Meta reach is non-deduplicated when summed across ads/weeks
2026-06-26,2026-06,Meta Ads,Productos / Boost Post,WDM | 2026-06 | Traffic | IG Followers,IMG | Morelita Chicharron | IG Follow,profile_visit_view,173.1,19975,16856.0,360.0,348.0,profile_visit_view,0.0,0.0,Meta reach is non-deduplicated when summed across ads/weeks
2026-06-26,2026-06,Meta Ads,Marinados,SENSIS | 2026-03 | Awareness | Evergreen Campaign | Marinados y Cuaresma,Momentos Juntos single image,reach,0.0,0,0.0,0.0,0.0,reach,0.0,0.0,Meta reach is non-deduplicated when summed across ads/weeks
2026-06-26,2026-06,Meta Ads,Taco Tuesday,WDM | 2026-06 | Engagement | Boost Posts All,Taco Tuesday - 16 junio 2026 - Copy,No reported result,0.0,0,0.0,0.0,0.0,No reported result,0.0,0.0,Meta reach is non-deduplicated when summed across ads/weeks
2026-06-26,2026-06,Meta Ads,Mundial,WDM | 2026-06 | Engagement | Boost Posts All,IG | Boost | Hay Partidos | 06-05-2026 | Mundial,No reported result,0.0,0,0.0,0.0,0.0,No reported result,0.0,0.0,Meta reach is non-deduplicated when summed across ads/weeks
2026-06-26,2026-06,Meta Ads,Marinados,SENSIS | 2026-03 | Awareness | Evergreen Campaign | Marinados y Cuaresma,Cuaresma single image,reach,0.0,0,0.0,0.0,0.0,reach,0.0,0.0,Meta reach is non-deduplicated when summed across ads/weeks
2026-06-26,2026-06,Meta Ads,Taco Tuesday,WDM | 2026-06 | Engagement | Boost Posts All,Taco Tuesday - 16 junio 2026 - Copy,No reported result,0.0,0,0.0,0.0,0.0,No reported result,0.0,0.0,Meta reach is non-deduplicated when summed across ads/weeks
2026-06-26,2026-06,Meta Ads,Productos / Boost Post,WDM | 2026-06 | Engagement | Boost Posts All,IG | Boost | Nosotros Preguntamos | 06-04-2026,No reported result,0.0,0,0.0,0.0,0.0,No reported result,0.0,0.0,Meta reach is non-deduplicated when summed across ads/weeks
2026-06-26,2026-06,Meta Ads,Marinados,SENSIS | 2026-03 | Awareness | Evergreen Campaign | Marinados y Cuaresma,Cuaresma carousel,reach,0.0,0,0.0,0.0,0.0,reach,0.0,0.0,Meta reach is non-deduplicated when summed across ads/weeks
2026-06-26,2026-06,Meta Ads,Taco Tuesday,WDM | 2026-06 | Engagement | Boost Posts All,Taco Tuesday - 16 junio 2026 - Copy,No reported result,0.0,0,0.0,0.0,0.0,No reported result,0.0,0.0,Meta reach is non-deduplicated when summed across ads/weeks
2026-06-26,2026-06,Meta Ads,Productos / Boost Post,WDM | 2026-06 | Engagement | Boost Posts All,IG Post - ¿Vienes al súper?,No reported result,0.0,0,0.0,0.0,0.0,No reported result,0.0,0.0,Meta reach is non-deduplicated when summed across ads/weeks
2026-06-19,2026-06,Meta Ads,Productos / Boost Post,WDM | 2026 AON 1 | Engagement | Boost Posts All,IG | Boost | Carne | ASMR,No reported result,0.0,0,0.0,0.0,0.0,No reported result,0.0,0.0,Meta reach is non-deduplicated when summed across ads/weeks
2026-06-19,2026-06,Meta Ads,Taco Tuesday,WDM | 2026-06 | Engagement | Boost Posts All,Taco Tuesday - 16 junio 2026,actions:post_engagement,3.15,557,506.0,0.0,41.0,actions:post_engagement,0.0,0.0,Meta reach is non-deduplicated when summed across ads/weeks
2026-06-19,2026-06,Meta Ads,Mundial,WDM | 2026-06 | Engagement | Boost Posts All,IG | Boost | Balon | 06-16-2026 | Mundial,actions:post_engagement,1.31,45,41.0,0.0,3.0,actions:post_engagement,0.0,0.0,Meta reach is non-deduplicated when summed across ads/weeks
2026-06-19,2026-06,Meta Ads,Productos / Boost Post,WDM | 2026-07 | Conversions | Pollos/Carnitas/Chicharron,Estático | Asados,No reported result,0.0,0,0.0,0.0,0.0,No reported result,0.0,0.0,Meta reach is non-deduplicated when summed across ads/weeks
2026-06-19,2026-06,Meta Ads,Productos / Boost Post,WDM | 2026 AON 1 | Engagement | Boost Posts All,FB | Boost | Carne | ASMR,No reported result,0.0,0,0.0,0.0,0.0,No reported result,0.0,0.0,Meta reach is non-deduplicated when summed across ads/weeks
2026-06-19,2026-06,Meta Ads,Taco Tuesday,WDM | 2026-06 | Engagement | Boost Posts All,IG - Taco Tuesday - 16 junio,actions:post_engagement,2.08,124,121.0,0.0,6.0,actions:post_engagement,0.0,0.0,Meta reach is non-deduplicated when summed across ads/weeks
2026-06-19,2026-06,Meta Ads,Mundial,WDM | 2026-06 | Engagement | Boost Posts All,IG | Boost | Colombia | 06-23-2026 | Mundial,actions:post_engagement,2.48,96,90.0,1.0,4.0,actions:post_engagement,0.0,0.0,Meta reach is non-deduplicated when summed across ads/weeks
2026-06-19,2026-06,Meta Ads,Productos / Boost Post,WDM | 2026-07 | Conversions | Parrillada/Carne Asada,Estático | Parrillada,No reported result,0.0,0,0.0,0.0,0.0,No reported result,0.0,0.0,Meta reach is non-deduplicated when summed across ads/weeks
2026-06-19,2026-06,Meta Ads,Productos / Boost Post,WDM | 2026-06 | Engagement | Boost Posts All,FB Post - ¿Vienes al súper?,No reported result,0.0,0,0.0,0.0,0.0,No reported result,0.0,0.0,Meta reach is non-deduplicated when summed across ads/weeks
2026-06-19,2026-06,Meta Ads,Mundial,WDM | 2026-06 | Engagement | Boost Posts All,FB Post - ¿Vienes al súper? | Mundial | Futbolito,No reported result,0.0,0,0.0,0.0,0.0,No reported result,0.0,0.0,Meta reach is non-deduplicated when summed across ads/weeks
2026-06-19,2026-06,Meta Ads,Mundial,WDM | 2026-06 | Engagement | Boost Posts All,IG | Boost | Sellos | 06-23-2026 | Mundial,No reported result,0.05,4,4.0,0.0,0.0,No reported result,0.0,0.0,Meta reach is non-deduplicated when summed across ads/weeks
2026-06-19,2026-06,Meta Ads,Ofertón,WDM | 2026-07 | Traffic | Oferton 30 Jul - 12 Ago,CAROUSEL | Oferton | 30 Jul - 12 Ago,No reported result,0.0,0,0.0,0.0,0.0,No reported result,0.0,0.0,Meta reach is non-deduplicated when summed across ads/weeks
2026-06-19,2026-06,Meta Ads,Productos / Boost Post,WDM | 2026-06 | Engagement | Boost Posts All,FB Post - ¿Vienes al súper?,No reported result,0.0,0,0.0,0.0,0.0,No reported result,0.0,0.0,Meta reach is non-deduplicated when summed across ads/weeks
2026-06-19,2026-06,Meta Ads,Mundial,WDM | 2026-06 | Engagement | Boost Posts All,IG Post - ¿Vienes al súper? - Mundial | Futbolito,No reported result,0.0,0,0.0,0.0,0.0,No reported result,0.0,0.0,Meta reach is non-deduplicated when summed across ads/weeks
2026-06-19,2026-06,Meta Ads,Mundial,WDM | 2026-06 | Awareness | Sellos y Mundial,IMG n Video | Pasaporte Redimir | Participa Sellos,reach,236.39,54923,53479.0,11.0,53479.0,reach,0.0,0.0,Meta reach is non-deduplicated when summed across ads/weeks
2026-06-19,2026-06,Meta Ads,Ofertón,WDM | 2026-07 | Traffic | Oferton 30 Jul - 12 Ago,CAROUSEL | Oferton | 30 Jul - 12 Ago,No reported result,0.0,0,0.0,0.0,0.0,No reported result,0.0,0.0,Meta reach is non-deduplicated when summed across ads/weeks
2026-06-19,2026-06,Meta Ads,Productos / Boost Post,WDM | 2026-06 | Engagement | Boost Posts All,IG Post - ¿Vienes al súper?,No reported result,0.0,0,0.0,0.0,0.0,No reported result,0.0,0.0,Meta reach is non-deduplicated when summed across ads/weeks
2026-06-19,2026-06,Meta Ads,Mundial,WDM | 2026-06 | Engagement | Boost Posts All,IG Post - ¿Vienes al súper? | Mundial | Futbolito,No reported result,0.0,0,0.0,0.0,0.0,No reported result,0.0,0.0,Meta reach is non-deduplicated when summed across ads/weeks
2026-06-19,2026-06,Meta Ads,Taco Tuesday,WDM | 2026-06 | Awareness | Taco Tuesday 5x5,IMG Cuadrada | Morelita Tacos 5x5 | Mejor Trato,reach,88.34,23325,22274.0,64.0,22274.0,reach,0.0,0.0,Meta reach is non-deduplicated when summed across ads/weeks
2026-06-19,2026-06,Meta Ads,Store Visits / AON,WDM | 2026-07 | Awareness | AON Store Visits,Carousel | AON Store Visits | Benefits Cerca,reach,0.0,0,0.0,0.0,0.0,reach,0.0,0.0,Meta reach is non-deduplicated when summed across ads/weeks
2026-06-19,2026-06,Meta Ads,Productos / Boost Post,WDM | 2026-06 | Engagement | Boost Posts All,FB Post - ¿Vienes al súper?,No reported result,0.0,0,0.0,0.0,0.0,No reported result,0.0,0.0,Meta reach is non-deduplicated when summed across ads/weeks
2026-06-19,2026-06,Meta Ads,Mundial,WDM | 2026-06 | Engagement | Boost Posts All,FB Post - ¿Vienes al súper? | Mundial | Futbolito,No reported result,0.0,0,0.0,0.0,0.0,No reported result,0.0,0.0,Meta reach is non-deduplicated when summed across ads/weeks
2026-06-19,2026-06,Meta Ads,Taco Tuesday,WDM | 2026-06 | Engagement | Boost Posts All,IG - Taco Tuesday - 16 junio - Copy,actions:post_engagement,1.62,129,118.0,0.0,6.0,actions:post_engagement,0.0,0.0,Meta reach is non-deduplicated when summed across ads/weeks
2026-06-19,2026-06,Meta Ads,Productos / Boost Post,WDM | 2026 AON 2 | Engagement | Boost Posts All,IG | Boost | Pina Colada | 07-2026 | Productos & Boost - Copy,No reported result,0.0,0,0.0,0.0,0.0,No reported result,0.0,0.0,Meta reach is non-deduplicated when summed across ads/weeks
2026-06-19,2026-06,Meta Ads,Productos / Boost Post,WDM | 2026-06 | Engagement | Boost Posts All,IG Post - ¿Vienes al súper?,No reported result,0.0,0,0.0,0.0,0.0,No reported result,0.0,0.0,Meta reach is non-deduplicated when summed across ads/weeks
2026-06-19,2026-06,Meta Ads,Productos / Boost Post,SENSIS | 2026-05 | Awareness | Carnitas Pack,IG/FB CARNITAS PACK,reach,0.0,0,0.0,0.0,0.0,reach,0.0,0.0,Meta reach is non-deduplicated when summed across ads/weeks
2026-06-19,2026-06,Meta Ads,Taco Tuesday,WDM | 2026-06 | Engagement | Boost Posts All,IG - Taco Tuesday - 16 junio - Copy,actions:post_engagement,1.66,96,85.0,0.0,13.0,actions:post_engagement,0.0,0.0,Meta reach is non-deduplicated when summed across ads/weeks
2026-06-19,2026-06,Meta Ads,Productos / Boost Post,WDM | 2026 AON 2 | Engagement | Boost Posts All,IG | Boost | Fried Chicken Ice Cream | 07-2026 | Productos & Boost,No reported result,0.0,0,0.0,0.0,0.0,No reported result,0.0,0.0,Meta reach is non-deduplicated when summed across ads/weeks
2026-06-19,2026-06,Meta Ads,Productos / Boost Post,WDM | 2026-06 | Engagement | Boost Posts All,FB Post - ¿Vienes al súper?,No reported result,0.0,0,0.0,0.0,0.0,No reported result,0.0,0.0,Meta reach is non-deduplicated when summed across ads/weeks
2026-06-19,2026-06,Meta Ads,Mundial,SENSIS | 2026-04 | Engagement | Teaser Muy Pronto | Mundial,"Publicación: ""¡Muy pronto!""",No reported result,0.0,0,0.0,0.0,0.0,No reported result,0.0,0.0,Meta reach is non-deduplicated when summed across ads/weeks
2026-06-19,2026-06,Meta Ads,Taco Tuesday,WDM | 2026-06 | Engagement | Boost Posts All,IG - Taco Tuesday - 16 junio - Copy,actions:post_engagement,1.72,110,103.0,0.0,4.0,actions:post_engagement,0.0,0.0,Meta reach is non-deduplicated when summed across ads/weeks
2026-06-19,2026-06,Meta Ads,Productos / Boost Post,WDM | 2026-07 | Conversions | Ice Cream | Products,CAROUSEL | Ice Cream | Summer Fruits,No reported result,0.0,0,0.0,0.0,0.0,No reported result,0.0,0.0,Meta reach is non-deduplicated when summed across ads/weeks
2026-06-19,2026-06,Meta Ads,Productos / Boost Post,WDM | 2026-06 | Engagement | Boost Posts All,IG Post - ¿Vienes al súper?,No reported result,0.0,0,0.0,0.0,0.0,No reported result,0.0,0.0,Meta reach is non-deduplicated when summed across ads/weeks
2026-06-19,2026-06,Meta Ads,Temporadas / Comunidad,SENSIS | 2026-05 | Awareness | Memorial Day,IG/FB MEMORIAL DAY,reach,0.0,0,0.0,0.0,0.0,reach,0.0,0.0,Meta reach is non-deduplicated when summed across ads/weeks
2026-06-19,2026-06,Meta Ads,Taco Tuesday,WDM | 2026-06 | Engagement | Boost Posts All,IG - Taco Tuesday - 16 junio - Copy,actions:post_engagement,1.71,122,117.0,0.0,14.0,actions:post_engagement,0.0,0.0,Meta reach is non-deduplicated when summed across ads/weeks
2026-06-19,2026-06,Meta Ads,Productos / Boost Post,WDM | 2026-07 | Conversions | Ice Cream | Products,VIDEO | Ice Cream | Summer Chicken - UGC,No reported result,0.0,0,0.0,0.0,0.0,No reported result,0.0,0.0,Meta reach is non-deduplicated when summed across ads/weeks
2026-06-19,2026-06,Meta Ads,Productos / Boost Post,WDM | 2026-06 | Engagement | Boost Posts All,FB Post - ¿Vienes al súper?,No reported result,0.0,0,0.0,0.0,0.0,No reported result,0.0,0.0,Meta reach is non-deduplicated when summed across ads/weeks
2026-06-19,2026-06,Meta Ads,Productos / Boost Post,SENSIS | 2026-06 | Awareness | El Calor - Agua Fresca,IG/FB EL CALOR - AGUA FRESCA,reach,0.0,0,0.0,0.0,0.0,reach,0.0,0.0,Meta reach is non-deduplicated when summed across ads/weeks
2026-06-19,2026-06,Meta Ads,Taco Tuesday,WDM | 2026-06 | Engagement | Boost Posts All,IG - Taco Tuesday - 16 junio - Copy,actions:post_engagement,1.72,107,99.0,0.0,10.0,actions:post_engagement,0.0,0.0,Meta reach is non-deduplicated when summed across ads/weeks
2026-06-19,2026-06,Meta Ads,Ofertón,WDM | 2026-07 | Awareness | Oferton 16 Jul - 29 July,CAROUSEL | Oferton | 16 Jul - 29 Jul,No reported result,0.0,0,0.0,0.0,0.0,No reported result,0.0,0.0,Meta reach is non-deduplicated when summed across ads/weeks
2026-06-19,2026-06,Meta Ads,Productos / Boost Post,WDM | 2026-06 | Engagement | Boost Posts All,IG Post - ¿Vienes al súper?,No reported result,0.0,0,0.0,0.0,0.0,No reported result,0.0,0.0,Meta reach is non-deduplicated when summed across ads/weeks
2026-06-19,2026-06,Meta Ads,Productos / Boost Post,SENSIS | 2026-05 | Awareness | Dia de las Madres - Donas,IG/FB DIA DE LAS MADRES - DONAS,reach,0.0,0,0.0,0.0,0.0,reach,0.0,0.0,Meta reach is non-deduplicated when summed across ads/weeks
2026-06-19,2026-06,Meta Ads,Taco Tuesday,WDM | 2026-06 | Engagement | Boost Posts All,IG - Taco Tuesday - 16 junio - Copy,actions:post_engagement,1.93,95,90.0,0.0,7.0,actions:post_engagement,0.0,0.0,Meta reach is non-deduplicated when summed across ads/weeks
2026-06-19,2026-06,Meta Ads,Productos / Boost Post,WDM | 2026-07 | Conversions | Ice Cream | Products,IMG | Ice Cream | Summer Chicken,No reported result,0.0,0,0.0,0.0,0.0,No reported result,0.0,0.0,Meta reach is non-deduplicated when summed across ads/weeks
2026-06-19,2026-06,Meta Ads,Productos / Boost Post,WDM | 2026-06 | Engagement | Boost Posts All,FB Post - ¿Vienes al súper?,No reported result,0.0,0,0.0,0.0,0.0,No reported result,0.0,0.0,Meta reach is non-deduplicated when summed across ads/weeks
2026-06-19,2026-06,Meta Ads,Taco Tuesday,SENSIS | 2026-05 | Awareness | Taco Tuesday Promo 5x5,IG/FB TACO TUESDAY PROMO 5X5,reach,0.0,0,0.0,0.0,0.0,reach,0.0,0.0,Meta reach is non-deduplicated when summed across ads/weeks
2026-06-19,2026-06,Meta Ads,Taco Tuesday,WDM | 2026-06 | Engagement | Boost Posts All,IG - Taco Tuesday - 16 junio - Copy,actions:post_engagement,1.56,122,111.0,0.0,12.0,actions:post_engagement,0.0,0.0,Meta reach is non-deduplicated when summed across ads/weeks
2026-06-19,2026-06,Meta Ads,Productos / Boost Post,WDM | 2026 AON 1 | Engagement | Boost Posts All,IG | Boost | Cafe | Gatos,No reported result,0.0,0,0.0,0.0,0.0,No reported result,0.0,0.0,Meta reach is non-deduplicated when summed across ads/weeks
2026-06-19,2026-06,Meta Ads,Productos / Boost Post,WDM | 2026-06 | Engagement | Boost Posts All,IG Post - ¿Vienes al súper?,No reported result,0.0,0,0.0,0.0,0.0,No reported result,0.0,0.0,Meta reach is non-deduplicated when summed across ads/weeks
2026-06-19,2026-06,Meta Ads,Marinados,SENSIS | 2026-03 | Awareness | Evergreen Campaign | Marinados y Cuaresma,Momentos Juntos single image,reach,0.0,0,0.0,0.0,0.0,reach,0.0,0.0,Meta reach is non-deduplicated when summed across ads/weeks
2026-06-19,2026-06,Meta Ads,Taco Tuesday,WDM | 2026-06 | Engagement | Boost Posts All,IG - Taco Tuesday - 16 junio - Copy,actions:post_engagement,1.8,116,114.0,0.0,10.0,actions:post_engagement,0.0,0.0,Meta reach is non-deduplicated when summed across ads/weeks
2026-06-19,2026-06,Meta Ads,Productos / Boost Post,WDM | 2026 AON 1 | Engagement | Boost Posts All,FB | Boost | Cafe | Gatos,No reported result,0.0,0,0.0,0.0,0.0,No reported result,0.0,0.0,Meta reach is non-deduplicated when summed across ads/weeks
2026-06-19,2026-06,Meta Ads,Productos / Boost Post,WDM | 2026-06 | Engagement | Boost Posts All,FB Post - ¿Vienes al súper?,No reported result,0.0,0,0.0,0.0,0.0,No reported result,0.0,0.0,Meta reach is non-deduplicated when summed across ads/weeks
2026-06-19,2026-06,Meta Ads,Marinados,SENSIS | 2026-03 | Awareness | Evergreen Campaign | Marinados y Cuaresma,Momentos Juntos carousel,reach,0.0,0,0.0,0.0,0.0,reach,0.0,0.0,Meta reach is non-deduplicated when summed across ads/weeks
2026-06-19,2026-06,Meta Ads,Taco Tuesday,WDM | 2026-06 | Engagement | Boost Posts All,IG - Taco Tuesday - 16 junio - Copy,actions:post_engagement,1.99,135,121.0,0.0,12.0,actions:post_engagement,0.0,0.0,Meta reach is non-deduplicated when summed across ads/weeks
2026-06-19,2026-06,Meta Ads,Mundial,WDM | 2026 AON 1 | Engagement | Boost Posts All,FB | Boost | Mundial | Sellos,No reported result,0.0,0,0.0,0.0,0.0,No reported result,0.0,0.0,Meta reach is non-deduplicated when summed across ads/weeks
2026-06-19,2026-06,Meta Ads,Productos / Boost Post,WDM | 2026-06 | Engagement | Boost Posts All,IG Post - ¿Vienes al súper?,No reported result,0.0,0,0.0,0.0,0.0,No reported result,0.0,0.0,Meta reach is non-deduplicated when summed across ads/weeks
2026-06-19,2026-06,Meta Ads,Temporadas / Comunidad,SENSIS | 2026-05 | Awareness | Dia de las Madres,IG/FB DIA DE LAS MADRES,reach,0.0,0,0.0,0.0,0.0,reach,0.0,0.0,Meta reach is non-deduplicated when summed across ads/weeks
2026-06-19,2026-06,Meta Ads,Taco Tuesday,WDM | 2026-06 | Engagement | Boost Posts All,IG - Taco Tuesday - 16 junio - Copy,actions:post_engagement,2.48,109,98.0,0.0,10.0,actions:post_engagement,0.0,0.0,Meta reach is non-deduplicated when summed across ads/weeks
2026-06-19,2026-06,Meta Ads,Mundial,WDM | 2026 AON 1 | Engagement | Boost Posts All,IG | Boost | Mundial | Sellos,No reported result,0.0,0,0.0,0.0,0.0,No reported result,0.0,0.0,Meta reach is non-deduplicated when summed across ads/weeks
2026-06-19,2026-06,Meta Ads,Productos / Boost Post,WDM | 2026-06 | Engagement | Boost Posts All,FB Post - ¿Vienes al súper?,No reported result,0.0,0,0.0,0.0,0.0,No reported result,0.0,0.0,Meta reach is non-deduplicated when summed across ads/weeks
2026-06-19,2026-06,Meta Ads,Productos / Boost Post,SENSIS | 2026-05 | Awareness | Chicharron,IG/FB CHICHARRON - MAY,reach,0.0,0,0.0,0.0,0.0,reach,0.0,0.0,Meta reach is non-deduplicated when summed across ads/weeks
2026-06-19,2026-06,Meta Ads,Taco Tuesday,WDM | 2026-06 | Engagement | Boost Posts All,Taco Tuesday - 16 junio 2026 - Copy,actions:post_engagement,3.34,529,489.0,0.0,27.0,actions:post_engagement,0.0,0.0,Meta reach is non-deduplicated when summed across ads/weeks
2026-06-19,2026-06,Meta Ads,Ofertón,WDM | 2026-07 | Awareness | Oferton 2 Jul - 15 July,CAROUSEL | Oferton | 2 Jul - 15 Jul,No reported result,0.0,0,0.0,0.0,0.0,No reported result,0.0,0.0,Meta reach is non-deduplicated when summed across ads/weeks
2026-06-19,2026-06,Meta Ads,Productos / Boost Post,WDM | 2026-06 | Engagement | Boost Posts All,IG Post - ¿Vienes al súper?,No reported result,0.0,0,0.0,0.0,0.0,No reported result,0.0,0.0,Meta reach is non-deduplicated when summed across ads/weeks
2026-06-19,2026-06,Meta Ads,Productos / Boost Post,SENSIS | 2026-05 | Awareness | Pollo Asado Horneado,IG/FB POLLO ASADO HORNEADO,reach,0.0,0,0.0,0.0,0.0,reach,0.0,0.0,Meta reach is non-deduplicated when summed across ads/weeks
2026-06-19,2026-06,Meta Ads,Taco Tuesday,WDM | 2026-06 | Engagement | Boost Posts All,Taco Tuesday - 16 junio 2026 - Copy,actions:post_engagement,2.81,391,354.0,0.0,36.0,actions:post_engagement,0.0,0.0,Meta reach is non-deduplicated when summed across ads/weeks
2026-06-19,2026-06,Meta Ads,Taco Tuesday,WDM | 2026-07 | Awareness | Taco Tuesday 5x5 - July,IMG Cuadrada | Morelita Tacos 5x5 | Mejor Trato,reach,0.0,0,0.0,0.0,0.0,reach,0.0,0.0,Meta reach is non-deduplicated when summed across ads/weeks
2026-06-19,2026-06,Meta Ads,Productos / Boost Post,WDM | 2026-06 | Engagement | Boost Posts All,FB Post - ¿Vienes al súper?,No reported result,0.0,0,0.0,0.0,0.0,No reported result,0.0,0.0,Meta reach is non-deduplicated when summed across ads/weeks
2026-06-19,2026-06,Meta Ads,Productos / Boost Post,SENSIS | 2026-05 | Awareness | Chicharron y Aguas Frescas,IG/FB CHICHARRON & AGUAS FRESCAS,reach,0.0,0,0.0,0.0,0.0,reach,0.0,0.0,Meta reach is non-deduplicated when summed across ads/weeks
2026-06-19,2026-06,Meta Ads,Taco Tuesday,WDM | 2026-06 | Engagement | Boost Posts All,Taco Tuesday - 16 junio 2026 - Copy,actions:post_engagement,3.35,532,497.0,0.0,42.0,actions:post_engagement,0.0,0.0,Meta reach is non-deduplicated when summed across ads/weeks
2026-06-19,2026-06,Meta Ads,Ofertón,WDM | 2026-06 | Awareness | Oferton 18 Jun - 1 Jul,CAROUSEL | Oferton | 18 Jun - 1 Jul,No reported result,0.0,0,0.0,0.0,0.0,No reported result,0.0,0.0,Meta reach is non-deduplicated when summed across ads/weeks
2026-06-19,2026-06,Meta Ads,Marinados,SENSIS | 2026-03 | Awareness | Evergreen Campaign | Marinados y Cuaresma,Marinados single image,reach,0.0,0,0.0,0.0,0.0,reach,0.0,0.0,Meta reach is non-deduplicated when summed across ads/weeks
2026-06-19,2026-06,Meta Ads,Productos / Boost Post,SENSIS | 2026-05 | Awareness | Vitrolito Aguas Frescas,IG/FB VITROLITO AGUAS FRESCAS,reach,0.0,0,0.0,0.0,0.0,reach,0.0,0.0,Meta reach is non-deduplicated when summed across ads/weeks
2026-06-19,2026-06,Meta Ads,Taco Tuesday,WDM | 2026-06 | Engagement | Boost Posts All,Taco Tuesday - 16 junio 2026 - Copy,actions:post_engagement,3.24,428,386.0,0.0,31.0,actions:post_engagement,0.0,0.0,Meta reach is non-deduplicated when summed across ads/weeks
2026-06-19,2026-06,Meta Ads,Marinados,WDM | 2026-06 | Awareness | Marinados,IMG | Marinados | Res Pollo y Cerdo,reach,0.0,0,0.0,0.0,0.0,reach,0.0,0.0,Meta reach is non-deduplicated when summed across ads/weeks
2026-06-19,2026-06,Meta Ads,Marinados,SENSIS | 2026-03 | Awareness | Evergreen Campaign | Marinados y Cuaresma,Marinados carousel,reach,0.0,0,0.0,0.0,0.0,reach,0.0,0.0,Meta reach is non-deduplicated when summed across ads/weeks
2026-06-19,2026-06,Meta Ads,Temporadas / Comunidad,SENSIS | 2026-04 | Awareness | Dia del Nino Morelos,IG/FB DIA DEL NINO EN MORELOS,reach,0.0,0,0.0,0.0,0.0,reach,0.0,0.0,Meta reach is non-deduplicated when summed across ads/weeks
2026-06-19,2026-06,Meta Ads,Taco Tuesday,WDM | 2026-06 | Engagement | Boost Posts All,Taco Tuesday - 16 junio 2026 - Copy,actions:post_engagement,3.05,411,363.0,0.0,33.0,actions:post_engagement,0.0,0.0,Meta reach is non-deduplicated when summed across ads/weeks
2026-06-19,2026-06,Meta Ads,Mundial,WDM | 2026-06 | Awareness | Sellos y Mundial,IMG n Video | Pasaporte | Obtén Pasaporte | Mundial,reach,169.18,38734,35681.0,67.0,35681.0,reach,0.0,0.0,Meta reach is non-deduplicated when summed across ads/weeks
2026-06-19,2026-06,Meta Ads,Taco Tuesday,SENSIS | 2026-05 | Awareness | Taco Tuesday,IG/FB TACO TUESDAY,reach,0.0,0,0.0,0.0,0.0,reach,0.0,0.0,Meta reach is non-deduplicated when summed across ads/weeks
2026-06-19,2026-06,Meta Ads,Taco Tuesday,WDM | 2026-06 | Engagement | Boost Posts All,Taco Tuesday - 16 junio 2026 - Copy,actions:post_engagement,2.99,555,520.0,0.0,33.0,actions:post_engagement,0.0,0.0,Meta reach is non-deduplicated when summed across ads/weeks
2026-06-19,2026-06,Meta Ads,Mundial,WDM | 2026-06 | Awareness | Sellos y Mundial,IMG n Video | Mundial | Carousel Quien Juega,reach,1237.63,282441,255894.0,456.0,255894.0,reach,0.0,0.0,Meta reach is non-deduplicated when summed across ads/weeks
2026-06-19,2026-06,Meta Ads,Marinados,SENSIS | 2026-03 | Awareness | Evergreen Campaign | Marinados y Cuaresma,Momentos Juntos carousel,reach,0.0,0,0.0,0.0,0.0,reach,0.0,0.0,Meta reach is non-deduplicated when summed across ads/weeks
2026-06-19,2026-06,Meta Ads,Taco Tuesday,WDM | 2026-06 | Engagement | Boost Posts All,Taco Tuesday - 16 junio 2026 - Copy,actions:post_engagement,3.3,463,409.0,1.0,34.0,actions:post_engagement,0.0,0.0,Meta reach is non-deduplicated when summed across ads/weeks
2026-06-19,2026-06,Meta Ads,Productos / Boost Post,WDM | 2026-06 | Traffic | IG Followers,IMG | Morelita Chicharron | IG Follow,profile_visit_view,207.05,25143,19162.0,417.0,365.0,profile_visit_view,0.0,0.0,Meta reach is non-deduplicated when summed across ads/weeks
2026-06-19,2026-06,Meta Ads,Marinados,SENSIS | 2026-03 | Awareness | Evergreen Campaign | Marinados y Cuaresma,Momentos Juntos single image,reach,0.0,0,0.0,0.0,0.0,reach,0.0,0.0,Meta reach is non-deduplicated when summed across ads/weeks
2026-06-19,2026-06,Meta Ads,Taco Tuesday,WDM | 2026-06 | Engagement | Boost Posts All,Taco Tuesday - 16 junio 2026 - Copy,actions:post_engagement,3.31,574,526.0,0.0,42.0,actions:post_engagement,0.0,0.0,Meta reach is non-deduplicated when summed across ads/weeks
2026-06-19,2026-06,Meta Ads,Mundial,WDM | 2026-06 | Engagement | Boost Posts All,IG | Boost | Hay Partidos | 06-05-2026 | Mundial,actions:post_engagement,1.06,57,56.0,0.0,1.0,actions:post_engagement,0.0,0.0,Meta reach is non-deduplicated when summed across ads/weeks
2026-06-19,2026-06,Meta Ads,Marinados,SENSIS | 2026-03 | Awareness | Evergreen Campaign | Marinados y Cuaresma,Cuaresma single image,reach,0.0,0,0.0,0.0,0.0,reach,0.0,0.0,Meta reach is non-deduplicated when summed across ads/weeks
2026-06-19,2026-06,Meta Ads,Taco Tuesday,WDM | 2026-06 | Engagement | Boost Posts All,Taco Tuesday - 16 junio 2026 - Copy,actions:post_engagement,3.27,486,424.0,0.0,38.0,actions:post_engagement,0.0,0.0,Meta reach is non-deduplicated when summed across ads/weeks
2026-06-19,2026-06,Meta Ads,Productos / Boost Post,WDM | 2026-06 | Engagement | Boost Posts All,IG | Boost | Nosotros Preguntamos | 06-04-2026,actions:post_engagement,1.34,63,60.0,0.0,18.0,actions:post_engagement,0.0,0.0,Meta reach is non-deduplicated when summed across ads/weeks
2026-06-19,2026-06,Meta Ads,Marinados,SENSIS | 2026-03 | Awareness | Evergreen Campaign | Marinados y Cuaresma,Cuaresma carousel,reach,0.0,0,0.0,0.0,0.0,reach,0.0,0.0,Meta reach is non-deduplicated when summed across ads/weeks
2026-06-19,2026-06,Meta Ads,Taco Tuesday,WDM | 2026-06 | Engagement | Boost Posts All,Taco Tuesday - 16 junio 2026 - Copy,actions:post_engagement,3.13,509,466.0,0.0,36.0,actions:post_engagement,0.0,0.0,Meta reach is non-deduplicated when summed across ads/weeks
2026-06-19,2026-06,Meta Ads,Productos / Boost Post,WDM | 2026-06 | Engagement | Boost Posts All,IG Post - ¿Vienes al súper?,No reported result,0.0,0,0.0,0.0,0.0,No reported result,0.0,0.0,Meta reach is non-deduplicated when summed across ads/weeks
2026-06-12,2026-06,Meta Ads,Productos / Boost Post,WDM | 2026 AON 1 | Engagement | Boost Posts All,IG | Boost | Carne | ASMR,No reported result,0.0,0,0.0,0.0,0.0,No reported result,0.0,0.0,Meta reach is non-deduplicated when summed across ads/weeks
2026-06-12,2026-06,Meta Ads,Taco Tuesday,WDM | 2026-06 | Engagement | Boost Posts All,Taco Tuesday - 16 junio 2026,No reported result,0.0,0,0.0,0.0,0.0,No reported result,0.0,0.0,Meta reach is non-deduplicated when summed across ads/weeks
2026-06-12,2026-06,Meta Ads,Mundial,WDM | 2026-06 | Engagement | Boost Posts All,IG | Boost | Balon | 06-16-2026 | Mundial,No reported result,0.0,0,0.0,0.0,0.0,No reported result,0.0,0.0,Meta reach is non-deduplicated when summed across ads/weeks
2026-06-12,2026-06,Meta Ads,Productos / Boost Post,WDM | 2026-07 | Conversions | Pollos/Carnitas/Chicharron,Estático | Asados,No reported result,0.0,0,0.0,0.0,0.0,No reported result,0.0,0.0,Meta reach is non-deduplicated when summed across ads/weeks
2026-06-12,2026-06,Meta Ads,Productos / Boost Post,WDM | 2026 AON 1 | Engagement | Boost Posts All,FB | Boost | Carne | ASMR,No reported result,0.0,0,0.0,0.0,0.0,No reported result,0.0,0.0,Meta reach is non-deduplicated when summed across ads/weeks
2026-06-12,2026-06,Meta Ads,Taco Tuesday,WDM | 2026-06 | Engagement | Boost Posts All,IG - Taco Tuesday - 16 junio,No reported result,0.0,0,0.0,0.0,0.0,No reported result,0.0,0.0,Meta reach is non-deduplicated when summed across ads/weeks
2026-06-12,2026-06,Meta Ads,Mundial,WDM | 2026-06 | Engagement | Boost Posts All,IG | Boost | Colombia | 06-23-2026 | Mundial,No reported result,0.0,0,0.0,0.0,0.0,No reported result,0.0,0.0,Meta reach is non-deduplicated when summed across ads/weeks
2026-06-12,2026-06,Meta Ads,Productos / Boost Post,WDM | 2026-07 | Conversions | Parrillada/Carne Asada,Estático | Parrillada,No reported result,0.0,0,0.0,0.0,0.0,No reported result,0.0,0.0,Meta reach is non-deduplicated when summed across ads/weeks
2026-06-12,2026-06,Meta Ads,Productos / Boost Post,WDM | 2026-06 | Engagement | Boost Posts All,FB Post - ¿Vienes al súper?,No reported result,0.0,0,0.0,0.0,0.0,No reported result,0.0,0.0,Meta reach is non-deduplicated when summed across ads/weeks
2026-06-12,2026-06,Meta Ads,Mundial,WDM | 2026-06 | Engagement | Boost Posts All,FB Post - ¿Vienes al súper? | Mundial | Futbolito,actions:post_engagement,28.73,2746,2083.0,0.0,74.0,actions:post_engagement,0.0,0.0,Meta reach is non-deduplicated when summed across ads/weeks
2026-06-12,2026-06,Meta Ads,Mundial,WDM | 2026-06 | Engagement | Boost Posts All,IG | Boost | Sellos | 06-23-2026 | Mundial,No reported result,0.0,0,0.0,0.0,0.0,No reported result,0.0,0.0,Meta reach is non-deduplicated when summed across ads/weeks
2026-06-12,2026-06,Meta Ads,Ofertón,WDM | 2026-07 | Traffic | Oferton 30 Jul - 12 Ago,CAROUSEL | Oferton | 30 Jul - 12 Ago,No reported result,0.0,0,0.0,0.0,0.0,No reported result,0.0,0.0,Meta reach is non-deduplicated when summed across ads/weeks
2026-06-12,2026-06,Meta Ads,Productos / Boost Post,WDM | 2026-06 | Engagement | Boost Posts All,FB Post - ¿Vienes al súper?,No reported result,0.0,0,0.0,0.0,0.0,No reported result,0.0,0.0,Meta reach is non-deduplicated when summed across ads/weeks
2026-06-12,2026-06,Meta Ads,Mundial,WDM | 2026-06 | Engagement | Boost Posts All,IG Post - ¿Vienes al súper? - Mundial | Futbolito,actions:post_engagement,27.42,1434,1086.0,0.0,84.0,actions:post_engagement,0.0,0.0,Meta reach is non-deduplicated when summed across ads/weeks
2026-06-12,2026-06,Meta Ads,Mundial,WDM | 2026-06 | Awareness | Sellos y Mundial,IMG n Video | Pasaporte Redimir | Participa Sellos,reach,0.0,0,0.0,0.0,0.0,reach,0.0,0.0,Meta reach is non-deduplicated when summed across ads/weeks
2026-06-12,2026-06,Meta Ads,Ofertón,WDM | 2026-07 | Traffic | Oferton 30 Jul - 12 Ago,CAROUSEL | Oferton | 30 Jul - 12 Ago,No reported result,0.0,0,0.0,0.0,0.0,No reported result,0.0,0.0,Meta reach is non-deduplicated when summed across ads/weeks
2026-06-12,2026-06,Meta Ads,Productos / Boost Post,WDM | 2026-06 | Engagement | Boost Posts All,IG Post - ¿Vienes al súper?,No reported result,0.0,0,0.0,0.0,0.0,No reported result,0.0,0.0,Meta reach is non-deduplicated when summed across ads/weeks
2026-06-12,2026-06,Meta Ads,Mundial,WDM | 2026-06 | Engagement | Boost Posts All,IG Post - ¿Vienes al súper? | Mundial | Futbolito,actions:post_engagement,21.44,1199,858.0,0.0,63.0,actions:post_engagement,0.0,0.0,Meta reach is non-deduplicated when summed across ads/weeks
2026-06-12,2026-06,Meta Ads,Taco Tuesday,WDM | 2026-06 | Awareness | Taco Tuesday 5x5,IMG Cuadrada | Morelita Tacos 5x5 | Mejor Trato,reach,0.0,0,0.0,0.0,0.0,reach,0.0,0.0,Meta reach is non-deduplicated when summed across ads/weeks
2026-06-12,2026-06,Meta Ads,Store Visits / AON,WDM | 2026-07 | Awareness | AON Store Visits,Carousel | AON Store Visits | Benefits Cerca,reach,0.0,0,0.0,0.0,0.0,reach,0.0,0.0,Meta reach is non-deduplicated when summed across ads/weeks
2026-06-12,2026-06,Meta Ads,Productos / Boost Post,WDM | 2026-06 | Engagement | Boost Posts All,FB Post - ¿Vienes al súper?,No reported result,0.0,0,0.0,0.0,0.0,No reported result,0.0,0.0,Meta reach is non-deduplicated when summed across ads/weeks
2026-06-12,2026-06,Meta Ads,Mundial,WDM | 2026-06 | Engagement | Boost Posts All,FB Post - ¿Vienes al súper? | Mundial | Futbolito,actions:post_engagement,24.11,3251,2374.0,0.0,50.0,actions:post_engagement,0.0,0.0,Meta reach is non-deduplicated when summed across ads/weeks
2026-06-12,2026-06,Meta Ads,Taco Tuesday,WDM | 2026-06 | Engagement | Boost Posts All,IG - Taco Tuesday - 16 junio - Copy,No reported result,0.0,0,0.0,0.0,0.0,No reported result,0.0,0.0,Meta reach is non-deduplicated when summed across ads/weeks
2026-06-12,2026-06,Meta Ads,Productos / Boost Post,WDM | 2026 AON 2 | Engagement | Boost Posts All,IG | Boost | Pina Colada | 07-2026 | Productos & Boost - Copy,No reported result,0.0,0,0.0,0.0,0.0,No reported result,0.0,0.0,Meta reach is non-deduplicated when summed across ads/weeks
2026-06-12,2026-06,Meta Ads,Productos / Boost Post,WDM | 2026-06 | Engagement | Boost Posts All,IG Post - ¿Vienes al súper?,No reported result,0.0,0,0.0,0.0,0.0,No reported result,0.0,0.0,Meta reach is non-deduplicated when summed across ads/weeks
2026-06-12,2026-06,Meta Ads,Productos / Boost Post,SENSIS | 2026-05 | Awareness | Carnitas Pack,IG/FB CARNITAS PACK,reach,0.0,0,0.0,0.0,0.0,reach,0.0,0.0,Meta reach is non-deduplicated when summed across ads/weeks
2026-06-12,2026-06,Meta Ads,Taco Tuesday,WDM | 2026-06 | Engagement | Boost Posts All,IG - Taco Tuesday - 16 junio - Copy,No reported result,0.0,0,0.0,0.0,0.0,No reported result,0.0,0.0,Meta reach is non-deduplicated when summed across ads/weeks
2026-06-12,2026-06,Meta Ads,Productos / Boost Post,WDM | 2026 AON 2 | Engagement | Boost Posts All,IG | Boost | Fried Chicken Ice Cream | 07-2026 | Productos & Boost,No reported result,0.0,0,0.0,0.0,0.0,No reported result,0.0,0.0,Meta reach is non-deduplicated when summed across ads/weeks
2026-06-12,2026-06,Meta Ads,Productos / Boost Post,WDM | 2026-06 | Engagement | Boost Posts All,FB Post - ¿Vienes al súper?,No reported result,0.0,0,0.0,0.0,0.0,No reported result,0.0,0.0,Meta reach is non-deduplicated when summed across ads/weeks
2026-06-12,2026-06,Meta Ads,Mundial,SENSIS | 2026-04 | Engagement | Teaser Muy Pronto | Mundial,"Publicación: ""¡Muy pronto!""",No reported result,0.0,0,0.0,0.0,0.0,No reported result,0.0,0.0,Meta reach is non-deduplicated when summed across ads/weeks
2026-06-12,2026-06,Meta Ads,Taco Tuesday,WDM | 2026-06 | Engagement | Boost Posts All,IG - Taco Tuesday - 16 junio - Copy,No reported result,0.0,0,0.0,0.0,0.0,No reported result,0.0,0.0,Meta reach is non-deduplicated when summed across ads/weeks
2026-06-12,2026-06,Meta Ads,Productos / Boost Post,WDM | 2026-07 | Conversions | Ice Cream | Products,CAROUSEL | Ice Cream | Summer Fruits,No reported result,0.0,0,0.0,0.0,0.0,No reported result,0.0,0.0,Meta reach is non-deduplicated when summed across ads/weeks
2026-06-12,2026-06,Meta Ads,Productos / Boost Post,WDM | 2026-06 | Engagement | Boost Posts All,IG Post - ¿Vienes al súper?,No reported result,0.0,0,0.0,0.0,0.0,No reported result,0.0,0.0,Meta reach is non-deduplicated when summed across ads/weeks
2026-06-12,2026-06,Meta Ads,Temporadas / Comunidad,SENSIS | 2026-05 | Awareness | Memorial Day,IG/FB MEMORIAL DAY,reach,0.0,0,0.0,0.0,0.0,reach,0.0,0.0,Meta reach is non-deduplicated when summed across ads/weeks
2026-06-12,2026-06,Meta Ads,Taco Tuesday,WDM | 2026-06 | Engagement | Boost Posts All,IG - Taco Tuesday - 16 junio - Copy,No reported result,0.0,0,0.0,0.0,0.0,No reported result,0.0,0.0,Meta reach is non-deduplicated when summed across ads/weeks
2026-06-12,2026-06,Meta Ads,Productos / Boost Post,WDM | 2026-07 | Conversions | Ice Cream | Products,VIDEO | Ice Cream | Summer Chicken - UGC,No reported result,0.0,0,0.0,0.0,0.0,No reported result,0.0,0.0,Meta reach is non-deduplicated when summed across ads/weeks
2026-06-12,2026-06,Meta Ads,Productos / Boost Post,WDM | 2026-06 | Engagement | Boost Posts All,FB Post - ¿Vienes al súper?,No reported result,0.0,0,0.0,0.0,0.0,No reported result,0.0,0.0,Meta reach is non-deduplicated when summed across ads/weeks
2026-06-12,2026-06,Meta Ads,Productos / Boost Post,SENSIS | 2026-06 | Awareness | El Calor - Agua Fresca,IG/FB EL CALOR - AGUA FRESCA,reach,0.0,0,0.0,0.0,0.0,reach,0.0,0.0,Meta reach is non-deduplicated when summed across ads/weeks
2026-06-12,2026-06,Meta Ads,Taco Tuesday,WDM | 2026-06 | Engagement | Boost Posts All,IG - Taco Tuesday - 16 junio - Copy,No reported result,0.0,0,0.0,0.0,0.0,No reported result,0.0,0.0,Meta reach is non-deduplicated when summed across ads/weeks
2026-06-12,2026-06,Meta Ads,Ofertón,WDM | 2026-07 | Awareness | Oferton 16 Jul - 29 July,CAROUSEL | Oferton | 16 Jul - 29 Jul,No reported result,0.0,0,0.0,0.0,0.0,No reported result,0.0,0.0,Meta reach is non-deduplicated when summed across ads/weeks
2026-06-12,2026-06,Meta Ads,Productos / Boost Post,WDM | 2026-06 | Engagement | Boost Posts All,IG Post - ¿Vienes al súper?,No reported result,0.0,0,0.0,0.0,0.0,No reported result,0.0,0.0,Meta reach is non-deduplicated when summed across ads/weeks
2026-06-12,2026-06,Meta Ads,Productos / Boost Post,SENSIS | 2026-05 | Awareness | Dia de las Madres - Donas,IG/FB DIA DE LAS MADRES - DONAS,reach,0.0,0,0.0,0.0,0.0,reach,0.0,0.0,Meta reach is non-deduplicated when summed across ads/weeks
2026-06-12,2026-06,Meta Ads,Taco Tuesday,WDM | 2026-06 | Engagement | Boost Posts All,IG - Taco Tuesday - 16 junio - Copy,No reported result,0.0,0,0.0,0.0,0.0,No reported result,0.0,0.0,Meta reach is non-deduplicated when summed across ads/weeks
2026-06-12,2026-06,Meta Ads,Productos / Boost Post,WDM | 2026-07 | Conversions | Ice Cream | Products,IMG | Ice Cream | Summer Chicken,No reported result,0.0,0,0.0,0.0,0.0,No reported result,0.0,0.0,Meta reach is non-deduplicated when summed across ads/weeks
2026-06-12,2026-06,Meta Ads,Productos / Boost Post,WDM | 2026-06 | Engagement | Boost Posts All,FB Post - ¿Vienes al súper?,No reported result,0.0,0,0.0,0.0,0.0,No reported result,0.0,0.0,Meta reach is non-deduplicated when summed across ads/weeks
2026-06-12,2026-06,Meta Ads,Taco Tuesday,SENSIS | 2026-05 | Awareness | Taco Tuesday Promo 5x5,IG/FB TACO TUESDAY PROMO 5X5,reach,0.0,0,0.0,0.0,0.0,reach,0.0,0.0,Meta reach is non-deduplicated when summed across ads/weeks
2026-06-12,2026-06,Meta Ads,Taco Tuesday,WDM | 2026-06 | Engagement | Boost Posts All,IG - Taco Tuesday - 16 junio - Copy,No reported result,0.0,0,0.0,0.0,0.0,No reported result,0.0,0.0,Meta reach is non-deduplicated when summed across ads/weeks
2026-06-12,2026-06,Meta Ads,Productos / Boost Post,WDM | 2026 AON 1 | Engagement | Boost Posts All,IG | Boost | Cafe | Gatos,No reported result,0.0,0,0.0,0.0,0.0,No reported result,0.0,0.0,Meta reach is non-deduplicated when summed across ads/weeks
2026-06-12,2026-06,Meta Ads,Productos / Boost Post,WDM | 2026-06 | Engagement | Boost Posts All,IG Post - ¿Vienes al súper?,No reported result,0.0,0,0.0,0.0,0.0,No reported result,0.0,0.0,Meta reach is non-deduplicated when summed across ads/weeks
2026-06-12,2026-06,Meta Ads,Marinados,SENSIS | 2026-03 | Awareness | Evergreen Campaign | Marinados y Cuaresma,Momentos Juntos single image,reach,0.0,0,0.0,0.0,0.0,reach,0.0,0.0,Meta reach is non-deduplicated when summed across ads/weeks
2026-06-12,2026-06,Meta Ads,Taco Tuesday,WDM | 2026-06 | Engagement | Boost Posts All,IG - Taco Tuesday - 16 junio - Copy,No reported result,0.0,0,0.0,0.0,0.0,No reported result,0.0,0.0,Meta reach is non-deduplicated when summed across ads/weeks
2026-06-12,2026-06,Meta Ads,Productos / Boost Post,WDM | 2026 AON 1 | Engagement | Boost Posts All,FB | Boost | Cafe | Gatos,No reported result,0.0,0,0.0,0.0,0.0,No reported result,0.0,0.0,Meta reach is non-deduplicated when summed across ads/weeks
2026-06-12,2026-06,Meta Ads,Productos / Boost Post,WDM | 2026-06 | Engagement | Boost Posts All,FB Post - ¿Vienes al súper?,No reported result,0.0,0,0.0,0.0,0.0,No reported result,0.0,0.0,Meta reach is non-deduplicated when summed across ads/weeks
2026-06-12,2026-06,Meta Ads,Marinados,SENSIS | 2026-03 | Awareness | Evergreen Campaign | Marinados y Cuaresma,Momentos Juntos carousel,reach,0.0,0,0.0,0.0,0.0,reach,0.0,0.0,Meta reach is non-deduplicated when summed across ads/weeks
2026-06-12,2026-06,Meta Ads,Taco Tuesday,WDM | 2026-06 | Engagement | Boost Posts All,IG - Taco Tuesday - 16 junio - Copy,No reported result,0.0,0,0.0,0.0,0.0,No reported result,0.0,0.0,Meta reach is non-deduplicated when summed across ads/weeks
2026-06-12,2026-06,Meta Ads,Mundial,WDM | 2026 AON 1 | Engagement | Boost Posts All,FB | Boost | Mundial | Sellos,No reported result,0.0,0,0.0,0.0,0.0,No reported result,0.0,0.0,Meta reach is non-deduplicated when summed across ads/weeks
2026-06-12,2026-06,Meta Ads,Productos / Boost Post,WDM | 2026-06 | Engagement | Boost Posts All,IG Post - ¿Vienes al súper?,No reported result,0.0,0,0.0,0.0,0.0,No reported result,0.0,0.0,Meta reach is non-deduplicated when summed across ads/weeks
2026-06-12,2026-06,Meta Ads,Temporadas / Comunidad,SENSIS | 2026-05 | Awareness | Dia de las Madres,IG/FB DIA DE LAS MADRES,reach,0.0,0,0.0,0.0,0.0,reach,0.0,0.0,Meta reach is non-deduplicated when summed across ads/weeks
2026-06-12,2026-06,Meta Ads,Taco Tuesday,WDM | 2026-06 | Engagement | Boost Posts All,IG - Taco Tuesday - 16 junio - Copy,No reported result,0.0,0,0.0,0.0,0.0,No reported result,0.0,0.0,Meta reach is non-deduplicated when summed across ads/weeks
2026-06-12,2026-06,Meta Ads,Mundial,WDM | 2026 AON 1 | Engagement | Boost Posts All,IG | Boost | Mundial | Sellos,No reported result,0.0,0,0.0,0.0,0.0,No reported result,0.0,0.0,Meta reach is non-deduplicated when summed across ads/weeks
2026-06-12,2026-06,Meta Ads,Productos / Boost Post,WDM | 2026-06 | Engagement | Boost Posts All,FB Post - ¿Vienes al súper?,No reported result,0.0,0,0.0,0.0,0.0,No reported result,0.0,0.0,Meta reach is non-deduplicated when summed across ads/weeks
2026-06-12,2026-06,Meta Ads,Productos / Boost Post,SENSIS | 2026-05 | Awareness | Chicharron,IG/FB CHICHARRON - MAY,reach,0.0,0,0.0,0.0,0.0,reach,0.0,0.0,Meta reach is non-deduplicated when summed across ads/weeks
2026-06-12,2026-06,Meta Ads,Taco Tuesday,WDM | 2026-06 | Engagement | Boost Posts All,Taco Tuesday - 16 junio 2026 - Copy,No reported result,0.0,0,0.0,0.0,0.0,No reported result,0.0,0.0,Meta reach is non-deduplicated when summed across ads/weeks
2026-06-12,2026-06,Meta Ads,Ofertón,WDM | 2026-07 | Awareness | Oferton 2 Jul - 15 July,CAROUSEL | Oferton | 2 Jul - 15 Jul,No reported result,0.0,0,0.0,0.0,0.0,No reported result,0.0,0.0,Meta reach is non-deduplicated when summed across ads/weeks
2026-06-12,2026-06,Meta Ads,Productos / Boost Post,WDM | 2026-06 | Engagement | Boost Posts All,IG Post - ¿Vienes al súper?,No reported result,0.0,0,0.0,0.0,0.0,No reported result,0.0,0.0,Meta reach is non-deduplicated when summed across ads/weeks
2026-06-12,2026-06,Meta Ads,Productos / Boost Post,SENSIS | 2026-05 | Awareness | Pollo Asado Horneado,IG/FB POLLO ASADO HORNEADO,reach,0.0,0,0.0,0.0,0.0,reach,0.0,0.0,Meta reach is non-deduplicated when summed across ads/weeks
2026-06-12,2026-06,Meta Ads,Taco Tuesday,WDM | 2026-06 | Engagement | Boost Posts All,Taco Tuesday - 16 junio 2026 - Copy,No reported result,0.0,0,0.0,0.0,0.0,No reported result,0.0,0.0,Meta reach is non-deduplicated when summed across ads/weeks
2026-06-12,2026-06,Meta Ads,Taco Tuesday,WDM | 2026-07 | Awareness | Taco Tuesday 5x5 - July,IMG Cuadrada | Morelita Tacos 5x5 | Mejor Trato,reach,0.0,0,0.0,0.0,0.0,reach,0.0,0.0,Meta reach is non-deduplicated when summed across ads/weeks
2026-06-12,2026-06,Meta Ads,Productos / Boost Post,WDM | 2026-06 | Engagement | Boost Posts All,FB Post - ¿Vienes al súper?,No reported result,0.0,0,0.0,0.0,0.0,No reported result,0.0,0.0,Meta reach is non-deduplicated when summed across ads/weeks
2026-06-12,2026-06,Meta Ads,Productos / Boost Post,SENSIS | 2026-05 | Awareness | Chicharron y Aguas Frescas,IG/FB CHICHARRON & AGUAS FRESCAS,reach,0.0,0,0.0,0.0,0.0,reach,0.0,0.0,Meta reach is non-deduplicated when summed across ads/weeks
2026-06-12,2026-06,Meta Ads,Taco Tuesday,WDM | 2026-06 | Engagement | Boost Posts All,Taco Tuesday - 16 junio 2026 - Copy,No reported result,0.0,0,0.0,0.0,0.0,No reported result,0.0,0.0,Meta reach is non-deduplicated when summed across ads/weeks
2026-06-12,2026-06,Meta Ads,Ofertón,WDM | 2026-06 | Awareness | Oferton 18 Jun - 1 Jul,CAROUSEL | Oferton | 18 Jun - 1 Jul,No reported result,0.0,0,0.0,0.0,0.0,No reported result,0.0,0.0,Meta reach is non-deduplicated when summed across ads/weeks
2026-06-12,2026-06,Meta Ads,Marinados,SENSIS | 2026-03 | Awareness | Evergreen Campaign | Marinados y Cuaresma,Marinados single image,reach,0.0,0,0.0,0.0,0.0,reach,0.0,0.0,Meta reach is non-deduplicated when summed across ads/weeks
2026-06-12,2026-06,Meta Ads,Productos / Boost Post,SENSIS | 2026-05 | Awareness | Vitrolito Aguas Frescas,IG/FB VITROLITO AGUAS FRESCAS,reach,0.0,0,0.0,0.0,0.0,reach,0.0,0.0,Meta reach is non-deduplicated when summed across ads/weeks
2026-06-12,2026-06,Meta Ads,Taco Tuesday,WDM | 2026-06 | Engagement | Boost Posts All,Taco Tuesday - 16 junio 2026 - Copy,No reported result,0.0,0,0.0,0.0,0.0,No reported result,0.0,0.0,Meta reach is non-deduplicated when summed across ads/weeks
2026-06-12,2026-06,Meta Ads,Marinados,WDM | 2026-06 | Awareness | Marinados,IMG | Marinados | Res Pollo y Cerdo,reach,0.0,0,0.0,0.0,0.0,reach,0.0,0.0,Meta reach is non-deduplicated when summed across ads/weeks
2026-06-12,2026-06,Meta Ads,Marinados,SENSIS | 2026-03 | Awareness | Evergreen Campaign | Marinados y Cuaresma,Marinados carousel,reach,0.0,0,0.0,0.0,0.0,reach,0.0,0.0,Meta reach is non-deduplicated when summed across ads/weeks
2026-06-12,2026-06,Meta Ads,Temporadas / Comunidad,SENSIS | 2026-04 | Awareness | Dia del Nino Morelos,IG/FB DIA DEL NINO EN MORELOS,reach,0.0,0,0.0,0.0,0.0,reach,0.0,0.0,Meta reach is non-deduplicated when summed across ads/weeks
2026-06-12,2026-06,Meta Ads,Taco Tuesday,WDM | 2026-06 | Engagement | Boost Posts All,Taco Tuesday - 16 junio 2026 - Copy,No reported result,0.0,0,0.0,0.0,0.0,No reported result,0.0,0.0,Meta reach is non-deduplicated when summed across ads/weeks
2026-06-12,2026-06,Meta Ads,Mundial,WDM | 2026-06 | Awareness | Sellos y Mundial,IMG n Video | Pasaporte | Obtén Pasaporte | Mundial,reach,0.0,0,0.0,0.0,0.0,reach,0.0,0.0,Meta reach is non-deduplicated when summed across ads/weeks
2026-06-12,2026-06,Meta Ads,Taco Tuesday,SENSIS | 2026-05 | Awareness | Taco Tuesday,IG/FB TACO TUESDAY,reach,0.0,0,0.0,0.0,0.0,reach,0.0,0.0,Meta reach is non-deduplicated when summed across ads/weeks
2026-06-12,2026-06,Meta Ads,Taco Tuesday,WDM | 2026-06 | Engagement | Boost Posts All,Taco Tuesday - 16 junio 2026 - Copy,No reported result,0.0,0,0.0,0.0,0.0,No reported result,0.0,0.0,Meta reach is non-deduplicated when summed across ads/weeks
2026-06-12,2026-06,Meta Ads,Mundial,WDM | 2026-06 | Awareness | Sellos y Mundial,IMG n Video | Mundial | Carousel Quien Juega,reach,0.0,0,0.0,0.0,0.0,reach,0.0,0.0,Meta reach is non-deduplicated when summed across ads/weeks
2026-06-12,2026-06,Meta Ads,Marinados,SENSIS | 2026-03 | Awareness | Evergreen Campaign | Marinados y Cuaresma,Momentos Juntos carousel,reach,0.0,0,0.0,0.0,0.0,reach,0.0,0.0,Meta reach is non-deduplicated when summed across ads/weeks
2026-06-12,2026-06,Meta Ads,Taco Tuesday,WDM | 2026-06 | Engagement | Boost Posts All,Taco Tuesday - 16 junio 2026 - Copy,No reported result,0.0,0,0.0,0.0,0.0,No reported result,0.0,0.0,Meta reach is non-deduplicated when summed across ads/weeks
2026-06-12,2026-06,Meta Ads,Productos / Boost Post,WDM | 2026-06 | Traffic | IG Followers,IMG | Morelita Chicharron | IG Follow,No reported result,0.0,0,0.0,0.0,0.0,No reported result,0.0,0.0,Meta reach is non-deduplicated when summed across ads/weeks
2026-06-12,2026-06,Meta Ads,Marinados,SENSIS | 2026-03 | Awareness | Evergreen Campaign | Marinados y Cuaresma,Momentos Juntos single image,reach,0.0,0,0.0,0.0,0.0,reach,0.0,0.0,Meta reach is non-deduplicated when summed across ads/weeks
2026-06-12,2026-06,Meta Ads,Taco Tuesday,WDM | 2026-06 | Engagement | Boost Posts All,Taco Tuesday - 16 junio 2026 - Copy,No reported result,0.0,0,0.0,0.0,0.0,No reported result,0.0,0.0,Meta reach is non-deduplicated when summed across ads/weeks
2026-06-12,2026-06,Meta Ads,Mundial,WDM | 2026-06 | Engagement | Boost Posts All,IG | Boost | Hay Partidos | 06-05-2026 | Mundial,No reported result,0.0,0,0.0,0.0,0.0,No reported result,0.0,0.0,Meta reach is non-deduplicated when summed across ads/weeks
2026-06-12,2026-06,Meta Ads,Marinados,SENSIS | 2026-03 | Awareness | Evergreen Campaign | Marinados y Cuaresma,Cuaresma single image,reach,0.0,0,0.0,0.0,0.0,reach,0.0,0.0,Meta reach is non-deduplicated when summed across ads/weeks
2026-06-12,2026-06,Meta Ads,Taco Tuesday,WDM | 2026-06 | Engagement | Boost Posts All,Taco Tuesday - 16 junio 2026 - Copy,No reported result,0.0,0,0.0,0.0,0.0,No reported result,0.0,0.0,Meta reach is non-deduplicated when summed across ads/weeks
2026-06-12,2026-06,Meta Ads,Productos / Boost Post,WDM | 2026-06 | Engagement | Boost Posts All,IG | Boost | Nosotros Preguntamos | 06-04-2026,No reported result,0.0,0,0.0,0.0,0.0,No reported result,0.0,0.0,Meta reach is non-deduplicated when summed across ads/weeks
2026-06-12,2026-06,Meta Ads,Marinados,SENSIS | 2026-03 | Awareness | Evergreen Campaign | Marinados y Cuaresma,Cuaresma carousel,reach,0.0,0,0.0,0.0,0.0,reach,0.0,0.0,Meta reach is non-deduplicated when summed across ads/weeks
2026-06-12,2026-06,Meta Ads,Taco Tuesday,WDM | 2026-06 | Engagement | Boost Posts All,Taco Tuesday - 16 junio 2026 - Copy,No reported result,0.0,0,0.0,0.0,0.0,No reported result,0.0,0.0,Meta reach is non-deduplicated when summed across ads/weeks
2026-06-12,2026-06,Meta Ads,Productos / Boost Post,WDM | 2026-06 | Engagement | Boost Posts All,IG Post - ¿Vienes al súper?,No reported result,0.0,0,0.0,0.0,0.0,No reported result,0.0,0.0,Meta reach is non-deduplicated when summed across ads/weeks
2026-06-05,2026-06,Meta Ads,Productos / Boost Post,WDM | 2026 AON 1 | Engagement | Boost Posts All,IG | Boost | Carne | ASMR,No reported result,0.0,0,0.0,0.0,0.0,No reported result,0.0,0.0,Meta reach is non-deduplicated when summed across ads/weeks
2026-06-05,2026-06,Meta Ads,Taco Tuesday,WDM | 2026-06 | Engagement | Boost Posts All,Taco Tuesday - 16 junio 2026,No reported result,0.0,0,0.0,0.0,0.0,No reported result,0.0,0.0,Meta reach is non-deduplicated when summed across ads/weeks
2026-06-05,2026-06,Meta Ads,Mundial,WDM | 2026-06 | Engagement | Boost Posts All,IG | Boost | Balon | 06-16-2026 | Mundial,No reported result,0.0,0,0.0,0.0,0.0,No reported result,0.0,0.0,Meta reach is non-deduplicated when summed across ads/weeks
2026-06-05,2026-06,Meta Ads,Productos / Boost Post,WDM | 2026-07 | Conversions | Pollos/Carnitas/Chicharron,Estático | Asados,No reported result,0.0,0,0.0,0.0,0.0,No reported result,0.0,0.0,Meta reach is non-deduplicated when summed across ads/weeks
2026-06-05,2026-06,Meta Ads,Productos / Boost Post,WDM | 2026 AON 1 | Engagement | Boost Posts All,FB | Boost | Carne | ASMR,No reported result,0.0,0,0.0,0.0,0.0,No reported result,0.0,0.0,Meta reach is non-deduplicated when summed across ads/weeks
2026-06-05,2026-06,Meta Ads,Taco Tuesday,WDM | 2026-06 | Engagement | Boost Posts All,IG - Taco Tuesday - 16 junio,No reported result,0.0,0,0.0,0.0,0.0,No reported result,0.0,0.0,Meta reach is non-deduplicated when summed across ads/weeks
2026-06-05,2026-06,Meta Ads,Mundial,WDM | 2026-06 | Engagement | Boost Posts All,IG | Boost | Colombia | 06-23-2026 | Mundial,No reported result,0.0,0,0.0,0.0,0.0,No reported result,0.0,0.0,Meta reach is non-deduplicated when summed across ads/weeks
2026-06-05,2026-06,Meta Ads,Productos / Boost Post,WDM | 2026-07 | Conversions | Parrillada/Carne Asada,Estático | Parrillada,No reported result,0.0,0,0.0,0.0,0.0,No reported result,0.0,0.0,Meta reach is non-deduplicated when summed across ads/weeks
2026-06-05,2026-06,Meta Ads,Productos / Boost Post,WDM | 2026-06 | Engagement | Boost Posts All,FB Post - ¿Vienes al súper?,No reported result,0.0,0,0.0,0.0,0.0,No reported result,0.0,0.0,Meta reach is non-deduplicated when summed across ads/weeks
2026-06-05,2026-06,Meta Ads,Mundial,WDM | 2026-06 | Engagement | Boost Posts All,FB Post - ¿Vienes al súper? | Mundial | Futbolito,actions:post_engagement,25.47,2950,1980.0,0.0,78.0,actions:post_engagement,0.0,0.0,Meta reach is non-deduplicated when summed across ads/weeks
2026-06-05,2026-06,Meta Ads,Mundial,WDM | 2026-06 | Engagement | Boost Posts All,IG | Boost | Sellos | 06-23-2026 | Mundial,No reported result,0.0,0,0.0,0.0,0.0,No reported result,0.0,0.0,Meta reach is non-deduplicated when summed across ads/weeks
2026-06-05,2026-06,Meta Ads,Ofertón,WDM | 2026-07 | Traffic | Oferton 30 Jul - 12 Ago,CAROUSEL | Oferton | 30 Jul - 12 Ago,No reported result,0.0,0,0.0,0.0,0.0,No reported result,0.0,0.0,Meta reach is non-deduplicated when summed across ads/weeks
2026-06-05,2026-06,Meta Ads,Productos / Boost Post,WDM | 2026-06 | Engagement | Boost Posts All,FB Post - ¿Vienes al súper?,No reported result,0.0,0,0.0,0.0,0.0,No reported result,0.0,0.0,Meta reach is non-deduplicated when summed across ads/weeks
2026-06-05,2026-06,Meta Ads,Mundial,WDM | 2026-06 | Engagement | Boost Posts All,IG Post - ¿Vienes al súper? - Mundial | Futbolito,actions:post_engagement,21.94,1074,740.0,0.0,79.0,actions:post_engagement,0.0,0.0,Meta reach is non-deduplicated when summed across ads/weeks
2026-06-05,2026-06,Meta Ads,Mundial,WDM | 2026-06 | Awareness | Sellos y Mundial,IMG n Video | Pasaporte Redimir | Participa Sellos,reach,0.0,0,0.0,0.0,0.0,reach,0.0,0.0,Meta reach is non-deduplicated when summed across ads/weeks
2026-06-05,2026-06,Meta Ads,Ofertón,WDM | 2026-07 | Traffic | Oferton 30 Jul - 12 Ago,CAROUSEL | Oferton | 30 Jul - 12 Ago,No reported result,0.0,0,0.0,0.0,0.0,No reported result,0.0,0.0,Meta reach is non-deduplicated when summed across ads/weeks
2026-06-05,2026-06,Meta Ads,Productos / Boost Post,WDM | 2026-06 | Engagement | Boost Posts All,IG Post - ¿Vienes al súper?,No reported result,0.0,0,0.0,0.0,0.0,No reported result,0.0,0.0,Meta reach is non-deduplicated when summed across ads/weeks
2026-06-05,2026-06,Meta Ads,Mundial,WDM | 2026-06 | Engagement | Boost Posts All,IG Post - ¿Vienes al súper? | Mundial | Futbolito,actions:post_engagement,23.02,1308,893.0,0.0,100.0,actions:post_engagement,0.0,0.0,Meta reach is non-deduplicated when summed across ads/weeks
2026-06-05,2026-06,Meta Ads,Taco Tuesday,WDM | 2026-06 | Awareness | Taco Tuesday 5x5,IMG Cuadrada | Morelita Tacos 5x5 | Mejor Trato,reach,0.0,0,0.0,0.0,0.0,reach,0.0,0.0,Meta reach is non-deduplicated when summed across ads/weeks
2026-06-05,2026-06,Meta Ads,Store Visits / AON,WDM | 2026-07 | Awareness | AON Store Visits,Carousel | AON Store Visits | Benefits Cerca,reach,0.0,0,0.0,0.0,0.0,reach,0.0,0.0,Meta reach is non-deduplicated when summed across ads/weeks
2026-06-05,2026-06,Meta Ads,Productos / Boost Post,WDM | 2026-06 | Engagement | Boost Posts All,FB Post - ¿Vienes al súper?,No reported result,0.0,0,0.0,0.0,0.0,No reported result,0.0,0.0,Meta reach is non-deduplicated when summed across ads/weeks
2026-06-05,2026-06,Meta Ads,Mundial,WDM | 2026-06 | Engagement | Boost Posts All,FB Post - ¿Vienes al súper? | Mundial | Futbolito,actions:post_engagement,24.9,3782,2369.0,0.0,73.0,actions:post_engagement,0.0,0.0,Meta reach is non-deduplicated when summed across ads/weeks
2026-06-05,2026-06,Meta Ads,Taco Tuesday,WDM | 2026-06 | Engagement | Boost Posts All,IG - Taco Tuesday - 16 junio - Copy,No reported result,0.0,0,0.0,0.0,0.0,No reported result,0.0,0.0,Meta reach is non-deduplicated when summed across ads/weeks
2026-06-05,2026-06,Meta Ads,Productos / Boost Post,WDM | 2026 AON 2 | Engagement | Boost Posts All,IG | Boost | Pina Colada | 07-2026 | Productos & Boost - Copy,No reported result,0.0,0,0.0,0.0,0.0,No reported result,0.0,0.0,Meta reach is non-deduplicated when summed across ads/weeks
2026-06-05,2026-06,Meta Ads,Productos / Boost Post,WDM | 2026-06 | Engagement | Boost Posts All,IG Post - ¿Vienes al súper?,No reported result,0.0,0,0.0,0.0,0.0,No reported result,0.0,0.0,Meta reach is non-deduplicated when summed across ads/weeks
2026-06-05,2026-06,Meta Ads,Productos / Boost Post,SENSIS | 2026-05 | Awareness | Carnitas Pack,IG/FB CARNITAS PACK,reach,0.0,0,0.0,0.0,0.0,reach,0.0,0.0,Meta reach is non-deduplicated when summed across ads/weeks
2026-06-05,2026-06,Meta Ads,Taco Tuesday,WDM | 2026-06 | Engagement | Boost Posts All,IG - Taco Tuesday - 16 junio - Copy,No reported result,0.0,0,0.0,0.0,0.0,No reported result,0.0,0.0,Meta reach is non-deduplicated when summed across ads/weeks
2026-06-05,2026-06,Meta Ads,Productos / Boost Post,WDM | 2026 AON 2 | Engagement | Boost Posts All,IG | Boost | Fried Chicken Ice Cream | 07-2026 | Productos & Boost,No reported result,0.0,0,0.0,0.0,0.0,No reported result,0.0,0.0,Meta reach is non-deduplicated when summed across ads/weeks
2026-06-05,2026-06,Meta Ads,Productos / Boost Post,WDM | 2026-06 | Engagement | Boost Posts All,FB Post - ¿Vienes al súper?,No reported result,0.0,0,0.0,0.0,0.0,No reported result,0.0,0.0,Meta reach is non-deduplicated when summed across ads/weeks
2026-06-05,2026-06,Meta Ads,Mundial,SENSIS | 2026-04 | Engagement | Teaser Muy Pronto | Mundial,"Publicación: ""¡Muy pronto!""",No reported result,0.0,0,0.0,0.0,0.0,No reported result,0.0,0.0,Meta reach is non-deduplicated when summed across ads/weeks
2026-06-05,2026-06,Meta Ads,Taco Tuesday,WDM | 2026-06 | Engagement | Boost Posts All,IG - Taco Tuesday - 16 junio - Copy,No reported result,0.0,0,0.0,0.0,0.0,No reported result,0.0,0.0,Meta reach is non-deduplicated when summed across ads/weeks
2026-06-05,2026-06,Meta Ads,Productos / Boost Post,WDM | 2026-07 | Conversions | Ice Cream | Products,CAROUSEL | Ice Cream | Summer Fruits,No reported result,0.0,0,0.0,0.0,0.0,No reported result,0.0,0.0,Meta reach is non-deduplicated when summed across ads/weeks
2026-06-05,2026-06,Meta Ads,Productos / Boost Post,WDM | 2026-06 | Engagement | Boost Posts All,IG Post - ¿Vienes al súper?,No reported result,0.0,0,0.0,0.0,0.0,No reported result,0.0,0.0,Meta reach is non-deduplicated when summed across ads/weeks
2026-06-05,2026-06,Meta Ads,Temporadas / Comunidad,SENSIS | 2026-05 | Awareness | Memorial Day,IG/FB MEMORIAL DAY,reach,0.0,0,0.0,0.0,0.0,reach,0.0,0.0,Meta reach is non-deduplicated when summed across ads/weeks
2026-06-05,2026-06,Meta Ads,Taco Tuesday,WDM | 2026-06 | Engagement | Boost Posts All,IG - Taco Tuesday - 16 junio - Copy,No reported result,0.0,0,0.0,0.0,0.0,No reported result,0.0,0.0,Meta reach is non-deduplicated when summed across ads/weeks
2026-06-05,2026-06,Meta Ads,Productos / Boost Post,WDM | 2026-07 | Conversions | Ice Cream | Products,VIDEO | Ice Cream | Summer Chicken - UGC,No reported result,0.0,0,0.0,0.0,0.0,No reported result,0.0,0.0,Meta reach is non-deduplicated when summed across ads/weeks
2026-06-05,2026-06,Meta Ads,Productos / Boost Post,WDM | 2026-06 | Engagement | Boost Posts All,FB Post - ¿Vienes al súper?,No reported result,0.0,0,0.0,0.0,0.0,No reported result,0.0,0.0,Meta reach is non-deduplicated when summed across ads/weeks
2026-06-05,2026-06,Meta Ads,Productos / Boost Post,SENSIS | 2026-06 | Awareness | El Calor - Agua Fresca,IG/FB EL CALOR - AGUA FRESCA,reach,0.0,0,0.0,0.0,0.0,reach,0.0,0.0,Meta reach is non-deduplicated when summed across ads/weeks
2026-06-05,2026-06,Meta Ads,Taco Tuesday,WDM | 2026-06 | Engagement | Boost Posts All,IG - Taco Tuesday - 16 junio - Copy,No reported result,0.0,0,0.0,0.0,0.0,No reported result,0.0,0.0,Meta reach is non-deduplicated when summed across ads/weeks
2026-06-05,2026-06,Meta Ads,Ofertón,WDM | 2026-07 | Awareness | Oferton 16 Jul - 29 July,CAROUSEL | Oferton | 16 Jul - 29 Jul,No reported result,0.0,0,0.0,0.0,0.0,No reported result,0.0,0.0,Meta reach is non-deduplicated when summed across ads/weeks
2026-06-05,2026-06,Meta Ads,Productos / Boost Post,WDM | 2026-06 | Engagement | Boost Posts All,IG Post - ¿Vienes al súper?,No reported result,0.0,0,0.0,0.0,0.0,No reported result,0.0,0.0,Meta reach is non-deduplicated when summed across ads/weeks
2026-06-05,2026-06,Meta Ads,Productos / Boost Post,SENSIS | 2026-05 | Awareness | Dia de las Madres - Donas,IG/FB DIA DE LAS MADRES - DONAS,reach,0.0,0,0.0,0.0,0.0,reach,0.0,0.0,Meta reach is non-deduplicated when summed across ads/weeks
2026-06-05,2026-06,Meta Ads,Taco Tuesday,WDM | 2026-06 | Engagement | Boost Posts All,IG - Taco Tuesday - 16 junio - Copy,No reported result,0.0,0,0.0,0.0,0.0,No reported result,0.0,0.0,Meta reach is non-deduplicated when summed across ads/weeks
2026-06-05,2026-06,Meta Ads,Productos / Boost Post,WDM | 2026-07 | Conversions | Ice Cream | Products,IMG | Ice Cream | Summer Chicken,No reported result,0.0,0,0.0,0.0,0.0,No reported result,0.0,0.0,Meta reach is non-deduplicated when summed across ads/weeks
2026-06-05,2026-06,Meta Ads,Productos / Boost Post,WDM | 2026-06 | Engagement | Boost Posts All,FB Post - ¿Vienes al súper?,No reported result,0.0,0,0.0,0.0,0.0,No reported result,0.0,0.0,Meta reach is non-deduplicated when summed across ads/weeks
2026-06-05,2026-06,Meta Ads,Taco Tuesday,SENSIS | 2026-05 | Awareness | Taco Tuesday Promo 5x5,IG/FB TACO TUESDAY PROMO 5X5,reach,0.0,0,0.0,0.0,0.0,reach,0.0,0.0,Meta reach is non-deduplicated when summed across ads/weeks
2026-06-05,2026-06,Meta Ads,Taco Tuesday,WDM | 2026-06 | Engagement | Boost Posts All,IG - Taco Tuesday - 16 junio - Copy,No reported result,0.0,0,0.0,0.0,0.0,No reported result,0.0,0.0,Meta reach is non-deduplicated when summed across ads/weeks
2026-06-05,2026-06,Meta Ads,Productos / Boost Post,WDM | 2026 AON 1 | Engagement | Boost Posts All,IG | Boost | Cafe | Gatos,No reported result,0.0,0,0.0,0.0,0.0,No reported result,0.0,0.0,Meta reach is non-deduplicated when summed across ads/weeks
2026-06-05,2026-06,Meta Ads,Productos / Boost Post,WDM | 2026-06 | Engagement | Boost Posts All,IG Post - ¿Vienes al súper?,No reported result,0.0,0,0.0,0.0,0.0,No reported result,0.0,0.0,Meta reach is non-deduplicated when summed across ads/weeks
2026-06-05,2026-06,Meta Ads,Marinados,SENSIS | 2026-03 | Awareness | Evergreen Campaign | Marinados y Cuaresma,Momentos Juntos single image,reach,0.0,0,0.0,0.0,0.0,reach,0.0,0.0,Meta reach is non-deduplicated when summed across ads/weeks
2026-06-05,2026-06,Meta Ads,Taco Tuesday,WDM | 2026-06 | Engagement | Boost Posts All,IG - Taco Tuesday - 16 junio - Copy,No reported result,0.0,0,0.0,0.0,0.0,No reported result,0.0,0.0,Meta reach is non-deduplicated when summed across ads/weeks
2026-06-05,2026-06,Meta Ads,Productos / Boost Post,WDM | 2026 AON 1 | Engagement | Boost Posts All,FB | Boost | Cafe | Gatos,No reported result,0.0,0,0.0,0.0,0.0,No reported result,0.0,0.0,Meta reach is non-deduplicated when summed across ads/weeks
2026-06-05,2026-06,Meta Ads,Productos / Boost Post,WDM | 2026-06 | Engagement | Boost Posts All,FB Post - ¿Vienes al súper?,No reported result,0.0,0,0.0,0.0,0.0,No reported result,0.0,0.0,Meta reach is non-deduplicated when summed across ads/weeks
2026-06-05,2026-06,Meta Ads,Marinados,SENSIS | 2026-03 | Awareness | Evergreen Campaign | Marinados y Cuaresma,Momentos Juntos carousel,reach,0.0,0,0.0,0.0,0.0,reach,0.0,0.0,Meta reach is non-deduplicated when summed across ads/weeks
2026-06-05,2026-06,Meta Ads,Taco Tuesday,WDM | 2026-06 | Engagement | Boost Posts All,IG - Taco Tuesday - 16 junio - Copy,No reported result,0.0,0,0.0,0.0,0.0,No reported result,0.0,0.0,Meta reach is non-deduplicated when summed across ads/weeks
2026-06-05,2026-06,Meta Ads,Mundial,WDM | 2026 AON 1 | Engagement | Boost Posts All,FB | Boost | Mundial | Sellos,No reported result,0.0,0,0.0,0.0,0.0,No reported result,0.0,0.0,Meta reach is non-deduplicated when summed across ads/weeks
2026-06-05,2026-06,Meta Ads,Productos / Boost Post,WDM | 2026-06 | Engagement | Boost Posts All,IG Post - ¿Vienes al súper?,No reported result,0.0,0,0.0,0.0,0.0,No reported result,0.0,0.0,Meta reach is non-deduplicated when summed across ads/weeks
2026-06-05,2026-06,Meta Ads,Temporadas / Comunidad,SENSIS | 2026-05 | Awareness | Dia de las Madres,IG/FB DIA DE LAS MADRES,reach,0.0,0,0.0,0.0,0.0,reach,0.0,0.0,Meta reach is non-deduplicated when summed across ads/weeks
2026-06-05,2026-06,Meta Ads,Taco Tuesday,WDM | 2026-06 | Engagement | Boost Posts All,IG - Taco Tuesday - 16 junio - Copy,No reported result,0.0,0,0.0,0.0,0.0,No reported result,0.0,0.0,Meta reach is non-deduplicated when summed across ads/weeks
2026-06-05,2026-06,Meta Ads,Mundial,WDM | 2026 AON 1 | Engagement | Boost Posts All,IG | Boost | Mundial | Sellos,No reported result,0.0,0,0.0,0.0,0.0,No reported result,0.0,0.0,Meta reach is non-deduplicated when summed across ads/weeks
2026-06-05,2026-06,Meta Ads,Productos / Boost Post,WDM | 2026-06 | Engagement | Boost Posts All,FB Post - ¿Vienes al súper?,No reported result,0.0,0,0.0,0.0,0.0,No reported result,0.0,0.0,Meta reach is non-deduplicated when summed across ads/weeks
2026-06-05,2026-06,Meta Ads,Productos / Boost Post,SENSIS | 2026-05 | Awareness | Chicharron,IG/FB CHICHARRON - MAY,reach,0.0,0,0.0,0.0,0.0,reach,0.0,0.0,Meta reach is non-deduplicated when summed across ads/weeks
2026-06-05,2026-06,Meta Ads,Taco Tuesday,WDM | 2026-06 | Engagement | Boost Posts All,Taco Tuesday - 16 junio 2026 - Copy,No reported result,0.0,0,0.0,0.0,0.0,No reported result,0.0,0.0,Meta reach is non-deduplicated when summed across ads/weeks
2026-06-05,2026-06,Meta Ads,Ofertón,WDM | 2026-07 | Awareness | Oferton 2 Jul - 15 July,CAROUSEL | Oferton | 2 Jul - 15 Jul,No reported result,0.0,0,0.0,0.0,0.0,No reported result,0.0,0.0,Meta reach is non-deduplicated when summed across ads/weeks
2026-06-05,2026-06,Meta Ads,Productos / Boost Post,WDM | 2026-06 | Engagement | Boost Posts All,IG Post - ¿Vienes al súper?,No reported result,0.0,0,0.0,0.0,0.0,No reported result,0.0,0.0,Meta reach is non-deduplicated when summed across ads/weeks
2026-06-05,2026-06,Meta Ads,Productos / Boost Post,SENSIS | 2026-05 | Awareness | Pollo Asado Horneado,IG/FB POLLO ASADO HORNEADO,reach,0.0,0,0.0,0.0,0.0,reach,0.0,0.0,Meta reach is non-deduplicated when summed across ads/weeks
2026-06-05,2026-06,Meta Ads,Taco Tuesday,WDM | 2026-06 | Engagement | Boost Posts All,Taco Tuesday - 16 junio 2026 - Copy,No reported result,0.0,0,0.0,0.0,0.0,No reported result,0.0,0.0,Meta reach is non-deduplicated when summed across ads/weeks
2026-06-05,2026-06,Meta Ads,Taco Tuesday,WDM | 2026-07 | Awareness | Taco Tuesday 5x5 - July,IMG Cuadrada | Morelita Tacos 5x5 | Mejor Trato,reach,0.0,0,0.0,0.0,0.0,reach,0.0,0.0,Meta reach is non-deduplicated when summed across ads/weeks
2026-06-05,2026-06,Meta Ads,Productos / Boost Post,WDM | 2026-06 | Engagement | Boost Posts All,FB Post - ¿Vienes al súper?,No reported result,0.0,0,0.0,0.0,0.0,No reported result,0.0,0.0,Meta reach is non-deduplicated when summed across ads/weeks
2026-06-05,2026-06,Meta Ads,Productos / Boost Post,SENSIS | 2026-05 | Awareness | Chicharron y Aguas Frescas,IG/FB CHICHARRON & AGUAS FRESCAS,reach,0.0,0,0.0,0.0,0.0,reach,0.0,0.0,Meta reach is non-deduplicated when summed across ads/weeks
2026-06-05,2026-06,Meta Ads,Taco Tuesday,WDM | 2026-06 | Engagement | Boost Posts All,Taco Tuesday - 16 junio 2026 - Copy,No reported result,0.0,0,0.0,0.0,0.0,No reported result,0.0,0.0,Meta reach is non-deduplicated when summed across ads/weeks
2026-06-05,2026-06,Meta Ads,Ofertón,WDM | 2026-06 | Awareness | Oferton 18 Jun - 1 Jul,CAROUSEL | Oferton | 18 Jun - 1 Jul,No reported result,0.0,0,0.0,0.0,0.0,No reported result,0.0,0.0,Meta reach is non-deduplicated when summed across ads/weeks
2026-06-05,2026-06,Meta Ads,Marinados,SENSIS | 2026-03 | Awareness | Evergreen Campaign | Marinados y Cuaresma,Marinados single image,reach,0.0,0,0.0,0.0,0.0,reach,0.0,0.0,Meta reach is non-deduplicated when summed across ads/weeks
2026-06-05,2026-06,Meta Ads,Productos / Boost Post,SENSIS | 2026-05 | Awareness | Vitrolito Aguas Frescas,IG/FB VITROLITO AGUAS FRESCAS,reach,0.0,0,0.0,0.0,0.0,reach,0.0,0.0,Meta reach is non-deduplicated when summed across ads/weeks
2026-06-05,2026-06,Meta Ads,Taco Tuesday,WDM | 2026-06 | Engagement | Boost Posts All,Taco Tuesday - 16 junio 2026 - Copy,No reported result,0.0,0,0.0,0.0,0.0,No reported result,0.0,0.0,Meta reach is non-deduplicated when summed across ads/weeks
2026-06-05,2026-06,Meta Ads,Marinados,WDM | 2026-06 | Awareness | Marinados,IMG | Marinados | Res Pollo y Cerdo,reach,0.0,0,0.0,0.0,0.0,reach,0.0,0.0,Meta reach is non-deduplicated when summed across ads/weeks
2026-06-05,2026-06,Meta Ads,Marinados,SENSIS | 2026-03 | Awareness | Evergreen Campaign | Marinados y Cuaresma,Marinados carousel,reach,0.0,0,0.0,0.0,0.0,reach,0.0,0.0,Meta reach is non-deduplicated when summed across ads/weeks
2026-06-05,2026-06,Meta Ads,Temporadas / Comunidad,SENSIS | 2026-04 | Awareness | Dia del Nino Morelos,IG/FB DIA DEL NINO EN MORELOS,reach,0.0,0,0.0,0.0,0.0,reach,0.0,0.0,Meta reach is non-deduplicated when summed across ads/weeks
2026-06-05,2026-06,Meta Ads,Taco Tuesday,WDM | 2026-06 | Engagement | Boost Posts All,Taco Tuesday - 16 junio 2026 - Copy,No reported result,0.0,0,0.0,0.0,0.0,No reported result,0.0,0.0,Meta reach is non-deduplicated when summed across ads/weeks
2026-06-05,2026-06,Meta Ads,Mundial,WDM | 2026-06 | Awareness | Sellos y Mundial,IMG n Video | Pasaporte | Obtén Pasaporte | Mundial,reach,0.0,0,0.0,0.0,0.0,reach,0.0,0.0,Meta reach is non-deduplicated when summed across ads/weeks
2026-06-05,2026-06,Meta Ads,Taco Tuesday,SENSIS | 2026-05 | Awareness | Taco Tuesday,IG/FB TACO TUESDAY,reach,0.0,0,0.0,0.0,0.0,reach,0.0,0.0,Meta reach is non-deduplicated when summed across ads/weeks
2026-06-05,2026-06,Meta Ads,Taco Tuesday,WDM | 2026-06 | Engagement | Boost Posts All,Taco Tuesday - 16 junio 2026 - Copy,No reported result,0.0,0,0.0,0.0,0.0,No reported result,0.0,0.0,Meta reach is non-deduplicated when summed across ads/weeks
2026-06-05,2026-06,Meta Ads,Mundial,WDM | 2026-06 | Awareness | Sellos y Mundial,IMG n Video | Mundial | Carousel Quien Juega,reach,0.0,0,0.0,0.0,0.0,reach,0.0,0.0,Meta reach is non-deduplicated when summed across ads/weeks
2026-06-05,2026-06,Meta Ads,Marinados,SENSIS | 2026-03 | Awareness | Evergreen Campaign | Marinados y Cuaresma,Momentos Juntos carousel,reach,0.0,0,0.0,0.0,0.0,reach,0.0,0.0,Meta reach is non-deduplicated when summed across ads/weeks
2026-06-05,2026-06,Meta Ads,Taco Tuesday,WDM | 2026-06 | Engagement | Boost Posts All,Taco Tuesday - 16 junio 2026 - Copy,No reported result,0.0,0,0.0,0.0,0.0,No reported result,0.0,0.0,Meta reach is non-deduplicated when summed across ads/weeks
2026-06-05,2026-06,Meta Ads,Productos / Boost Post,WDM | 2026-06 | Traffic | IG Followers,IMG | Morelita Chicharron | IG Follow,No reported result,0.0,0,0.0,0.0,0.0,No reported result,0.0,0.0,Meta reach is non-deduplicated when summed across ads/weeks
2026-06-05,2026-06,Meta Ads,Marinados,SENSIS | 2026-03 | Awareness | Evergreen Campaign | Marinados y Cuaresma,Momentos Juntos single image,reach,0.0,0,0.0,0.0,0.0,reach,0.0,0.0,Meta reach is non-deduplicated when summed across ads/weeks
2026-06-05,2026-06,Meta Ads,Taco Tuesday,WDM | 2026-06 | Engagement | Boost Posts All,Taco Tuesday - 16 junio 2026 - Copy,No reported result,0.0,0,0.0,0.0,0.0,No reported result,0.0,0.0,Meta reach is non-deduplicated when summed across ads/weeks
2026-06-05,2026-06,Meta Ads,Mundial,WDM | 2026-06 | Engagement | Boost Posts All,IG | Boost | Hay Partidos | 06-05-2026 | Mundial,No reported result,0.0,0,0.0,0.0,0.0,No reported result,0.0,0.0,Meta reach is non-deduplicated when summed across ads/weeks
2026-06-05,2026-06,Meta Ads,Marinados,SENSIS | 2026-03 | Awareness | Evergreen Campaign | Marinados y Cuaresma,Cuaresma single image,reach,0.0,0,0.0,0.0,0.0,reach,0.0,0.0,Meta reach is non-deduplicated when summed across ads/weeks
2026-06-05,2026-06,Meta Ads,Taco Tuesday,WDM | 2026-06 | Engagement | Boost Posts All,Taco Tuesday - 16 junio 2026 - Copy,No reported result,0.0,0,0.0,0.0,0.0,No reported result,0.0,0.0,Meta reach is non-deduplicated when summed across ads/weeks
2026-06-05,2026-06,Meta Ads,Productos / Boost Post,WDM | 2026-06 | Engagement | Boost Posts All,IG | Boost | Nosotros Preguntamos | 06-04-2026,No reported result,0.0,0,0.0,0.0,0.0,No reported result,0.0,0.0,Meta reach is non-deduplicated when summed across ads/weeks
2026-06-05,2026-06,Meta Ads,Marinados,SENSIS | 2026-03 | Awareness | Evergreen Campaign | Marinados y Cuaresma,Cuaresma carousel,reach,0.0,0,0.0,0.0,0.0,reach,0.0,0.0,Meta reach is non-deduplicated when summed across ads/weeks
2026-06-05,2026-06,Meta Ads,Taco Tuesday,WDM | 2026-06 | Engagement | Boost Posts All,Taco Tuesday - 16 junio 2026 - Copy,No reported result,0.0,0,0.0,0.0,0.0,No reported result,0.0,0.0,Meta reach is non-deduplicated when summed across ads/weeks
2026-06-05,2026-06,Meta Ads,Productos / Boost Post,WDM | 2026-06 | Engagement | Boost Posts All,IG Post - ¿Vienes al súper?,No reported result,0.0,0,0.0,0.0,0.0,No reported result,0.0,0.0,Meta reach is non-deduplicated when summed across ads/weeks
2026-05-29,2026-05,Meta Ads,Productos / Boost Post,WDM | 2026 AON 1 | Engagement | Boost Posts All,IG | Boost | Carne | ASMR,No reported result,0.0,0,0.0,0.0,0.0,No reported result,0.0,0.0,Meta reach is non-deduplicated when summed across ads/weeks
2026-05-29,2026-05,Meta Ads,Taco Tuesday,WDM | 2026-06 | Engagement | Boost Posts All,Taco Tuesday - 16 junio 2026,No reported result,0.0,0,0.0,0.0,0.0,No reported result,0.0,0.0,Meta reach is non-deduplicated when summed across ads/weeks
2026-05-29,2026-05,Meta Ads,Mundial,WDM | 2026-06 | Engagement | Boost Posts All,IG | Boost | Balon | 06-16-2026 | Mundial,No reported result,0.0,0,0.0,0.0,0.0,No reported result,0.0,0.0,Meta reach is non-deduplicated when summed across ads/weeks
2026-05-29,2026-05,Meta Ads,Productos / Boost Post,WDM | 2026-07 | Conversions | Pollos/Carnitas/Chicharron,Estático | Asados,No reported result,0.0,0,0.0,0.0,0.0,No reported result,0.0,0.0,Meta reach is non-deduplicated when summed across ads/weeks
2026-05-29,2026-05,Meta Ads,Productos / Boost Post,WDM | 2026 AON 1 | Engagement | Boost Posts All,FB | Boost | Carne | ASMR,No reported result,0.0,0,0.0,0.0,0.0,No reported result,0.0,0.0,Meta reach is non-deduplicated when summed across ads/weeks
2026-05-29,2026-05,Meta Ads,Taco Tuesday,WDM | 2026-06 | Engagement | Boost Posts All,IG - Taco Tuesday - 16 junio,No reported result,0.0,0,0.0,0.0,0.0,No reported result,0.0,0.0,Meta reach is non-deduplicated when summed across ads/weeks
2026-05-29,2026-05,Meta Ads,Mundial,WDM | 2026-06 | Engagement | Boost Posts All,IG | Boost | Colombia | 06-23-2026 | Mundial,No reported result,0.0,0,0.0,0.0,0.0,No reported result,0.0,0.0,Meta reach is non-deduplicated when summed across ads/weeks
2026-05-29,2026-05,Meta Ads,Productos / Boost Post,WDM | 2026-07 | Conversions | Parrillada/Carne Asada,Estático | Parrillada,No reported result,0.0,0,0.0,0.0,0.0,No reported result,0.0,0.0,Meta reach is non-deduplicated when summed across ads/weeks
2026-05-29,2026-05,Meta Ads,Productos / Boost Post,WDM | 2026-06 | Engagement | Boost Posts All,FB Post - ¿Vienes al súper?,No reported result,0.0,0,0.0,0.0,0.0,No reported result,0.0,0.0,Meta reach is non-deduplicated when summed across ads/weeks
2026-05-29,2026-05,Meta Ads,Mundial,WDM | 2026-06 | Engagement | Boost Posts All,FB Post - ¿Vienes al súper? | Mundial | Futbolito,No reported result,0.0,0,0.0,0.0,0.0,No reported result,0.0,0.0,Meta reach is non-deduplicated when summed across ads/weeks
2026-05-29,2026-05,Meta Ads,Mundial,WDM | 2026-06 | Engagement | Boost Posts All,IG | Boost | Sellos | 06-23-2026 | Mundial,No reported result,0.0,0,0.0,0.0,0.0,No reported result,0.0,0.0,Meta reach is non-deduplicated when summed across ads/weeks
2026-05-29,2026-05,Meta Ads,Ofertón,WDM | 2026-07 | Traffic | Oferton 30 Jul - 12 Ago,CAROUSEL | Oferton | 30 Jul - 12 Ago,No reported result,0.0,0,0.0,0.0,0.0,No reported result,0.0,0.0,Meta reach is non-deduplicated when summed across ads/weeks
2026-05-29,2026-05,Meta Ads,Productos / Boost Post,WDM | 2026-06 | Engagement | Boost Posts All,FB Post - ¿Vienes al súper?,No reported result,0.0,0,0.0,0.0,0.0,No reported result,0.0,0.0,Meta reach is non-deduplicated when summed across ads/weeks
2026-05-29,2026-05,Meta Ads,Mundial,WDM | 2026-06 | Engagement | Boost Posts All,IG Post - ¿Vienes al súper? - Mundial | Futbolito,No reported result,0.0,0,0.0,0.0,0.0,No reported result,0.0,0.0,Meta reach is non-deduplicated when summed across ads/weeks
2026-05-29,2026-05,Meta Ads,Mundial,WDM | 2026-06 | Awareness | Sellos y Mundial,IMG n Video | Pasaporte Redimir | Participa Sellos,reach,0.0,0,0.0,0.0,0.0,reach,0.0,0.0,Meta reach is non-deduplicated when summed across ads/weeks
2026-05-29,2026-05,Meta Ads,Ofertón,WDM | 2026-07 | Traffic | Oferton 30 Jul - 12 Ago,CAROUSEL | Oferton | 30 Jul - 12 Ago,No reported result,0.0,0,0.0,0.0,0.0,No reported result,0.0,0.0,Meta reach is non-deduplicated when summed across ads/weeks
2026-05-29,2026-05,Meta Ads,Productos / Boost Post,WDM | 2026-06 | Engagement | Boost Posts All,IG Post - ¿Vienes al súper?,No reported result,0.0,0,0.0,0.0,0.0,No reported result,0.0,0.0,Meta reach is non-deduplicated when summed across ads/weeks
2026-05-29,2026-05,Meta Ads,Mundial,WDM | 2026-06 | Engagement | Boost Posts All,IG Post - ¿Vienes al súper? | Mundial | Futbolito,No reported result,0.0,0,0.0,0.0,0.0,No reported result,0.0,0.0,Meta reach is non-deduplicated when summed across ads/weeks
2026-05-29,2026-05,Meta Ads,Taco Tuesday,WDM | 2026-06 | Awareness | Taco Tuesday 5x5,IMG Cuadrada | Morelita Tacos 5x5 | Mejor Trato,reach,0.0,0,0.0,0.0,0.0,reach,0.0,0.0,Meta reach is non-deduplicated when summed across ads/weeks
2026-05-29,2026-05,Meta Ads,Store Visits / AON,WDM | 2026-07 | Awareness | AON Store Visits,Carousel | AON Store Visits | Benefits Cerca,reach,0.0,0,0.0,0.0,0.0,reach,0.0,0.0,Meta reach is non-deduplicated when summed across ads/weeks
2026-05-29,2026-05,Meta Ads,Productos / Boost Post,WDM | 2026-06 | Engagement | Boost Posts All,FB Post - ¿Vienes al súper?,No reported result,0.0,0,0.0,0.0,0.0,No reported result,0.0,0.0,Meta reach is non-deduplicated when summed across ads/weeks
2026-05-29,2026-05,Meta Ads,Mundial,WDM | 2026-06 | Engagement | Boost Posts All,FB Post - ¿Vienes al súper? | Mundial | Futbolito,No reported result,0.0,0,0.0,0.0,0.0,No reported result,0.0,0.0,Meta reach is non-deduplicated when summed across ads/weeks
2026-05-29,2026-05,Meta Ads,Taco Tuesday,WDM | 2026-06 | Engagement | Boost Posts All,IG - Taco Tuesday - 16 junio - Copy,No reported result,0.0,0,0.0,0.0,0.0,No reported result,0.0,0.0,Meta reach is non-deduplicated when summed across ads/weeks
2026-05-29,2026-05,Meta Ads,Productos / Boost Post,WDM | 2026 AON 2 | Engagement | Boost Posts All,IG | Boost | Pina Colada | 07-2026 | Productos & Boost - Copy,No reported result,0.0,0,0.0,0.0,0.0,No reported result,0.0,0.0,Meta reach is non-deduplicated when summed across ads/weeks
2026-05-29,2026-05,Meta Ads,Productos / Boost Post,WDM | 2026-06 | Engagement | Boost Posts All,IG Post - ¿Vienes al súper?,No reported result,0.0,0,0.0,0.0,0.0,No reported result,0.0,0.0,Meta reach is non-deduplicated when summed across ads/weeks
2026-05-29,2026-05,Meta Ads,Productos / Boost Post,SENSIS | 2026-05 | Awareness | Carnitas Pack,IG/FB CARNITAS PACK,reach,417.9,134845,120994.0,286.0,120994.0,reach,0.0,0.0,Meta reach is non-deduplicated when summed across ads/weeks
2026-05-29,2026-05,Meta Ads,Taco Tuesday,WDM | 2026-06 | Engagement | Boost Posts All,IG - Taco Tuesday - 16 junio - Copy,No reported result,0.0,0,0.0,0.0,0.0,No reported result,0.0,0.0,Meta reach is non-deduplicated when summed across ads/weeks
2026-05-29,2026-05,Meta Ads,Productos / Boost Post,WDM | 2026 AON 2 | Engagement | Boost Posts All,IG | Boost | Fried Chicken Ice Cream | 07-2026 | Productos & Boost,No reported result,0.0,0,0.0,0.0,0.0,No reported result,0.0,0.0,Meta reach is non-deduplicated when summed across ads/weeks
2026-05-29,2026-05,Meta Ads,Productos / Boost Post,WDM | 2026-06 | Engagement | Boost Posts All,FB Post - ¿Vienes al súper?,No reported result,0.0,0,0.0,0.0,0.0,No reported result,0.0,0.0,Meta reach is non-deduplicated when summed across ads/weeks
2026-05-29,2026-05,Meta Ads,Mundial,SENSIS | 2026-04 | Engagement | Teaser Muy Pronto | Mundial,"Publicación: ""¡Muy pronto!""",page_visit_view,159.1,34015,22413.0,433.0,560.0,page_visit_view,0.0,0.0,Meta reach is non-deduplicated when summed across ads/weeks
2026-05-29,2026-05,Meta Ads,Taco Tuesday,WDM | 2026-06 | Engagement | Boost Posts All,IG - Taco Tuesday - 16 junio - Copy,No reported result,0.0,0,0.0,0.0,0.0,No reported result,0.0,0.0,Meta reach is non-deduplicated when summed across ads/weeks
2026-05-29,2026-05,Meta Ads,Productos / Boost Post,WDM | 2026-07 | Conversions | Ice Cream | Products,CAROUSEL | Ice Cream | Summer Fruits,No reported result,0.0,0,0.0,0.0,0.0,No reported result,0.0,0.0,Meta reach is non-deduplicated when summed across ads/weeks
2026-05-29,2026-05,Meta Ads,Productos / Boost Post,WDM | 2026-06 | Engagement | Boost Posts All,IG Post - ¿Vienes al súper?,No reported result,0.0,0,0.0,0.0,0.0,No reported result,0.0,0.0,Meta reach is non-deduplicated when summed across ads/weeks
2026-05-29,2026-05,Meta Ads,Temporadas / Comunidad,SENSIS | 2026-05 | Awareness | Memorial Day,IG/FB MEMORIAL DAY,reach,0.0,0,0.0,0.0,0.0,reach,0.0,0.0,Meta reach is non-deduplicated when summed across ads/weeks
2026-05-29,2026-05,Meta Ads,Taco Tuesday,WDM | 2026-06 | Engagement | Boost Posts All,IG - Taco Tuesday - 16 junio - Copy,No reported result,0.0,0,0.0,0.0,0.0,No reported result,0.0,0.0,Meta reach is non-deduplicated when summed across ads/weeks
2026-05-29,2026-05,Meta Ads,Productos / Boost Post,WDM | 2026-07 | Conversions | Ice Cream | Products,VIDEO | Ice Cream | Summer Chicken - UGC,No reported result,0.0,0,0.0,0.0,0.0,No reported result,0.0,0.0,Meta reach is non-deduplicated when summed across ads/weeks
2026-05-29,2026-05,Meta Ads,Productos / Boost Post,WDM | 2026-06 | Engagement | Boost Posts All,FB Post - ¿Vienes al súper?,No reported result,0.0,0,0.0,0.0,0.0,No reported result,0.0,0.0,Meta reach is non-deduplicated when summed across ads/weeks
2026-05-29,2026-05,Meta Ads,Productos / Boost Post,SENSIS | 2026-06 | Awareness | El Calor - Agua Fresca,IG/FB EL CALOR - AGUA FRESCA,reach,0.0,0,0.0,0.0,0.0,reach,0.0,0.0,Meta reach is non-deduplicated when summed across ads/weeks
2026-05-29,2026-05,Meta Ads,Taco Tuesday,WDM | 2026-06 | Engagement | Boost Posts All,IG - Taco Tuesday - 16 junio - Copy,No reported result,0.0,0,0.0,0.0,0.0,No reported result,0.0,0.0,Meta reach is non-deduplicated when summed across ads/weeks
2026-05-29,2026-05,Meta Ads,Ofertón,WDM | 2026-07 | Awareness | Oferton 16 Jul - 29 July,CAROUSEL | Oferton | 16 Jul - 29 Jul,No reported result,0.0,0,0.0,0.0,0.0,No reported result,0.0,0.0,Meta reach is non-deduplicated when summed across ads/weeks
2026-05-29,2026-05,Meta Ads,Productos / Boost Post,WDM | 2026-06 | Engagement | Boost Posts All,IG Post - ¿Vienes al súper?,No reported result,0.0,0,0.0,0.0,0.0,No reported result,0.0,0.0,Meta reach is non-deduplicated when summed across ads/weeks
2026-05-29,2026-05,Meta Ads,Productos / Boost Post,SENSIS | 2026-05 | Awareness | Dia de las Madres - Donas,IG/FB DIA DE LAS MADRES - DONAS,reach,0.0,0,0.0,0.0,0.0,reach,0.0,0.0,Meta reach is non-deduplicated when summed across ads/weeks
2026-05-29,2026-05,Meta Ads,Taco Tuesday,WDM | 2026-06 | Engagement | Boost Posts All,IG - Taco Tuesday - 16 junio - Copy,No reported result,0.0,0,0.0,0.0,0.0,No reported result,0.0,0.0,Meta reach is non-deduplicated when summed across ads/weeks
2026-05-29,2026-05,Meta Ads,Productos / Boost Post,WDM | 2026-07 | Conversions | Ice Cream | Products,IMG | Ice Cream | Summer Chicken,No reported result,0.0,0,0.0,0.0,0.0,No reported result,0.0,0.0,Meta reach is non-deduplicated when summed across ads/weeks
2026-05-29,2026-05,Meta Ads,Productos / Boost Post,WDM | 2026-06 | Engagement | Boost Posts All,FB Post - ¿Vienes al súper?,No reported result,0.0,0,0.0,0.0,0.0,No reported result,0.0,0.0,Meta reach is non-deduplicated when summed across ads/weeks
2026-05-29,2026-05,Meta Ads,Taco Tuesday,SENSIS | 2026-05 | Awareness | Taco Tuesday Promo 5x5,IG/FB TACO TUESDAY PROMO 5X5,reach,0.0,0,0.0,0.0,0.0,reach,0.0,0.0,Meta reach is non-deduplicated when summed across ads/weeks
2026-05-29,2026-05,Meta Ads,Taco Tuesday,WDM | 2026-06 | Engagement | Boost Posts All,IG - Taco Tuesday - 16 junio - Copy,No reported result,0.0,0,0.0,0.0,0.0,No reported result,0.0,0.0,Meta reach is non-deduplicated when summed across ads/weeks
2026-05-29,2026-05,Meta Ads,Productos / Boost Post,WDM | 2026 AON 1 | Engagement | Boost Posts All,IG | Boost | Cafe | Gatos,No reported result,0.0,0,0.0,0.0,0.0,No reported result,0.0,0.0,Meta reach is non-deduplicated when summed across ads/weeks
2026-05-29,2026-05,Meta Ads,Productos / Boost Post,WDM | 2026-06 | Engagement | Boost Posts All,IG Post - ¿Vienes al súper?,No reported result,0.0,0,0.0,0.0,0.0,No reported result,0.0,0.0,Meta reach is non-deduplicated when summed across ads/weeks
2026-05-29,2026-05,Meta Ads,Marinados,SENSIS | 2026-03 | Awareness | Evergreen Campaign | Marinados y Cuaresma,Momentos Juntos single image,reach,412.97,126201,71615.0,261.0,71615.0,reach,0.0,0.0,Meta reach is non-deduplicated when summed across ads/weeks
2026-05-29,2026-05,Meta Ads,Taco Tuesday,WDM | 2026-06 | Engagement | Boost Posts All,IG - Taco Tuesday - 16 junio - Copy,No reported result,0.0,0,0.0,0.0,0.0,No reported result,0.0,0.0,Meta reach is non-deduplicated when summed across ads/weeks
2026-05-29,2026-05,Meta Ads,Productos / Boost Post,WDM | 2026 AON 1 | Engagement | Boost Posts All,FB | Boost | Cafe | Gatos,No reported result,0.0,0,0.0,0.0,0.0,No reported result,0.0,0.0,Meta reach is non-deduplicated when summed across ads/weeks
2026-05-29,2026-05,Meta Ads,Productos / Boost Post,WDM | 2026-06 | Engagement | Boost Posts All,FB Post - ¿Vienes al súper?,No reported result,0.0,0,0.0,0.0,0.0,No reported result,0.0,0.0,Meta reach is non-deduplicated when summed across ads/weeks
2026-05-29,2026-05,Meta Ads,Marinados,SENSIS | 2026-03 | Awareness | Evergreen Campaign | Marinados y Cuaresma,Momentos Juntos carousel,reach,11.56,3416,3233.0,10.0,3233.0,reach,0.0,0.0,Meta reach is non-deduplicated when summed across ads/weeks
2026-05-29,2026-05,Meta Ads,Taco Tuesday,WDM | 2026-06 | Engagement | Boost Posts All,IG - Taco Tuesday - 16 junio - Copy,No reported result,0.0,0,0.0,0.0,0.0,No reported result,0.0,0.0,Meta reach is non-deduplicated when summed across ads/weeks
2026-05-29,2026-05,Meta Ads,Mundial,WDM | 2026 AON 1 | Engagement | Boost Posts All,FB | Boost | Mundial | Sellos,No reported result,0.0,0,0.0,0.0,0.0,No reported result,0.0,0.0,Meta reach is non-deduplicated when summed across ads/weeks
2026-05-29,2026-05,Meta Ads,Productos / Boost Post,WDM | 2026-06 | Engagement | Boost Posts All,IG Post - ¿Vienes al súper?,No reported result,0.0,0,0.0,0.0,0.0,No reported result,0.0,0.0,Meta reach is non-deduplicated when summed across ads/weeks
2026-05-29,2026-05,Meta Ads,Temporadas / Comunidad,SENSIS | 2026-05 | Awareness | Dia de las Madres,IG/FB DIA DE LAS MADRES,reach,0.0,0,0.0,0.0,0.0,reach,0.0,0.0,Meta reach is non-deduplicated when summed across ads/weeks
2026-05-29,2026-05,Meta Ads,Taco Tuesday,WDM | 2026-06 | Engagement | Boost Posts All,IG - Taco Tuesday - 16 junio - Copy,No reported result,0.0,0,0.0,0.0,0.0,No reported result,0.0,0.0,Meta reach is non-deduplicated when summed across ads/weeks
2026-05-29,2026-05,Meta Ads,Mundial,WDM | 2026 AON 1 | Engagement | Boost Posts All,IG | Boost | Mundial | Sellos,No reported result,0.0,0,0.0,0.0,0.0,No reported result,0.0,0.0,Meta reach is non-deduplicated when summed across ads/weeks
2026-05-29,2026-05,Meta Ads,Productos / Boost Post,WDM | 2026-06 | Engagement | Boost Posts All,FB Post - ¿Vienes al súper?,No reported result,0.0,0,0.0,0.0,0.0,No reported result,0.0,0.0,Meta reach is non-deduplicated when summed across ads/weeks
2026-05-29,2026-05,Meta Ads,Productos / Boost Post,SENSIS | 2026-05 | Awareness | Chicharron,IG/FB CHICHARRON - MAY,reach,0.0,0,0.0,0.0,0.0,reach,0.0,0.0,Meta reach is non-deduplicated when summed across ads/weeks
2026-05-29,2026-05,Meta Ads,Taco Tuesday,WDM | 2026-06 | Engagement | Boost Posts All,Taco Tuesday - 16 junio 2026 - Copy,No reported result,0.0,0,0.0,0.0,0.0,No reported result,0.0,0.0,Meta reach is non-deduplicated when summed across ads/weeks
2026-05-29,2026-05,Meta Ads,Ofertón,WDM | 2026-07 | Awareness | Oferton 2 Jul - 15 July,CAROUSEL | Oferton | 2 Jul - 15 Jul,No reported result,0.0,0,0.0,0.0,0.0,No reported result,0.0,0.0,Meta reach is non-deduplicated when summed across ads/weeks
2026-05-29,2026-05,Meta Ads,Productos / Boost Post,WDM | 2026-06 | Engagement | Boost Posts All,IG Post - ¿Vienes al súper?,No reported result,0.0,0,0.0,0.0,0.0,No reported result,0.0,0.0,Meta reach is non-deduplicated when summed across ads/weeks
2026-05-29,2026-05,Meta Ads,Productos / Boost Post,SENSIS | 2026-05 | Awareness | Pollo Asado Horneado,IG/FB POLLO ASADO HORNEADO,reach,487.08,147349,98594.0,242.0,98594.0,reach,0.0,0.0,Meta reach is non-deduplicated when summed across ads/weeks
2026-05-29,2026-05,Meta Ads,Taco Tuesday,WDM | 2026-06 | Engagement | Boost Posts All,Taco Tuesday - 16 junio 2026 - Copy,No reported result,0.0,0,0.0,0.0,0.0,No reported result,0.0,0.0,Meta reach is non-deduplicated when summed across ads/weeks
2026-05-29,2026-05,Meta Ads,Taco Tuesday,WDM | 2026-07 | Awareness | Taco Tuesday 5x5 - July,IMG Cuadrada | Morelita Tacos 5x5 | Mejor Trato,reach,0.0,0,0.0,0.0,0.0,reach,0.0,0.0,Meta reach is non-deduplicated when summed across ads/weeks
2026-05-29,2026-05,Meta Ads,Productos / Boost Post,WDM | 2026-06 | Engagement | Boost Posts All,FB Post - ¿Vienes al súper?,No reported result,0.0,0,0.0,0.0,0.0,No reported result,0.0,0.0,Meta reach is non-deduplicated when summed across ads/weeks
2026-05-29,2026-05,Meta Ads,Productos / Boost Post,SENSIS | 2026-05 | Awareness | Chicharron y Aguas Frescas,IG/FB CHICHARRON & AGUAS FRESCAS,reach,0.0,0,0.0,0.0,0.0,reach,0.0,0.0,Meta reach is non-deduplicated when summed across ads/weeks
2026-05-29,2026-05,Meta Ads,Taco Tuesday,WDM | 2026-06 | Engagement | Boost Posts All,Taco Tuesday - 16 junio 2026 - Copy,No reported result,0.0,0,0.0,0.0,0.0,No reported result,0.0,0.0,Meta reach is non-deduplicated when summed across ads/weeks
2026-05-29,2026-05,Meta Ads,Ofertón,WDM | 2026-06 | Awareness | Oferton 18 Jun - 1 Jul,CAROUSEL | Oferton | 18 Jun - 1 Jul,No reported result,0.0,0,0.0,0.0,0.0,No reported result,0.0,0.0,Meta reach is non-deduplicated when summed across ads/weeks
2026-05-29,2026-05,Meta Ads,Marinados,SENSIS | 2026-03 | Awareness | Evergreen Campaign | Marinados y Cuaresma,Marinados single image,reach,0.0,0,0.0,0.0,0.0,reach,0.0,0.0,Meta reach is non-deduplicated when summed across ads/weeks
2026-05-29,2026-05,Meta Ads,Productos / Boost Post,SENSIS | 2026-05 | Awareness | Vitrolito Aguas Frescas,IG/FB VITROLITO AGUAS FRESCAS,reach,0.0,0,0.0,0.0,0.0,reach,0.0,0.0,Meta reach is non-deduplicated when summed across ads/weeks
2026-05-29,2026-05,Meta Ads,Taco Tuesday,WDM | 2026-06 | Engagement | Boost Posts All,Taco Tuesday - 16 junio 2026 - Copy,No reported result,0.0,0,0.0,0.0,0.0,No reported result,0.0,0.0,Meta reach is non-deduplicated when summed across ads/weeks
2026-05-29,2026-05,Meta Ads,Marinados,WDM | 2026-06 | Awareness | Marinados,IMG | Marinados | Res Pollo y Cerdo,reach,0.0,0,0.0,0.0,0.0,reach,0.0,0.0,Meta reach is non-deduplicated when summed across ads/weeks
2026-05-29,2026-05,Meta Ads,Marinados,SENSIS | 2026-03 | Awareness | Evergreen Campaign | Marinados y Cuaresma,Marinados carousel,reach,0.0,0,0.0,0.0,0.0,reach,0.0,0.0,Meta reach is non-deduplicated when summed across ads/weeks
2026-05-29,2026-05,Meta Ads,Temporadas / Comunidad,SENSIS | 2026-04 | Awareness | Dia del Nino Morelos,IG/FB DIA DEL NINO EN MORELOS,reach,0.0,0,0.0,0.0,0.0,reach,0.0,0.0,Meta reach is non-deduplicated when summed across ads/weeks
2026-05-29,2026-05,Meta Ads,Taco Tuesday,WDM | 2026-06 | Engagement | Boost Posts All,Taco Tuesday - 16 junio 2026 - Copy,No reported result,0.0,0,0.0,0.0,0.0,No reported result,0.0,0.0,Meta reach is non-deduplicated when summed across ads/weeks
2026-05-29,2026-05,Meta Ads,Mundial,WDM | 2026-06 | Awareness | Sellos y Mundial,IMG n Video | Pasaporte | Obtén Pasaporte | Mundial,reach,0.0,0,0.0,0.0,0.0,reach,0.0,0.0,Meta reach is non-deduplicated when summed across ads/weeks
2026-05-29,2026-05,Meta Ads,Taco Tuesday,SENSIS | 2026-05 | Awareness | Taco Tuesday,IG/FB TACO TUESDAY,reach,0.0,0,0.0,0.0,0.0,reach,0.0,0.0,Meta reach is non-deduplicated when summed across ads/weeks
2026-05-29,2026-05,Meta Ads,Taco Tuesday,WDM | 2026-06 | Engagement | Boost Posts All,Taco Tuesday - 16 junio 2026 - Copy,No reported result,0.0,0,0.0,0.0,0.0,No reported result,0.0,0.0,Meta reach is non-deduplicated when summed across ads/weeks
2026-05-29,2026-05,Meta Ads,Mundial,WDM | 2026-06 | Awareness | Sellos y Mundial,IMG n Video | Mundial | Carousel Quien Juega,reach,0.0,0,0.0,0.0,0.0,reach,0.0,0.0,Meta reach is non-deduplicated when summed across ads/weeks
2026-05-29,2026-05,Meta Ads,Marinados,SENSIS | 2026-03 | Awareness | Evergreen Campaign | Marinados y Cuaresma,Momentos Juntos carousel,reach,0.0,0,0.0,0.0,0.0,reach,0.0,0.0,Meta reach is non-deduplicated when summed across ads/weeks
2026-05-29,2026-05,Meta Ads,Taco Tuesday,WDM | 2026-06 | Engagement | Boost Posts All,Taco Tuesday - 16 junio 2026 - Copy,No reported result,0.0,0,0.0,0.0,0.0,No reported result,0.0,0.0,Meta reach is non-deduplicated when summed across ads/weeks
2026-05-29,2026-05,Meta Ads,Productos / Boost Post,WDM | 2026-06 | Traffic | IG Followers,IMG | Morelita Chicharron | IG Follow,No reported result,0.0,0,0.0,0.0,0.0,No reported result,0.0,0.0,Meta reach is non-deduplicated when summed across ads/weeks
2026-05-29,2026-05,Meta Ads,Marinados,SENSIS | 2026-03 | Awareness | Evergreen Campaign | Marinados y Cuaresma,Momentos Juntos single image,reach,0.0,0,0.0,0.0,0.0,reach,0.0,0.0,Meta reach is non-deduplicated when summed across ads/weeks
2026-05-29,2026-05,Meta Ads,Taco Tuesday,WDM | 2026-06 | Engagement | Boost Posts All,Taco Tuesday - 16 junio 2026 - Copy,No reported result,0.0,0,0.0,0.0,0.0,No reported result,0.0,0.0,Meta reach is non-deduplicated when summed across ads/weeks
2026-05-29,2026-05,Meta Ads,Mundial,WDM | 2026-06 | Engagement | Boost Posts All,IG | Boost | Hay Partidos | 06-05-2026 | Mundial,No reported result,0.0,0,0.0,0.0,0.0,No reported result,0.0,0.0,Meta reach is non-deduplicated when summed across ads/weeks
2026-05-29,2026-05,Meta Ads,Marinados,SENSIS | 2026-03 | Awareness | Evergreen Campaign | Marinados y Cuaresma,Cuaresma single image,reach,0.0,0,0.0,0.0,0.0,reach,0.0,0.0,Meta reach is non-deduplicated when summed across ads/weeks
2026-05-29,2026-05,Meta Ads,Taco Tuesday,WDM | 2026-06 | Engagement | Boost Posts All,Taco Tuesday - 16 junio 2026 - Copy,No reported result,0.0,0,0.0,0.0,0.0,No reported result,0.0,0.0,Meta reach is non-deduplicated when summed across ads/weeks
2026-05-29,2026-05,Meta Ads,Productos / Boost Post,WDM | 2026-06 | Engagement | Boost Posts All,IG | Boost | Nosotros Preguntamos | 06-04-2026,No reported result,0.0,0,0.0,0.0,0.0,No reported result,0.0,0.0,Meta reach is non-deduplicated when summed across ads/weeks
2026-05-29,2026-05,Meta Ads,Marinados,SENSIS | 2026-03 | Awareness | Evergreen Campaign | Marinados y Cuaresma,Cuaresma carousel,reach,0.0,0,0.0,0.0,0.0,reach,0.0,0.0,Meta reach is non-deduplicated when summed across ads/weeks
2026-05-29,2026-05,Meta Ads,Taco Tuesday,WDM | 2026-06 | Engagement | Boost Posts All,Taco Tuesday - 16 junio 2026 - Copy,No reported result,0.0,0,0.0,0.0,0.0,No reported result,0.0,0.0,Meta reach is non-deduplicated when summed across ads/weeks
2026-05-29,2026-05,Meta Ads,Productos / Boost Post,WDM | 2026-06 | Engagement | Boost Posts All,IG Post - ¿Vienes al súper?,No reported result,0.0,0,0.0,0.0,0.0,No reported result,0.0,0.0,Meta reach is non-deduplicated when summed across ads/weeks
2026-05-22,2026-05,Meta Ads,Productos / Boost Post,WDM | 2026 AON 1 | Engagement | Boost Posts All,IG | Boost | Carne | ASMR,No reported result,0.0,0,0.0,0.0,0.0,No reported result,0.0,0.0,Meta reach is non-deduplicated when summed across ads/weeks
2026-05-22,2026-05,Meta Ads,Taco Tuesday,WDM | 2026-06 | Engagement | Boost Posts All,Taco Tuesday - 16 junio 2026,No reported result,0.0,0,0.0,0.0,0.0,No reported result,0.0,0.0,Meta reach is non-deduplicated when summed across ads/weeks
2026-05-22,2026-05,Meta Ads,Mundial,WDM | 2026-06 | Engagement | Boost Posts All,IG | Boost | Balon | 06-16-2026 | Mundial,No reported result,0.0,0,0.0,0.0,0.0,No reported result,0.0,0.0,Meta reach is non-deduplicated when summed across ads/weeks
2026-05-22,2026-05,Meta Ads,Productos / Boost Post,WDM | 2026-07 | Conversions | Pollos/Carnitas/Chicharron,Estático | Asados,No reported result,0.0,0,0.0,0.0,0.0,No reported result,0.0,0.0,Meta reach is non-deduplicated when summed across ads/weeks
2026-05-22,2026-05,Meta Ads,Productos / Boost Post,WDM | 2026 AON 1 | Engagement | Boost Posts All,FB | Boost | Carne | ASMR,No reported result,0.0,0,0.0,0.0,0.0,No reported result,0.0,0.0,Meta reach is non-deduplicated when summed across ads/weeks
2026-05-22,2026-05,Meta Ads,Taco Tuesday,WDM | 2026-06 | Engagement | Boost Posts All,IG - Taco Tuesday - 16 junio,No reported result,0.0,0,0.0,0.0,0.0,No reported result,0.0,0.0,Meta reach is non-deduplicated when summed across ads/weeks
2026-05-22,2026-05,Meta Ads,Mundial,WDM | 2026-06 | Engagement | Boost Posts All,IG | Boost | Colombia | 06-23-2026 | Mundial,No reported result,0.0,0,0.0,0.0,0.0,No reported result,0.0,0.0,Meta reach is non-deduplicated when summed across ads/weeks
2026-05-22,2026-05,Meta Ads,Productos / Boost Post,WDM | 2026-07 | Conversions | Parrillada/Carne Asada,Estático | Parrillada,No reported result,0.0,0,0.0,0.0,0.0,No reported result,0.0,0.0,Meta reach is non-deduplicated when summed across ads/weeks
2026-05-22,2026-05,Meta Ads,Productos / Boost Post,WDM | 2026-06 | Engagement | Boost Posts All,FB Post - ¿Vienes al súper?,No reported result,0.0,0,0.0,0.0,0.0,No reported result,0.0,0.0,Meta reach is non-deduplicated when summed across ads/weeks
2026-05-22,2026-05,Meta Ads,Mundial,WDM | 2026-06 | Engagement | Boost Posts All,FB Post - ¿Vienes al súper? | Mundial | Futbolito,No reported result,0.0,0,0.0,0.0,0.0,No reported result,0.0,0.0,Meta reach is non-deduplicated when summed across ads/weeks
2026-05-22,2026-05,Meta Ads,Mundial,WDM | 2026-06 | Engagement | Boost Posts All,IG | Boost | Sellos | 06-23-2026 | Mundial,No reported result,0.0,0,0.0,0.0,0.0,No reported result,0.0,0.0,Meta reach is non-deduplicated when summed across ads/weeks
2026-05-22,2026-05,Meta Ads,Ofertón,WDM | 2026-07 | Traffic | Oferton 30 Jul - 12 Ago,CAROUSEL | Oferton | 30 Jul - 12 Ago,No reported result,0.0,0,0.0,0.0,0.0,No reported result,0.0,0.0,Meta reach is non-deduplicated when summed across ads/weeks
2026-05-22,2026-05,Meta Ads,Productos / Boost Post,WDM | 2026-06 | Engagement | Boost Posts All,FB Post - ¿Vienes al súper?,No reported result,0.0,0,0.0,0.0,0.0,No reported result,0.0,0.0,Meta reach is non-deduplicated when summed across ads/weeks
2026-05-22,2026-05,Meta Ads,Mundial,WDM | 2026-06 | Engagement | Boost Posts All,IG Post - ¿Vienes al súper? - Mundial | Futbolito,No reported result,0.0,0,0.0,0.0,0.0,No reported result,0.0,0.0,Meta reach is non-deduplicated when summed across ads/weeks
2026-05-22,2026-05,Meta Ads,Mundial,WDM | 2026-06 | Awareness | Sellos y Mundial,IMG n Video | Pasaporte Redimir | Participa Sellos,reach,0.0,0,0.0,0.0,0.0,reach,0.0,0.0,Meta reach is non-deduplicated when summed across ads/weeks
2026-05-22,2026-05,Meta Ads,Ofertón,WDM | 2026-07 | Traffic | Oferton 30 Jul - 12 Ago,CAROUSEL | Oferton | 30 Jul - 12 Ago,No reported result,0.0,0,0.0,0.0,0.0,No reported result,0.0,0.0,Meta reach is non-deduplicated when summed across ads/weeks
2026-05-22,2026-05,Meta Ads,Productos / Boost Post,WDM | 2026-06 | Engagement | Boost Posts All,IG Post - ¿Vienes al súper?,No reported result,0.0,0,0.0,0.0,0.0,No reported result,0.0,0.0,Meta reach is non-deduplicated when summed across ads/weeks
2026-05-22,2026-05,Meta Ads,Mundial,WDM | 2026-06 | Engagement | Boost Posts All,IG Post - ¿Vienes al súper? | Mundial | Futbolito,No reported result,0.0,0,0.0,0.0,0.0,No reported result,0.0,0.0,Meta reach is non-deduplicated when summed across ads/weeks
2026-05-22,2026-05,Meta Ads,Taco Tuesday,WDM | 2026-06 | Awareness | Taco Tuesday 5x5,IMG Cuadrada | Morelita Tacos 5x5 | Mejor Trato,reach,0.0,0,0.0,0.0,0.0,reach,0.0,0.0,Meta reach is non-deduplicated when summed across ads/weeks
2026-05-22,2026-05,Meta Ads,Store Visits / AON,WDM | 2026-07 | Awareness | AON Store Visits,Carousel | AON Store Visits | Benefits Cerca,reach,0.0,0,0.0,0.0,0.0,reach,0.0,0.0,Meta reach is non-deduplicated when summed across ads/weeks
2026-05-22,2026-05,Meta Ads,Productos / Boost Post,WDM | 2026-06 | Engagement | Boost Posts All,FB Post - ¿Vienes al súper?,No reported result,0.0,0,0.0,0.0,0.0,No reported result,0.0,0.0,Meta reach is non-deduplicated when summed across ads/weeks
2026-05-22,2026-05,Meta Ads,Mundial,WDM | 2026-06 | Engagement | Boost Posts All,FB Post - ¿Vienes al súper? | Mundial | Futbolito,No reported result,0.0,0,0.0,0.0,0.0,No reported result,0.0,0.0,Meta reach is non-deduplicated when summed across ads/weeks
2026-05-22,2026-05,Meta Ads,Taco Tuesday,WDM | 2026-06 | Engagement | Boost Posts All,IG - Taco Tuesday - 16 junio - Copy,No reported result,0.0,0,0.0,0.0,0.0,No reported result,0.0,0.0,Meta reach is non-deduplicated when summed across ads/weeks
2026-05-22,2026-05,Meta Ads,Productos / Boost Post,WDM | 2026 AON 2 | Engagement | Boost Posts All,IG | Boost | Pina Colada | 07-2026 | Productos & Boost - Copy,No reported result,0.0,0,0.0,0.0,0.0,No reported result,0.0,0.0,Meta reach is non-deduplicated when summed across ads/weeks
2026-05-22,2026-05,Meta Ads,Productos / Boost Post,WDM | 2026-06 | Engagement | Boost Posts All,IG Post - ¿Vienes al súper?,No reported result,0.0,0,0.0,0.0,0.0,No reported result,0.0,0.0,Meta reach is non-deduplicated when summed across ads/weeks
2026-05-22,2026-05,Meta Ads,Productos / Boost Post,SENSIS | 2026-05 | Awareness | Carnitas Pack,IG/FB CARNITAS PACK,reach,332.08,112579,91578.0,234.0,91578.0,reach,0.0,0.0,Meta reach is non-deduplicated when summed across ads/weeks
2026-05-22,2026-05,Meta Ads,Taco Tuesday,WDM | 2026-06 | Engagement | Boost Posts All,IG - Taco Tuesday - 16 junio - Copy,No reported result,0.0,0,0.0,0.0,0.0,No reported result,0.0,0.0,Meta reach is non-deduplicated when summed across ads/weeks
2026-05-22,2026-05,Meta Ads,Productos / Boost Post,WDM | 2026 AON 2 | Engagement | Boost Posts All,IG | Boost | Fried Chicken Ice Cream | 07-2026 | Productos & Boost,No reported result,0.0,0,0.0,0.0,0.0,No reported result,0.0,0.0,Meta reach is non-deduplicated when summed across ads/weeks
2026-05-22,2026-05,Meta Ads,Productos / Boost Post,WDM | 2026-06 | Engagement | Boost Posts All,FB Post - ¿Vienes al súper?,No reported result,0.0,0,0.0,0.0,0.0,No reported result,0.0,0.0,Meta reach is non-deduplicated when summed across ads/weeks
2026-05-22,2026-05,Meta Ads,Mundial,SENSIS | 2026-04 | Engagement | Teaser Muy Pronto | Mundial,"Publicación: ""¡Muy pronto!""",page_visit_view,85.73,19139,12425.0,324.0,418.0,page_visit_view,0.0,0.0,Meta reach is non-deduplicated when summed across ads/weeks
2026-05-22,2026-05,Meta Ads,Taco Tuesday,WDM | 2026-06 | Engagement | Boost Posts All,IG - Taco Tuesday - 16 junio - Copy,No reported result,0.0,0,0.0,0.0,0.0,No reported result,0.0,0.0,Meta reach is non-deduplicated when summed across ads/weeks
2026-05-22,2026-05,Meta Ads,Productos / Boost Post,WDM | 2026-07 | Conversions | Ice Cream | Products,CAROUSEL | Ice Cream | Summer Fruits,No reported result,0.0,0,0.0,0.0,0.0,No reported result,0.0,0.0,Meta reach is non-deduplicated when summed across ads/weeks
2026-05-22,2026-05,Meta Ads,Productos / Boost Post,WDM | 2026-06 | Engagement | Boost Posts All,IG Post - ¿Vienes al súper?,No reported result,0.0,0,0.0,0.0,0.0,No reported result,0.0,0.0,Meta reach is non-deduplicated when summed across ads/weeks
2026-05-22,2026-05,Meta Ads,Temporadas / Comunidad,SENSIS | 2026-05 | Awareness | Memorial Day,IG/FB MEMORIAL DAY,reach,17.53,5821,4969.0,8.0,4969.0,reach,0.0,0.0,Meta reach is non-deduplicated when summed across ads/weeks
2026-05-22,2026-05,Meta Ads,Taco Tuesday,WDM | 2026-06 | Engagement | Boost Posts All,IG - Taco Tuesday - 16 junio - Copy,No reported result,0.0,0,0.0,0.0,0.0,No reported result,0.0,0.0,Meta reach is non-deduplicated when summed across ads/weeks
2026-05-22,2026-05,Meta Ads,Productos / Boost Post,WDM | 2026-07 | Conversions | Ice Cream | Products,VIDEO | Ice Cream | Summer Chicken - UGC,No reported result,0.0,0,0.0,0.0,0.0,No reported result,0.0,0.0,Meta reach is non-deduplicated when summed across ads/weeks
2026-05-22,2026-05,Meta Ads,Productos / Boost Post,WDM | 2026-06 | Engagement | Boost Posts All,FB Post - ¿Vienes al súper?,No reported result,0.0,0,0.0,0.0,0.0,No reported result,0.0,0.0,Meta reach is non-deduplicated when summed across ads/weeks
2026-05-22,2026-05,Meta Ads,Productos / Boost Post,SENSIS | 2026-06 | Awareness | El Calor - Agua Fresca,IG/FB EL CALOR - AGUA FRESCA,reach,22.58,7445,7343.0,9.0,7343.0,reach,0.0,0.0,Meta reach is non-deduplicated when summed across ads/weeks
2026-05-22,2026-05,Meta Ads,Taco Tuesday,WDM | 2026-06 | Engagement | Boost Posts All,IG - Taco Tuesday - 16 junio - Copy,No reported result,0.0,0,0.0,0.0,0.0,No reported result,0.0,0.0,Meta reach is non-deduplicated when summed across ads/weeks
2026-05-22,2026-05,Meta Ads,Ofertón,WDM | 2026-07 | Awareness | Oferton 16 Jul - 29 July,CAROUSEL | Oferton | 16 Jul - 29 Jul,No reported result,0.0,0,0.0,0.0,0.0,No reported result,0.0,0.0,Meta reach is non-deduplicated when summed across ads/weeks
2026-05-22,2026-05,Meta Ads,Productos / Boost Post,WDM | 2026-06 | Engagement | Boost Posts All,IG Post - ¿Vienes al súper?,No reported result,0.0,0,0.0,0.0,0.0,No reported result,0.0,0.0,Meta reach is non-deduplicated when summed across ads/weeks
2026-05-22,2026-05,Meta Ads,Productos / Boost Post,SENSIS | 2026-05 | Awareness | Dia de las Madres - Donas,IG/FB DIA DE LAS MADRES - DONAS,reach,0.0,0,0.0,0.0,0.0,reach,0.0,0.0,Meta reach is non-deduplicated when summed across ads/weeks
2026-05-22,2026-05,Meta Ads,Taco Tuesday,WDM | 2026-06 | Engagement | Boost Posts All,IG - Taco Tuesday - 16 junio - Copy,No reported result,0.0,0,0.0,0.0,0.0,No reported result,0.0,0.0,Meta reach is non-deduplicated when summed across ads/weeks
2026-05-22,2026-05,Meta Ads,Productos / Boost Post,WDM | 2026-07 | Conversions | Ice Cream | Products,IMG | Ice Cream | Summer Chicken,No reported result,0.0,0,0.0,0.0,0.0,No reported result,0.0,0.0,Meta reach is non-deduplicated when summed across ads/weeks
2026-05-22,2026-05,Meta Ads,Productos / Boost Post,WDM | 2026-06 | Engagement | Boost Posts All,FB Post - ¿Vienes al súper?,No reported result,0.0,0,0.0,0.0,0.0,No reported result,0.0,0.0,Meta reach is non-deduplicated when summed across ads/weeks
2026-05-22,2026-05,Meta Ads,Taco Tuesday,SENSIS | 2026-05 | Awareness | Taco Tuesday Promo 5x5,IG/FB TACO TUESDAY PROMO 5X5,reach,21.53,8795,6685.0,21.0,6685.0,reach,0.0,0.0,Meta reach is non-deduplicated when summed across ads/weeks
2026-05-22,2026-05,Meta Ads,Taco Tuesday,WDM | 2026-06 | Engagement | Boost Posts All,IG - Taco Tuesday - 16 junio - Copy,No reported result,0.0,0,0.0,0.0,0.0,No reported result,0.0,0.0,Meta reach is non-deduplicated when summed across ads/weeks
2026-05-22,2026-05,Meta Ads,Productos / Boost Post,WDM | 2026 AON 1 | Engagement | Boost Posts All,IG | Boost | Cafe | Gatos,No reported result,0.0,0,0.0,0.0,0.0,No reported result,0.0,0.0,Meta reach is non-deduplicated when summed across ads/weeks
2026-05-22,2026-05,Meta Ads,Productos / Boost Post,WDM | 2026-06 | Engagement | Boost Posts All,IG Post - ¿Vienes al súper?,No reported result,0.0,0,0.0,0.0,0.0,No reported result,0.0,0.0,Meta reach is non-deduplicated when summed across ads/weeks
2026-05-22,2026-05,Meta Ads,Marinados,SENSIS | 2026-03 | Awareness | Evergreen Campaign | Marinados y Cuaresma,Momentos Juntos single image,reach,998.24,314198,98634.0,539.0,98634.0,reach,0.0,0.0,Meta reach is non-deduplicated when summed across ads/weeks
2026-05-22,2026-05,Meta Ads,Taco Tuesday,WDM | 2026-06 | Engagement | Boost Posts All,IG - Taco Tuesday - 16 junio - Copy,No reported result,0.0,0,0.0,0.0,0.0,No reported result,0.0,0.0,Meta reach is non-deduplicated when summed across ads/weeks
2026-05-22,2026-05,Meta Ads,Productos / Boost Post,WDM | 2026 AON 1 | Engagement | Boost Posts All,FB | Boost | Cafe | Gatos,No reported result,0.0,0,0.0,0.0,0.0,No reported result,0.0,0.0,Meta reach is non-deduplicated when summed across ads/weeks
2026-05-22,2026-05,Meta Ads,Productos / Boost Post,WDM | 2026-06 | Engagement | Boost Posts All,FB Post - ¿Vienes al súper?,No reported result,0.0,0,0.0,0.0,0.0,No reported result,0.0,0.0,Meta reach is non-deduplicated when summed across ads/weeks
2026-05-22,2026-05,Meta Ads,Marinados,SENSIS | 2026-03 | Awareness | Evergreen Campaign | Marinados y Cuaresma,Momentos Juntos carousel,reach,8.11,2542,2367.0,2.0,2367.0,reach,0.0,0.0,Meta reach is non-deduplicated when summed across ads/weeks
2026-05-22,2026-05,Meta Ads,Taco Tuesday,WDM | 2026-06 | Engagement | Boost Posts All,IG - Taco Tuesday - 16 junio - Copy,No reported result,0.0,0,0.0,0.0,0.0,No reported result,0.0,0.0,Meta reach is non-deduplicated when summed across ads/weeks
2026-05-22,2026-05,Meta Ads,Mundial,WDM | 2026 AON 1 | Engagement | Boost Posts All,FB | Boost | Mundial | Sellos,No reported result,0.0,0,0.0,0.0,0.0,No reported result,0.0,0.0,Meta reach is non-deduplicated when summed across ads/weeks
2026-05-22,2026-05,Meta Ads,Productos / Boost Post,WDM | 2026-06 | Engagement | Boost Posts All,IG Post - ¿Vienes al súper?,No reported result,0.0,0,0.0,0.0,0.0,No reported result,0.0,0.0,Meta reach is non-deduplicated when summed across ads/weeks
2026-05-22,2026-05,Meta Ads,Temporadas / Comunidad,SENSIS | 2026-05 | Awareness | Dia de las Madres,IG/FB DIA DE LAS MADRES,reach,0.0,0,0.0,0.0,0.0,reach,0.0,0.0,Meta reach is non-deduplicated when summed across ads/weeks
2026-05-22,2026-05,Meta Ads,Taco Tuesday,WDM | 2026-06 | Engagement | Boost Posts All,IG - Taco Tuesday - 16 junio - Copy,No reported result,0.0,0,0.0,0.0,0.0,No reported result,0.0,0.0,Meta reach is non-deduplicated when summed across ads/weeks
2026-05-22,2026-05,Meta Ads,Mundial,WDM | 2026 AON 1 | Engagement | Boost Posts All,IG | Boost | Mundial | Sellos,No reported result,0.0,0,0.0,0.0,0.0,No reported result,0.0,0.0,Meta reach is non-deduplicated when summed across ads/weeks
2026-05-22,2026-05,Meta Ads,Productos / Boost Post,WDM | 2026-06 | Engagement | Boost Posts All,FB Post - ¿Vienes al súper?,No reported result,0.0,0,0.0,0.0,0.0,No reported result,0.0,0.0,Meta reach is non-deduplicated when summed across ads/weeks
2026-05-22,2026-05,Meta Ads,Productos / Boost Post,SENSIS | 2026-05 | Awareness | Chicharron,IG/FB CHICHARRON - MAY,reach,0.0,0,0.0,0.0,0.0,reach,0.0,0.0,Meta reach is non-deduplicated when summed across ads/weeks
2026-05-22,2026-05,Meta Ads,Taco Tuesday,WDM | 2026-06 | Engagement | Boost Posts All,Taco Tuesday - 16 junio 2026 - Copy,No reported result,0.0,0,0.0,0.0,0.0,No reported result,0.0,0.0,Meta reach is non-deduplicated when summed across ads/weeks
2026-05-22,2026-05,Meta Ads,Ofertón,WDM | 2026-07 | Awareness | Oferton 2 Jul - 15 July,CAROUSEL | Oferton | 2 Jul - 15 Jul,No reported result,0.0,0,0.0,0.0,0.0,No reported result,0.0,0.0,Meta reach is non-deduplicated when summed across ads/weeks
2026-05-22,2026-05,Meta Ads,Productos / Boost Post,WDM | 2026-06 | Engagement | Boost Posts All,IG Post - ¿Vienes al súper?,No reported result,0.0,0,0.0,0.0,0.0,No reported result,0.0,0.0,Meta reach is non-deduplicated when summed across ads/weeks
2026-05-22,2026-05,Meta Ads,Productos / Boost Post,SENSIS | 2026-05 | Awareness | Pollo Asado Horneado,IG/FB POLLO ASADO HORNEADO,reach,279.82,90940,70905.0,149.0,70905.0,reach,0.0,0.0,Meta reach is non-deduplicated when summed across ads/weeks
2026-05-22,2026-05,Meta Ads,Taco Tuesday,WDM | 2026-06 | Engagement | Boost Posts All,Taco Tuesday - 16 junio 2026 - Copy,No reported result,0.0,0,0.0,0.0,0.0,No reported result,0.0,0.0,Meta reach is non-deduplicated when summed across ads/weeks
2026-05-22,2026-05,Meta Ads,Taco Tuesday,WDM | 2026-07 | Awareness | Taco Tuesday 5x5 - July,IMG Cuadrada | Morelita Tacos 5x5 | Mejor Trato,reach,0.0,0,0.0,0.0,0.0,reach,0.0,0.0,Meta reach is non-deduplicated when summed across ads/weeks
2026-05-22,2026-05,Meta Ads,Productos / Boost Post,WDM | 2026-06 | Engagement | Boost Posts All,FB Post - ¿Vienes al súper?,No reported result,0.0,0,0.0,0.0,0.0,No reported result,0.0,0.0,Meta reach is non-deduplicated when summed across ads/weeks
2026-05-22,2026-05,Meta Ads,Productos / Boost Post,SENSIS | 2026-05 | Awareness | Chicharron y Aguas Frescas,IG/FB CHICHARRON & AGUAS FRESCAS,reach,0.0,0,0.0,0.0,0.0,reach,0.0,0.0,Meta reach is non-deduplicated when summed across ads/weeks
2026-05-22,2026-05,Meta Ads,Taco Tuesday,WDM | 2026-06 | Engagement | Boost Posts All,Taco Tuesday - 16 junio 2026 - Copy,No reported result,0.0,0,0.0,0.0,0.0,No reported result,0.0,0.0,Meta reach is non-deduplicated when summed across ads/weeks
2026-05-22,2026-05,Meta Ads,Ofertón,WDM | 2026-06 | Awareness | Oferton 18 Jun - 1 Jul,CAROUSEL | Oferton | 18 Jun - 1 Jul,No reported result,0.0,0,0.0,0.0,0.0,No reported result,0.0,0.0,Meta reach is non-deduplicated when summed across ads/weeks
2026-05-22,2026-05,Meta Ads,Marinados,SENSIS | 2026-03 | Awareness | Evergreen Campaign | Marinados y Cuaresma,Marinados single image,reach,0.0,0,0.0,0.0,0.0,reach,0.0,0.0,Meta reach is non-deduplicated when summed across ads/weeks
2026-05-22,2026-05,Meta Ads,Productos / Boost Post,SENSIS | 2026-05 | Awareness | Vitrolito Aguas Frescas,IG/FB VITROLITO AGUAS FRESCAS,reach,0.0,0,0.0,0.0,0.0,reach,0.0,0.0,Meta reach is non-deduplicated when summed across ads/weeks
2026-05-22,2026-05,Meta Ads,Taco Tuesday,WDM | 2026-06 | Engagement | Boost Posts All,Taco Tuesday - 16 junio 2026 - Copy,No reported result,0.0,0,0.0,0.0,0.0,No reported result,0.0,0.0,Meta reach is non-deduplicated when summed across ads/weeks
2026-05-22,2026-05,Meta Ads,Marinados,WDM | 2026-06 | Awareness | Marinados,IMG | Marinados | Res Pollo y Cerdo,reach,0.0,0,0.0,0.0,0.0,reach,0.0,0.0,Meta reach is non-deduplicated when summed across ads/weeks
2026-05-22,2026-05,Meta Ads,Marinados,SENSIS | 2026-03 | Awareness | Evergreen Campaign | Marinados y Cuaresma,Marinados carousel,reach,0.0,0,0.0,0.0,0.0,reach,0.0,0.0,Meta reach is non-deduplicated when summed across ads/weeks
2026-05-22,2026-05,Meta Ads,Temporadas / Comunidad,SENSIS | 2026-04 | Awareness | Dia del Nino Morelos,IG/FB DIA DEL NINO EN MORELOS,reach,0.0,0,0.0,0.0,0.0,reach,0.0,0.0,Meta reach is non-deduplicated when summed across ads/weeks
2026-05-22,2026-05,Meta Ads,Taco Tuesday,WDM | 2026-06 | Engagement | Boost Posts All,Taco Tuesday - 16 junio 2026 - Copy,No reported result,0.0,0,0.0,0.0,0.0,No reported result,0.0,0.0,Meta reach is non-deduplicated when summed across ads/weeks
2026-05-22,2026-05,Meta Ads,Mundial,WDM | 2026-06 | Awareness | Sellos y Mundial,IMG n Video | Pasaporte | Obtén Pasaporte | Mundial,reach,0.0,0,0.0,0.0,0.0,reach,0.0,0.0,Meta reach is non-deduplicated when summed across ads/weeks
2026-05-22,2026-05,Meta Ads,Taco Tuesday,SENSIS | 2026-05 | Awareness | Taco Tuesday,IG/FB TACO TUESDAY,reach,0.0,0,0.0,0.0,0.0,reach,0.0,0.0,Meta reach is non-deduplicated when summed across ads/weeks
2026-05-22,2026-05,Meta Ads,Taco Tuesday,WDM | 2026-06 | Engagement | Boost Posts All,Taco Tuesday - 16 junio 2026 - Copy,No reported result,0.0,0,0.0,0.0,0.0,No reported result,0.0,0.0,Meta reach is non-deduplicated when summed across ads/weeks
2026-05-22,2026-05,Meta Ads,Mundial,WDM | 2026-06 | Awareness | Sellos y Mundial,IMG n Video | Mundial | Carousel Quien Juega,reach,0.0,0,0.0,0.0,0.0,reach,0.0,0.0,Meta reach is non-deduplicated when summed across ads/weeks
2026-05-22,2026-05,Meta Ads,Marinados,SENSIS | 2026-03 | Awareness | Evergreen Campaign | Marinados y Cuaresma,Momentos Juntos carousel,reach,0.0,0,0.0,0.0,0.0,reach,0.0,0.0,Meta reach is non-deduplicated when summed across ads/weeks
2026-05-22,2026-05,Meta Ads,Taco Tuesday,WDM | 2026-06 | Engagement | Boost Posts All,Taco Tuesday - 16 junio 2026 - Copy,No reported result,0.0,0,0.0,0.0,0.0,No reported result,0.0,0.0,Meta reach is non-deduplicated when summed across ads/weeks
2026-05-22,2026-05,Meta Ads,Productos / Boost Post,WDM | 2026-06 | Traffic | IG Followers,IMG | Morelita Chicharron | IG Follow,No reported result,0.0,0,0.0,0.0,0.0,No reported result,0.0,0.0,Meta reach is non-deduplicated when summed across ads/weeks
2026-05-22,2026-05,Meta Ads,Marinados,SENSIS | 2026-03 | Awareness | Evergreen Campaign | Marinados y Cuaresma,Momentos Juntos single image,reach,0.0,0,0.0,0.0,0.0,reach,0.0,0.0,Meta reach is non-deduplicated when summed across ads/weeks
2026-05-22,2026-05,Meta Ads,Taco Tuesday,WDM | 2026-06 | Engagement | Boost Posts All,Taco Tuesday - 16 junio 2026 - Copy,No reported result,0.0,0,0.0,0.0,0.0,No reported result,0.0,0.0,Meta reach is non-deduplicated when summed across ads/weeks
2026-05-22,2026-05,Meta Ads,Mundial,WDM | 2026-06 | Engagement | Boost Posts All,IG | Boost | Hay Partidos | 06-05-2026 | Mundial,No reported result,0.0,0,0.0,0.0,0.0,No reported result,0.0,0.0,Meta reach is non-deduplicated when summed across ads/weeks
2026-05-22,2026-05,Meta Ads,Marinados,SENSIS | 2026-03 | Awareness | Evergreen Campaign | Marinados y Cuaresma,Cuaresma single image,reach,0.0,0,0.0,0.0,0.0,reach,0.0,0.0,Meta reach is non-deduplicated when summed across ads/weeks
2026-05-22,2026-05,Meta Ads,Taco Tuesday,WDM | 2026-06 | Engagement | Boost Posts All,Taco Tuesday - 16 junio 2026 - Copy,No reported result,0.0,0,0.0,0.0,0.0,No reported result,0.0,0.0,Meta reach is non-deduplicated when summed across ads/weeks
2026-05-22,2026-05,Meta Ads,Productos / Boost Post,WDM | 2026-06 | Engagement | Boost Posts All,IG | Boost | Nosotros Preguntamos | 06-04-2026,No reported result,0.0,0,0.0,0.0,0.0,No reported result,0.0,0.0,Meta reach is non-deduplicated when summed across ads/weeks
2026-05-22,2026-05,Meta Ads,Marinados,SENSIS | 2026-03 | Awareness | Evergreen Campaign | Marinados y Cuaresma,Cuaresma carousel,reach,0.0,0,0.0,0.0,0.0,reach,0.0,0.0,Meta reach is non-deduplicated when summed across ads/weeks
2026-05-22,2026-05,Meta Ads,Taco Tuesday,WDM | 2026-06 | Engagement | Boost Posts All,Taco Tuesday - 16 junio 2026 - Copy,No reported result,0.0,0,0.0,0.0,0.0,No reported result,0.0,0.0,Meta reach is non-deduplicated when summed across ads/weeks
2026-05-22,2026-05,Meta Ads,Productos / Boost Post,WDM | 2026-06 | Engagement | Boost Posts All,IG Post - ¿Vienes al súper?,No reported result,0.0,0,0.0,0.0,0.0,No reported result,0.0,0.0,Meta reach is non-deduplicated when summed across ads/weeks
2026-05-15,2026-05,Meta Ads,Productos / Boost Post,WDM | 2026 AON 1 | Engagement | Boost Posts All,IG | Boost | Carne | ASMR,No reported result,0.0,0,0.0,0.0,0.0,No reported result,0.0,0.0,Meta reach is non-deduplicated when summed across ads/weeks
2026-05-15,2026-05,Meta Ads,Taco Tuesday,WDM | 2026-06 | Engagement | Boost Posts All,Taco Tuesday - 16 junio 2026,No reported result,0.0,0,0.0,0.0,0.0,No reported result,0.0,0.0,Meta reach is non-deduplicated when summed across ads/weeks
2026-05-15,2026-05,Meta Ads,Mundial,WDM | 2026-06 | Engagement | Boost Posts All,IG | Boost | Balon | 06-16-2026 | Mundial,No reported result,0.0,0,0.0,0.0,0.0,No reported result,0.0,0.0,Meta reach is non-deduplicated when summed across ads/weeks
2026-05-15,2026-05,Meta Ads,Productos / Boost Post,WDM | 2026-07 | Conversions | Pollos/Carnitas/Chicharron,Estático | Asados,No reported result,0.0,0,0.0,0.0,0.0,No reported result,0.0,0.0,Meta reach is non-deduplicated when summed across ads/weeks
2026-05-15,2026-05,Meta Ads,Productos / Boost Post,WDM | 2026 AON 1 | Engagement | Boost Posts All,FB | Boost | Carne | ASMR,No reported result,0.0,0,0.0,0.0,0.0,No reported result,0.0,0.0,Meta reach is non-deduplicated when summed across ads/weeks
2026-05-15,2026-05,Meta Ads,Taco Tuesday,WDM | 2026-06 | Engagement | Boost Posts All,IG - Taco Tuesday - 16 junio,No reported result,0.0,0,0.0,0.0,0.0,No reported result,0.0,0.0,Meta reach is non-deduplicated when summed across ads/weeks
2026-05-15,2026-05,Meta Ads,Mundial,WDM | 2026-06 | Engagement | Boost Posts All,IG | Boost | Colombia | 06-23-2026 | Mundial,No reported result,0.0,0,0.0,0.0,0.0,No reported result,0.0,0.0,Meta reach is non-deduplicated when summed across ads/weeks
2026-05-15,2026-05,Meta Ads,Productos / Boost Post,WDM | 2026-07 | Conversions | Parrillada/Carne Asada,Estático | Parrillada,No reported result,0.0,0,0.0,0.0,0.0,No reported result,0.0,0.0,Meta reach is non-deduplicated when summed across ads/weeks
2026-05-15,2026-05,Meta Ads,Productos / Boost Post,WDM | 2026-06 | Engagement | Boost Posts All,FB Post - ¿Vienes al súper?,No reported result,0.0,0,0.0,0.0,0.0,No reported result,0.0,0.0,Meta reach is non-deduplicated when summed across ads/weeks
2026-05-15,2026-05,Meta Ads,Mundial,WDM | 2026-06 | Engagement | Boost Posts All,FB Post - ¿Vienes al súper? | Mundial | Futbolito,No reported result,0.0,0,0.0,0.0,0.0,No reported result,0.0,0.0,Meta reach is non-deduplicated when summed across ads/weeks
2026-05-15,2026-05,Meta Ads,Mundial,WDM | 2026-06 | Engagement | Boost Posts All,IG | Boost | Sellos | 06-23-2026 | Mundial,No reported result,0.0,0,0.0,0.0,0.0,No reported result,0.0,0.0,Meta reach is non-deduplicated when summed across ads/weeks
2026-05-15,2026-05,Meta Ads,Ofertón,WDM | 2026-07 | Traffic | Oferton 30 Jul - 12 Ago,CAROUSEL | Oferton | 30 Jul - 12 Ago,No reported result,0.0,0,0.0,0.0,0.0,No reported result,0.0,0.0,Meta reach is non-deduplicated when summed across ads/weeks
2026-05-15,2026-05,Meta Ads,Productos / Boost Post,WDM | 2026-06 | Engagement | Boost Posts All,FB Post - ¿Vienes al súper?,No reported result,0.0,0,0.0,0.0,0.0,No reported result,0.0,0.0,Meta reach is non-deduplicated when summed across ads/weeks
2026-05-15,2026-05,Meta Ads,Mundial,WDM | 2026-06 | Engagement | Boost Posts All,IG Post - ¿Vienes al súper? - Mundial | Futbolito,No reported result,0.0,0,0.0,0.0,0.0,No reported result,0.0,0.0,Meta reach is non-deduplicated when summed across ads/weeks
2026-05-15,2026-05,Meta Ads,Mundial,WDM | 2026-06 | Awareness | Sellos y Mundial,IMG n Video | Pasaporte Redimir | Participa Sellos,reach,0.0,0,0.0,0.0,0.0,reach,0.0,0.0,Meta reach is non-deduplicated when summed across ads/weeks
2026-05-15,2026-05,Meta Ads,Ofertón,WDM | 2026-07 | Traffic | Oferton 30 Jul - 12 Ago,CAROUSEL | Oferton | 30 Jul - 12 Ago,No reported result,0.0,0,0.0,0.0,0.0,No reported result,0.0,0.0,Meta reach is non-deduplicated when summed across ads/weeks
2026-05-15,2026-05,Meta Ads,Productos / Boost Post,WDM | 2026-06 | Engagement | Boost Posts All,IG Post - ¿Vienes al súper?,No reported result,0.0,0,0.0,0.0,0.0,No reported result,0.0,0.0,Meta reach is non-deduplicated when summed across ads/weeks
2026-05-15,2026-05,Meta Ads,Mundial,WDM | 2026-06 | Engagement | Boost Posts All,IG Post - ¿Vienes al súper? | Mundial | Futbolito,No reported result,0.0,0,0.0,0.0,0.0,No reported result,0.0,0.0,Meta reach is non-deduplicated when summed across ads/weeks
2026-05-15,2026-05,Meta Ads,Taco Tuesday,WDM | 2026-06 | Awareness | Taco Tuesday 5x5,IMG Cuadrada | Morelita Tacos 5x5 | Mejor Trato,reach,0.0,0,0.0,0.0,0.0,reach,0.0,0.0,Meta reach is non-deduplicated when summed across ads/weeks
2026-05-15,2026-05,Meta Ads,Store Visits / AON,WDM | 2026-07 | Awareness | AON Store Visits,Carousel | AON Store Visits | Benefits Cerca,reach,0.0,0,0.0,0.0,0.0,reach,0.0,0.0,Meta reach is non-deduplicated when summed across ads/weeks
2026-05-15,2026-05,Meta Ads,Productos / Boost Post,WDM | 2026-06 | Engagement | Boost Posts All,FB Post - ¿Vienes al súper?,No reported result,0.0,0,0.0,0.0,0.0,No reported result,0.0,0.0,Meta reach is non-deduplicated when summed across ads/weeks
2026-05-15,2026-05,Meta Ads,Mundial,WDM | 2026-06 | Engagement | Boost Posts All,FB Post - ¿Vienes al súper? | Mundial | Futbolito,No reported result,0.0,0,0.0,0.0,0.0,No reported result,0.0,0.0,Meta reach is non-deduplicated when summed across ads/weeks
2026-05-15,2026-05,Meta Ads,Taco Tuesday,WDM | 2026-06 | Engagement | Boost Posts All,IG - Taco Tuesday - 16 junio - Copy,No reported result,0.0,0,0.0,0.0,0.0,No reported result,0.0,0.0,Meta reach is non-deduplicated when summed across ads/weeks
2026-05-15,2026-05,Meta Ads,Productos / Boost Post,WDM | 2026 AON 2 | Engagement | Boost Posts All,IG | Boost | Pina Colada | 07-2026 | Productos & Boost - Copy,No reported result,0.0,0,0.0,0.0,0.0,No reported result,0.0,0.0,Meta reach is non-deduplicated when summed across ads/weeks
2026-05-15,2026-05,Meta Ads,Productos / Boost Post,WDM | 2026-06 | Engagement | Boost Posts All,IG Post - ¿Vienes al súper?,No reported result,0.0,0,0.0,0.0,0.0,No reported result,0.0,0.0,Meta reach is non-deduplicated when summed across ads/weeks
2026-05-15,2026-05,Meta Ads,Productos / Boost Post,SENSIS | 2026-05 | Awareness | Carnitas Pack,IG/FB CARNITAS PACK,reach,0.0,0,0.0,0.0,0.0,reach,0.0,0.0,Meta reach is non-deduplicated when summed across ads/weeks
2026-05-15,2026-05,Meta Ads,Taco Tuesday,WDM | 2026-06 | Engagement | Boost Posts All,IG - Taco Tuesday - 16 junio - Copy,No reported result,0.0,0,0.0,0.0,0.0,No reported result,0.0,0.0,Meta reach is non-deduplicated when summed across ads/weeks
2026-05-15,2026-05,Meta Ads,Productos / Boost Post,WDM | 2026 AON 2 | Engagement | Boost Posts All,IG | Boost | Fried Chicken Ice Cream | 07-2026 | Productos & Boost,No reported result,0.0,0,0.0,0.0,0.0,No reported result,0.0,0.0,Meta reach is non-deduplicated when summed across ads/weeks
2026-05-15,2026-05,Meta Ads,Productos / Boost Post,WDM | 2026-06 | Engagement | Boost Posts All,FB Post - ¿Vienes al súper?,No reported result,0.0,0,0.0,0.0,0.0,No reported result,0.0,0.0,Meta reach is non-deduplicated when summed across ads/weeks
2026-05-15,2026-05,Meta Ads,Mundial,SENSIS | 2026-04 | Engagement | Teaser Muy Pronto | Mundial,"Publicación: ""¡Muy pronto!""",No reported result,0.0,0,0.0,0.0,0.0,No reported result,0.0,0.0,Meta reach is non-deduplicated when summed across ads/weeks
2026-05-15,2026-05,Meta Ads,Taco Tuesday,WDM | 2026-06 | Engagement | Boost Posts All,IG - Taco Tuesday - 16 junio - Copy,No reported result,0.0,0,0.0,0.0,0.0,No reported result,0.0,0.0,Meta reach is non-deduplicated when summed across ads/weeks
2026-05-15,2026-05,Meta Ads,Productos / Boost Post,WDM | 2026-07 | Conversions | Ice Cream | Products,CAROUSEL | Ice Cream | Summer Fruits,No reported result,0.0,0,0.0,0.0,0.0,No reported result,0.0,0.0,Meta reach is non-deduplicated when summed across ads/weeks
2026-05-15,2026-05,Meta Ads,Productos / Boost Post,WDM | 2026-06 | Engagement | Boost Posts All,IG Post - ¿Vienes al súper?,No reported result,0.0,0,0.0,0.0,0.0,No reported result,0.0,0.0,Meta reach is non-deduplicated when summed across ads/weeks
2026-05-15,2026-05,Meta Ads,Temporadas / Comunidad,SENSIS | 2026-05 | Awareness | Memorial Day,IG/FB MEMORIAL DAY,reach,3.88,1511,1351.0,0.0,1351.0,reach,0.0,0.0,Meta reach is non-deduplicated when summed across ads/weeks
2026-05-15,2026-05,Meta Ads,Taco Tuesday,WDM | 2026-06 | Engagement | Boost Posts All,IG - Taco Tuesday - 16 junio - Copy,No reported result,0.0,0,0.0,0.0,0.0,No reported result,0.0,0.0,Meta reach is non-deduplicated when summed across ads/weeks
2026-05-15,2026-05,Meta Ads,Productos / Boost Post,WDM | 2026-07 | Conversions | Ice Cream | Products,VIDEO | Ice Cream | Summer Chicken - UGC,No reported result,0.0,0,0.0,0.0,0.0,No reported result,0.0,0.0,Meta reach is non-deduplicated when summed across ads/weeks
2026-05-15,2026-05,Meta Ads,Productos / Boost Post,WDM | 2026-06 | Engagement | Boost Posts All,FB Post - ¿Vienes al súper?,No reported result,0.0,0,0.0,0.0,0.0,No reported result,0.0,0.0,Meta reach is non-deduplicated when summed across ads/weeks
2026-05-15,2026-05,Meta Ads,Productos / Boost Post,SENSIS | 2026-06 | Awareness | El Calor - Agua Fresca,IG/FB EL CALOR - AGUA FRESCA,reach,20.31,7582,5537.0,16.0,5537.0,reach,0.0,0.0,Meta reach is non-deduplicated when summed across ads/weeks
2026-05-15,2026-05,Meta Ads,Taco Tuesday,WDM | 2026-06 | Engagement | Boost Posts All,IG - Taco Tuesday - 16 junio - Copy,No reported result,0.0,0,0.0,0.0,0.0,No reported result,0.0,0.0,Meta reach is non-deduplicated when summed across ads/weeks
2026-05-15,2026-05,Meta Ads,Ofertón,WDM | 2026-07 | Awareness | Oferton 16 Jul - 29 July,CAROUSEL | Oferton | 16 Jul - 29 Jul,No reported result,0.0,0,0.0,0.0,0.0,No reported result,0.0,0.0,Meta reach is non-deduplicated when summed across ads/weeks
2026-05-15,2026-05,Meta Ads,Productos / Boost Post,WDM | 2026-06 | Engagement | Boost Posts All,IG Post - ¿Vienes al súper?,No reported result,0.0,0,0.0,0.0,0.0,No reported result,0.0,0.0,Meta reach is non-deduplicated when summed across ads/weeks
2026-05-15,2026-05,Meta Ads,Productos / Boost Post,SENSIS | 2026-05 | Awareness | Dia de las Madres - Donas,IG/FB DIA DE LAS MADRES - DONAS,reach,0.0,0,0.0,0.0,0.0,reach,0.0,0.0,Meta reach is non-deduplicated when summed across ads/weeks
2026-05-15,2026-05,Meta Ads,Taco Tuesday,WDM | 2026-06 | Engagement | Boost Posts All,IG - Taco Tuesday - 16 junio - Copy,No reported result,0.0,0,0.0,0.0,0.0,No reported result,0.0,0.0,Meta reach is non-deduplicated when summed across ads/weeks
2026-05-15,2026-05,Meta Ads,Productos / Boost Post,WDM | 2026-07 | Conversions | Ice Cream | Products,IMG | Ice Cream | Summer Chicken,No reported result,0.0,0,0.0,0.0,0.0,No reported result,0.0,0.0,Meta reach is non-deduplicated when summed across ads/weeks
2026-05-15,2026-05,Meta Ads,Productos / Boost Post,WDM | 2026-06 | Engagement | Boost Posts All,FB Post - ¿Vienes al súper?,No reported result,0.0,0,0.0,0.0,0.0,No reported result,0.0,0.0,Meta reach is non-deduplicated when summed across ads/weeks
2026-05-15,2026-05,Meta Ads,Taco Tuesday,SENSIS | 2026-05 | Awareness | Taco Tuesday Promo 5x5,IG/FB TACO TUESDAY PROMO 5X5,reach,16.41,7663,6033.0,18.0,6033.0,reach,0.0,0.0,Meta reach is non-deduplicated when summed across ads/weeks
2026-05-15,2026-05,Meta Ads,Taco Tuesday,WDM | 2026-06 | Engagement | Boost Posts All,IG - Taco Tuesday - 16 junio - Copy,No reported result,0.0,0,0.0,0.0,0.0,No reported result,0.0,0.0,Meta reach is non-deduplicated when summed across ads/weeks
2026-05-15,2026-05,Meta Ads,Productos / Boost Post,WDM | 2026 AON 1 | Engagement | Boost Posts All,IG | Boost | Cafe | Gatos,No reported result,0.0,0,0.0,0.0,0.0,No reported result,0.0,0.0,Meta reach is non-deduplicated when summed across ads/weeks
2026-05-15,2026-05,Meta Ads,Productos / Boost Post,WDM | 2026-06 | Engagement | Boost Posts All,IG Post - ¿Vienes al súper?,No reported result,0.0,0,0.0,0.0,0.0,No reported result,0.0,0.0,Meta reach is non-deduplicated when summed across ads/weeks
2026-05-15,2026-05,Meta Ads,Marinados,SENSIS | 2026-03 | Awareness | Evergreen Campaign | Marinados y Cuaresma,Momentos Juntos single image,reach,993.99,297042,94533.0,548.0,94533.0,reach,0.0,0.0,Meta reach is non-deduplicated when summed across ads/weeks
2026-05-15,2026-05,Meta Ads,Taco Tuesday,WDM | 2026-06 | Engagement | Boost Posts All,IG - Taco Tuesday - 16 junio - Copy,No reported result,0.0,0,0.0,0.0,0.0,No reported result,0.0,0.0,Meta reach is non-deduplicated when summed across ads/weeks
2026-05-15,2026-05,Meta Ads,Productos / Boost Post,WDM | 2026 AON 1 | Engagement | Boost Posts All,FB | Boost | Cafe | Gatos,No reported result,0.0,0,0.0,0.0,0.0,No reported result,0.0,0.0,Meta reach is non-deduplicated when summed across ads/weeks
2026-05-15,2026-05,Meta Ads,Productos / Boost Post,WDM | 2026-06 | Engagement | Boost Posts All,FB Post - ¿Vienes al súper?,No reported result,0.0,0,0.0,0.0,0.0,No reported result,0.0,0.0,Meta reach is non-deduplicated when summed across ads/weeks
2026-05-15,2026-05,Meta Ads,Marinados,SENSIS | 2026-03 | Awareness | Evergreen Campaign | Marinados y Cuaresma,Momentos Juntos carousel,reach,4.21,1303,1121.0,1.0,1121.0,reach,0.0,0.0,Meta reach is non-deduplicated when summed across ads/weeks
2026-05-15,2026-05,Meta Ads,Taco Tuesday,WDM | 2026-06 | Engagement | Boost Posts All,IG - Taco Tuesday - 16 junio - Copy,No reported result,0.0,0,0.0,0.0,0.0,No reported result,0.0,0.0,Meta reach is non-deduplicated when summed across ads/weeks
2026-05-15,2026-05,Meta Ads,Mundial,WDM | 2026 AON 1 | Engagement | Boost Posts All,FB | Boost | Mundial | Sellos,No reported result,0.0,0,0.0,0.0,0.0,No reported result,0.0,0.0,Meta reach is non-deduplicated when summed across ads/weeks
2026-05-15,2026-05,Meta Ads,Productos / Boost Post,WDM | 2026-06 | Engagement | Boost Posts All,IG Post - ¿Vienes al súper?,No reported result,0.0,0,0.0,0.0,0.0,No reported result,0.0,0.0,Meta reach is non-deduplicated when summed across ads/weeks
2026-05-15,2026-05,Meta Ads,Temporadas / Comunidad,SENSIS | 2026-05 | Awareness | Dia de las Madres,IG/FB DIA DE LAS MADRES,reach,0.0,0,0.0,0.0,0.0,reach,0.0,0.0,Meta reach is non-deduplicated when summed across ads/weeks
2026-05-15,2026-05,Meta Ads,Taco Tuesday,WDM | 2026-06 | Engagement | Boost Posts All,IG - Taco Tuesday - 16 junio - Copy,No reported result,0.0,0,0.0,0.0,0.0,No reported result,0.0,0.0,Meta reach is non-deduplicated when summed across ads/weeks
2026-05-15,2026-05,Meta Ads,Mundial,WDM | 2026 AON 1 | Engagement | Boost Posts All,IG | Boost | Mundial | Sellos,No reported result,0.0,0,0.0,0.0,0.0,No reported result,0.0,0.0,Meta reach is non-deduplicated when summed across ads/weeks
2026-05-15,2026-05,Meta Ads,Productos / Boost Post,WDM | 2026-06 | Engagement | Boost Posts All,FB Post - ¿Vienes al súper?,No reported result,0.0,0,0.0,0.0,0.0,No reported result,0.0,0.0,Meta reach is non-deduplicated when summed across ads/weeks
2026-05-15,2026-05,Meta Ads,Productos / Boost Post,SENSIS | 2026-05 | Awareness | Chicharron,IG/FB CHICHARRON - MAY,reach,0.0,0,0.0,0.0,0.0,reach,0.0,0.0,Meta reach is non-deduplicated when summed across ads/weeks
2026-05-15,2026-05,Meta Ads,Taco Tuesday,WDM | 2026-06 | Engagement | Boost Posts All,Taco Tuesday - 16 junio 2026 - Copy,No reported result,0.0,0,0.0,0.0,0.0,No reported result,0.0,0.0,Meta reach is non-deduplicated when summed across ads/weeks
2026-05-15,2026-05,Meta Ads,Ofertón,WDM | 2026-07 | Awareness | Oferton 2 Jul - 15 July,CAROUSEL | Oferton | 2 Jul - 15 Jul,No reported result,0.0,0,0.0,0.0,0.0,No reported result,0.0,0.0,Meta reach is non-deduplicated when summed across ads/weeks
2026-05-15,2026-05,Meta Ads,Productos / Boost Post,WDM | 2026-06 | Engagement | Boost Posts All,IG Post - ¿Vienes al súper?,No reported result,0.0,0,0.0,0.0,0.0,No reported result,0.0,0.0,Meta reach is non-deduplicated when summed across ads/weeks
2026-05-15,2026-05,Meta Ads,Productos / Boost Post,SENSIS | 2026-05 | Awareness | Pollo Asado Horneado,IG/FB POLLO ASADO HORNEADO,reach,3.61,1070,1036.0,3.0,1036.0,reach,0.0,0.0,Meta reach is non-deduplicated when summed across ads/weeks
2026-05-15,2026-05,Meta Ads,Taco Tuesday,WDM | 2026-06 | Engagement | Boost Posts All,Taco Tuesday - 16 junio 2026 - Copy,No reported result,0.0,0,0.0,0.0,0.0,No reported result,0.0,0.0,Meta reach is non-deduplicated when summed across ads/weeks
2026-05-15,2026-05,Meta Ads,Taco Tuesday,WDM | 2026-07 | Awareness | Taco Tuesday 5x5 - July,IMG Cuadrada | Morelita Tacos 5x5 | Mejor Trato,reach,0.0,0,0.0,0.0,0.0,reach,0.0,0.0,Meta reach is non-deduplicated when summed across ads/weeks
2026-05-15,2026-05,Meta Ads,Productos / Boost Post,WDM | 2026-06 | Engagement | Boost Posts All,FB Post - ¿Vienes al súper?,No reported result,0.0,0,0.0,0.0,0.0,No reported result,0.0,0.0,Meta reach is non-deduplicated when summed across ads/weeks
2026-05-15,2026-05,Meta Ads,Productos / Boost Post,SENSIS | 2026-05 | Awareness | Chicharron y Aguas Frescas,IG/FB CHICHARRON & AGUAS FRESCAS,reach,0.0,0,0.0,0.0,0.0,reach,0.0,0.0,Meta reach is non-deduplicated when summed across ads/weeks
2026-05-15,2026-05,Meta Ads,Taco Tuesday,WDM | 2026-06 | Engagement | Boost Posts All,Taco Tuesday - 16 junio 2026 - Copy,No reported result,0.0,0,0.0,0.0,0.0,No reported result,0.0,0.0,Meta reach is non-deduplicated when summed across ads/weeks
2026-05-15,2026-05,Meta Ads,Ofertón,WDM | 2026-06 | Awareness | Oferton 18 Jun - 1 Jul,CAROUSEL | Oferton | 18 Jun - 1 Jul,No reported result,0.0,0,0.0,0.0,0.0,No reported result,0.0,0.0,Meta reach is non-deduplicated when summed across ads/weeks
2026-05-15,2026-05,Meta Ads,Marinados,SENSIS | 2026-03 | Awareness | Evergreen Campaign | Marinados y Cuaresma,Marinados single image,reach,0.0,0,0.0,0.0,0.0,reach,0.0,0.0,Meta reach is non-deduplicated when summed across ads/weeks
2026-05-15,2026-05,Meta Ads,Productos / Boost Post,SENSIS | 2026-05 | Awareness | Vitrolito Aguas Frescas,IG/FB VITROLITO AGUAS FRESCAS,reach,0.0,0,0.0,0.0,0.0,reach,0.0,0.0,Meta reach is non-deduplicated when summed across ads/weeks
2026-05-15,2026-05,Meta Ads,Taco Tuesday,WDM | 2026-06 | Engagement | Boost Posts All,Taco Tuesday - 16 junio 2026 - Copy,No reported result,0.0,0,0.0,0.0,0.0,No reported result,0.0,0.0,Meta reach is non-deduplicated when summed across ads/weeks
2026-05-15,2026-05,Meta Ads,Marinados,WDM | 2026-06 | Awareness | Marinados,IMG | Marinados | Res Pollo y Cerdo,reach,0.0,0,0.0,0.0,0.0,reach,0.0,0.0,Meta reach is non-deduplicated when summed across ads/weeks
2026-05-15,2026-05,Meta Ads,Marinados,SENSIS | 2026-03 | Awareness | Evergreen Campaign | Marinados y Cuaresma,Marinados carousel,reach,0.0,0,0.0,0.0,0.0,reach,0.0,0.0,Meta reach is non-deduplicated when summed across ads/weeks
2026-05-15,2026-05,Meta Ads,Temporadas / Comunidad,SENSIS | 2026-04 | Awareness | Dia del Nino Morelos,IG/FB DIA DEL NINO EN MORELOS,reach,0.0,0,0.0,0.0,0.0,reach,0.0,0.0,Meta reach is non-deduplicated when summed across ads/weeks
2026-05-15,2026-05,Meta Ads,Taco Tuesday,WDM | 2026-06 | Engagement | Boost Posts All,Taco Tuesday - 16 junio 2026 - Copy,No reported result,0.0,0,0.0,0.0,0.0,No reported result,0.0,0.0,Meta reach is non-deduplicated when summed across ads/weeks
2026-05-15,2026-05,Meta Ads,Mundial,WDM | 2026-06 | Awareness | Sellos y Mundial,IMG n Video | Pasaporte | Obtén Pasaporte | Mundial,reach,0.0,0,0.0,0.0,0.0,reach,0.0,0.0,Meta reach is non-deduplicated when summed across ads/weeks
2026-05-15,2026-05,Meta Ads,Taco Tuesday,SENSIS | 2026-05 | Awareness | Taco Tuesday,IG/FB TACO TUESDAY,reach,0.0,0,0.0,0.0,0.0,reach,0.0,0.0,Meta reach is non-deduplicated when summed across ads/weeks
2026-05-15,2026-05,Meta Ads,Taco Tuesday,WDM | 2026-06 | Engagement | Boost Posts All,Taco Tuesday - 16 junio 2026 - Copy,No reported result,0.0,0,0.0,0.0,0.0,No reported result,0.0,0.0,Meta reach is non-deduplicated when summed across ads/weeks
2026-05-15,2026-05,Meta Ads,Mundial,WDM | 2026-06 | Awareness | Sellos y Mundial,IMG n Video | Mundial | Carousel Quien Juega,reach,0.0,0,0.0,0.0,0.0,reach,0.0,0.0,Meta reach is non-deduplicated when summed across ads/weeks
2026-05-15,2026-05,Meta Ads,Marinados,SENSIS | 2026-03 | Awareness | Evergreen Campaign | Marinados y Cuaresma,Momentos Juntos carousel,reach,0.0,0,0.0,0.0,0.0,reach,0.0,0.0,Meta reach is non-deduplicated when summed across ads/weeks
2026-05-15,2026-05,Meta Ads,Taco Tuesday,WDM | 2026-06 | Engagement | Boost Posts All,Taco Tuesday - 16 junio 2026 - Copy,No reported result,0.0,0,0.0,0.0,0.0,No reported result,0.0,0.0,Meta reach is non-deduplicated when summed across ads/weeks
2026-05-15,2026-05,Meta Ads,Productos / Boost Post,WDM | 2026-06 | Traffic | IG Followers,IMG | Morelita Chicharron | IG Follow,No reported result,0.0,0,0.0,0.0,0.0,No reported result,0.0,0.0,Meta reach is non-deduplicated when summed across ads/weeks
2026-05-15,2026-05,Meta Ads,Marinados,SENSIS | 2026-03 | Awareness | Evergreen Campaign | Marinados y Cuaresma,Momentos Juntos single image,reach,0.0,0,0.0,0.0,0.0,reach,0.0,0.0,Meta reach is non-deduplicated when summed across ads/weeks
2026-05-15,2026-05,Meta Ads,Taco Tuesday,WDM | 2026-06 | Engagement | Boost Posts All,Taco Tuesday - 16 junio 2026 - Copy,No reported result,0.0,0,0.0,0.0,0.0,No reported result,0.0,0.0,Meta reach is non-deduplicated when summed across ads/weeks
2026-05-15,2026-05,Meta Ads,Mundial,WDM | 2026-06 | Engagement | Boost Posts All,IG | Boost | Hay Partidos | 06-05-2026 | Mundial,No reported result,0.0,0,0.0,0.0,0.0,No reported result,0.0,0.0,Meta reach is non-deduplicated when summed across ads/weeks
2026-05-15,2026-05,Meta Ads,Marinados,SENSIS | 2026-03 | Awareness | Evergreen Campaign | Marinados y Cuaresma,Cuaresma single image,reach,0.0,0,0.0,0.0,0.0,reach,0.0,0.0,Meta reach is non-deduplicated when summed across ads/weeks
2026-05-15,2026-05,Meta Ads,Taco Tuesday,WDM | 2026-06 | Engagement | Boost Posts All,Taco Tuesday - 16 junio 2026 - Copy,No reported result,0.0,0,0.0,0.0,0.0,No reported result,0.0,0.0,Meta reach is non-deduplicated when summed across ads/weeks
2026-05-15,2026-05,Meta Ads,Productos / Boost Post,WDM | 2026-06 | Engagement | Boost Posts All,IG | Boost | Nosotros Preguntamos | 06-04-2026,No reported result,0.0,0,0.0,0.0,0.0,No reported result,0.0,0.0,Meta reach is non-deduplicated when summed across ads/weeks
2026-05-15,2026-05,Meta Ads,Marinados,SENSIS | 2026-03 | Awareness | Evergreen Campaign | Marinados y Cuaresma,Cuaresma carousel,reach,0.0,0,0.0,0.0,0.0,reach,0.0,0.0,Meta reach is non-deduplicated when summed across ads/weeks
2026-05-15,2026-05,Meta Ads,Taco Tuesday,WDM | 2026-06 | Engagement | Boost Posts All,Taco Tuesday - 16 junio 2026 - Copy,No reported result,0.0,0,0.0,0.0,0.0,No reported result,0.0,0.0,Meta reach is non-deduplicated when summed across ads/weeks
2026-05-15,2026-05,Meta Ads,Productos / Boost Post,WDM | 2026-06 | Engagement | Boost Posts All,IG Post - ¿Vienes al súper?,No reported result,0.0,0,0.0,0.0,0.0,No reported result,0.0,0.0,Meta reach is non-deduplicated when summed across ads/weeks
2026-05-08,2026-05,Meta Ads,Productos / Boost Post,WDM | 2026 AON 1 | Engagement | Boost Posts All,IG | Boost | Carne | ASMR,No reported result,0.0,0,0.0,0.0,0.0,No reported result,0.0,0.0,Meta reach is non-deduplicated when summed across ads/weeks
2026-05-08,2026-05,Meta Ads,Taco Tuesday,WDM | 2026-06 | Engagement | Boost Posts All,Taco Tuesday - 16 junio 2026,No reported result,0.0,0,0.0,0.0,0.0,No reported result,0.0,0.0,Meta reach is non-deduplicated when summed across ads/weeks
2026-05-08,2026-05,Meta Ads,Mundial,WDM | 2026-06 | Engagement | Boost Posts All,IG | Boost | Balon | 06-16-2026 | Mundial,No reported result,0.0,0,0.0,0.0,0.0,No reported result,0.0,0.0,Meta reach is non-deduplicated when summed across ads/weeks
2026-05-08,2026-05,Meta Ads,Productos / Boost Post,WDM | 2026-07 | Conversions | Pollos/Carnitas/Chicharron,Estático | Asados,No reported result,0.0,0,0.0,0.0,0.0,No reported result,0.0,0.0,Meta reach is non-deduplicated when summed across ads/weeks
2026-05-08,2026-05,Meta Ads,Productos / Boost Post,WDM | 2026 AON 1 | Engagement | Boost Posts All,FB | Boost | Carne | ASMR,No reported result,0.0,0,0.0,0.0,0.0,No reported result,0.0,0.0,Meta reach is non-deduplicated when summed across ads/weeks
2026-05-08,2026-05,Meta Ads,Taco Tuesday,WDM | 2026-06 | Engagement | Boost Posts All,IG - Taco Tuesday - 16 junio,No reported result,0.0,0,0.0,0.0,0.0,No reported result,0.0,0.0,Meta reach is non-deduplicated when summed across ads/weeks
2026-05-08,2026-05,Meta Ads,Mundial,WDM | 2026-06 | Engagement | Boost Posts All,IG | Boost | Colombia | 06-23-2026 | Mundial,No reported result,0.0,0,0.0,0.0,0.0,No reported result,0.0,0.0,Meta reach is non-deduplicated when summed across ads/weeks
2026-05-08,2026-05,Meta Ads,Productos / Boost Post,WDM | 2026-07 | Conversions | Parrillada/Carne Asada,Estático | Parrillada,No reported result,0.0,0,0.0,0.0,0.0,No reported result,0.0,0.0,Meta reach is non-deduplicated when summed across ads/weeks
2026-05-08,2026-05,Meta Ads,Productos / Boost Post,WDM | 2026-06 | Engagement | Boost Posts All,FB Post - ¿Vienes al súper?,No reported result,0.0,0,0.0,0.0,0.0,No reported result,0.0,0.0,Meta reach is non-deduplicated when summed across ads/weeks
2026-05-08,2026-05,Meta Ads,Mundial,WDM | 2026-06 | Engagement | Boost Posts All,FB Post - ¿Vienes al súper? | Mundial | Futbolito,No reported result,0.0,0,0.0,0.0,0.0,No reported result,0.0,0.0,Meta reach is non-deduplicated when summed across ads/weeks
2026-05-08,2026-05,Meta Ads,Mundial,WDM | 2026-06 | Engagement | Boost Posts All,IG | Boost | Sellos | 06-23-2026 | Mundial,No reported result,0.0,0,0.0,0.0,0.0,No reported result,0.0,0.0,Meta reach is non-deduplicated when summed across ads/weeks
2026-05-08,2026-05,Meta Ads,Ofertón,WDM | 2026-07 | Traffic | Oferton 30 Jul - 12 Ago,CAROUSEL | Oferton | 30 Jul - 12 Ago,No reported result,0.0,0,0.0,0.0,0.0,No reported result,0.0,0.0,Meta reach is non-deduplicated when summed across ads/weeks
2026-05-08,2026-05,Meta Ads,Productos / Boost Post,WDM | 2026-06 | Engagement | Boost Posts All,FB Post - ¿Vienes al súper?,No reported result,0.0,0,0.0,0.0,0.0,No reported result,0.0,0.0,Meta reach is non-deduplicated when summed across ads/weeks
2026-05-08,2026-05,Meta Ads,Mundial,WDM | 2026-06 | Engagement | Boost Posts All,IG Post - ¿Vienes al súper? - Mundial | Futbolito,No reported result,0.0,0,0.0,0.0,0.0,No reported result,0.0,0.0,Meta reach is non-deduplicated when summed across ads/weeks
2026-05-08,2026-05,Meta Ads,Mundial,WDM | 2026-06 | Awareness | Sellos y Mundial,IMG n Video | Pasaporte Redimir | Participa Sellos,reach,0.0,0,0.0,0.0,0.0,reach,0.0,0.0,Meta reach is non-deduplicated when summed across ads/weeks
2026-05-08,2026-05,Meta Ads,Ofertón,WDM | 2026-07 | Traffic | Oferton 30 Jul - 12 Ago,CAROUSEL | Oferton | 30 Jul - 12 Ago,No reported result,0.0,0,0.0,0.0,0.0,No reported result,0.0,0.0,Meta reach is non-deduplicated when summed across ads/weeks
2026-05-08,2026-05,Meta Ads,Productos / Boost Post,WDM | 2026-06 | Engagement | Boost Posts All,IG Post - ¿Vienes al súper?,No reported result,0.0,0,0.0,0.0,0.0,No reported result,0.0,0.0,Meta reach is non-deduplicated when summed across ads/weeks
2026-05-08,2026-05,Meta Ads,Mundial,WDM | 2026-06 | Engagement | Boost Posts All,IG Post - ¿Vienes al súper? | Mundial | Futbolito,No reported result,0.0,0,0.0,0.0,0.0,No reported result,0.0,0.0,Meta reach is non-deduplicated when summed across ads/weeks
2026-05-08,2026-05,Meta Ads,Taco Tuesday,WDM | 2026-06 | Awareness | Taco Tuesday 5x5,IMG Cuadrada | Morelita Tacos 5x5 | Mejor Trato,reach,0.0,0,0.0,0.0,0.0,reach,0.0,0.0,Meta reach is non-deduplicated when summed across ads/weeks
2026-05-08,2026-05,Meta Ads,Store Visits / AON,WDM | 2026-07 | Awareness | AON Store Visits,Carousel | AON Store Visits | Benefits Cerca,reach,0.0,0,0.0,0.0,0.0,reach,0.0,0.0,Meta reach is non-deduplicated when summed across ads/weeks
2026-05-08,2026-05,Meta Ads,Productos / Boost Post,WDM | 2026-06 | Engagement | Boost Posts All,FB Post - ¿Vienes al súper?,No reported result,0.0,0,0.0,0.0,0.0,No reported result,0.0,0.0,Meta reach is non-deduplicated when summed across ads/weeks
2026-05-08,2026-05,Meta Ads,Mundial,WDM | 2026-06 | Engagement | Boost Posts All,FB Post - ¿Vienes al súper? | Mundial | Futbolito,No reported result,0.0,0,0.0,0.0,0.0,No reported result,0.0,0.0,Meta reach is non-deduplicated when summed across ads/weeks
2026-05-08,2026-05,Meta Ads,Taco Tuesday,WDM | 2026-06 | Engagement | Boost Posts All,IG - Taco Tuesday - 16 junio - Copy,No reported result,0.0,0,0.0,0.0,0.0,No reported result,0.0,0.0,Meta reach is non-deduplicated when summed across ads/weeks
2026-05-08,2026-05,Meta Ads,Productos / Boost Post,WDM | 2026 AON 2 | Engagement | Boost Posts All,IG | Boost | Pina Colada | 07-2026 | Productos & Boost - Copy,No reported result,0.0,0,0.0,0.0,0.0,No reported result,0.0,0.0,Meta reach is non-deduplicated when summed across ads/weeks
2026-05-08,2026-05,Meta Ads,Productos / Boost Post,WDM | 2026-06 | Engagement | Boost Posts All,IG Post - ¿Vienes al súper?,No reported result,0.0,0,0.0,0.0,0.0,No reported result,0.0,0.0,Meta reach is non-deduplicated when summed across ads/weeks
2026-05-08,2026-05,Meta Ads,Productos / Boost Post,SENSIS | 2026-05 | Awareness | Carnitas Pack,IG/FB CARNITAS PACK,reach,0.0,0,0.0,0.0,0.0,reach,0.0,0.0,Meta reach is non-deduplicated when summed across ads/weeks
2026-05-08,2026-05,Meta Ads,Taco Tuesday,WDM | 2026-06 | Engagement | Boost Posts All,IG - Taco Tuesday - 16 junio - Copy,No reported result,0.0,0,0.0,0.0,0.0,No reported result,0.0,0.0,Meta reach is non-deduplicated when summed across ads/weeks
2026-05-08,2026-05,Meta Ads,Productos / Boost Post,WDM | 2026 AON 2 | Engagement | Boost Posts All,IG | Boost | Fried Chicken Ice Cream | 07-2026 | Productos & Boost,No reported result,0.0,0,0.0,0.0,0.0,No reported result,0.0,0.0,Meta reach is non-deduplicated when summed across ads/weeks
2026-05-08,2026-05,Meta Ads,Productos / Boost Post,WDM | 2026-06 | Engagement | Boost Posts All,FB Post - ¿Vienes al súper?,No reported result,0.0,0,0.0,0.0,0.0,No reported result,0.0,0.0,Meta reach is non-deduplicated when summed across ads/weeks
2026-05-08,2026-05,Meta Ads,Mundial,SENSIS | 2026-04 | Engagement | Teaser Muy Pronto | Mundial,"Publicación: ""¡Muy pronto!""",No reported result,0.0,0,0.0,0.0,0.0,No reported result,0.0,0.0,Meta reach is non-deduplicated when summed across ads/weeks
2026-05-08,2026-05,Meta Ads,Taco Tuesday,WDM | 2026-06 | Engagement | Boost Posts All,IG - Taco Tuesday - 16 junio - Copy,No reported result,0.0,0,0.0,0.0,0.0,No reported result,0.0,0.0,Meta reach is non-deduplicated when summed across ads/weeks
2026-05-08,2026-05,Meta Ads,Productos / Boost Post,WDM | 2026-07 | Conversions | Ice Cream | Products,CAROUSEL | Ice Cream | Summer Fruits,No reported result,0.0,0,0.0,0.0,0.0,No reported result,0.0,0.0,Meta reach is non-deduplicated when summed across ads/weeks
2026-05-08,2026-05,Meta Ads,Productos / Boost Post,WDM | 2026-06 | Engagement | Boost Posts All,IG Post - ¿Vienes al súper?,No reported result,0.0,0,0.0,0.0,0.0,No reported result,0.0,0.0,Meta reach is non-deduplicated when summed across ads/weeks
2026-05-08,2026-05,Meta Ads,Temporadas / Comunidad,SENSIS | 2026-05 | Awareness | Memorial Day,IG/FB MEMORIAL DAY,reach,0.0,0,0.0,0.0,0.0,reach,0.0,0.0,Meta reach is non-deduplicated when summed across ads/weeks
2026-05-08,2026-05,Meta Ads,Taco Tuesday,WDM | 2026-06 | Engagement | Boost Posts All,IG - Taco Tuesday - 16 junio - Copy,No reported result,0.0,0,0.0,0.0,0.0,No reported result,0.0,0.0,Meta reach is non-deduplicated when summed across ads/weeks
2026-05-08,2026-05,Meta Ads,Productos / Boost Post,WDM | 2026-07 | Conversions | Ice Cream | Products,VIDEO | Ice Cream | Summer Chicken - UGC,No reported result,0.0,0,0.0,0.0,0.0,No reported result,0.0,0.0,Meta reach is non-deduplicated when summed across ads/weeks
2026-05-08,2026-05,Meta Ads,Productos / Boost Post,WDM | 2026-06 | Engagement | Boost Posts All,FB Post - ¿Vienes al súper?,No reported result,0.0,0,0.0,0.0,0.0,No reported result,0.0,0.0,Meta reach is non-deduplicated when summed across ads/weeks
2026-05-08,2026-05,Meta Ads,Productos / Boost Post,SENSIS | 2026-06 | Awareness | El Calor - Agua Fresca,IG/FB EL CALOR - AGUA FRESCA,reach,0.86,712,456.0,1.0,456.0,reach,0.0,0.0,Meta reach is non-deduplicated when summed across ads/weeks
2026-05-08,2026-05,Meta Ads,Taco Tuesday,WDM | 2026-06 | Engagement | Boost Posts All,IG - Taco Tuesday - 16 junio - Copy,No reported result,0.0,0,0.0,0.0,0.0,No reported result,0.0,0.0,Meta reach is non-deduplicated when summed across ads/weeks
2026-05-08,2026-05,Meta Ads,Ofertón,WDM | 2026-07 | Awareness | Oferton 16 Jul - 29 July,CAROUSEL | Oferton | 16 Jul - 29 Jul,No reported result,0.0,0,0.0,0.0,0.0,No reported result,0.0,0.0,Meta reach is non-deduplicated when summed across ads/weeks
2026-05-08,2026-05,Meta Ads,Productos / Boost Post,WDM | 2026-06 | Engagement | Boost Posts All,IG Post - ¿Vienes al súper?,No reported result,0.0,0,0.0,0.0,0.0,No reported result,0.0,0.0,Meta reach is non-deduplicated when summed across ads/weeks
2026-05-08,2026-05,Meta Ads,Productos / Boost Post,SENSIS | 2026-05 | Awareness | Dia de las Madres - Donas,IG/FB DIA DE LAS MADRES - DONAS,reach,102.23,34250,28560.0,61.0,28560.0,reach,0.0,0.0,Meta reach is non-deduplicated when summed across ads/weeks
2026-05-08,2026-05,Meta Ads,Taco Tuesday,WDM | 2026-06 | Engagement | Boost Posts All,IG - Taco Tuesday - 16 junio - Copy,No reported result,0.0,0,0.0,0.0,0.0,No reported result,0.0,0.0,Meta reach is non-deduplicated when summed across ads/weeks
2026-05-08,2026-05,Meta Ads,Productos / Boost Post,WDM | 2026-07 | Conversions | Ice Cream | Products,IMG | Ice Cream | Summer Chicken,No reported result,0.0,0,0.0,0.0,0.0,No reported result,0.0,0.0,Meta reach is non-deduplicated when summed across ads/weeks
2026-05-08,2026-05,Meta Ads,Productos / Boost Post,WDM | 2026-06 | Engagement | Boost Posts All,FB Post - ¿Vienes al súper?,No reported result,0.0,0,0.0,0.0,0.0,No reported result,0.0,0.0,Meta reach is non-deduplicated when summed across ads/weeks
2026-05-08,2026-05,Meta Ads,Taco Tuesday,SENSIS | 2026-05 | Awareness | Taco Tuesday Promo 5x5,IG/FB TACO TUESDAY PROMO 5X5,reach,3.36,1712,1242.0,2.0,1242.0,reach,0.0,0.0,Meta reach is non-deduplicated when summed across ads/weeks
2026-05-08,2026-05,Meta Ads,Taco Tuesday,WDM | 2026-06 | Engagement | Boost Posts All,IG - Taco Tuesday - 16 junio - Copy,No reported result,0.0,0,0.0,0.0,0.0,No reported result,0.0,0.0,Meta reach is non-deduplicated when summed across ads/weeks
2026-05-08,2026-05,Meta Ads,Productos / Boost Post,WDM | 2026 AON 1 | Engagement | Boost Posts All,IG | Boost | Cafe | Gatos,No reported result,0.0,0,0.0,0.0,0.0,No reported result,0.0,0.0,Meta reach is non-deduplicated when summed across ads/weeks
2026-05-08,2026-05,Meta Ads,Productos / Boost Post,WDM | 2026-06 | Engagement | Boost Posts All,IG Post - ¿Vienes al súper?,No reported result,0.0,0,0.0,0.0,0.0,No reported result,0.0,0.0,Meta reach is non-deduplicated when summed across ads/weeks
2026-05-08,2026-05,Meta Ads,Marinados,SENSIS | 2026-03 | Awareness | Evergreen Campaign | Marinados y Cuaresma,Momentos Juntos single image,reach,919.29,276645,89191.0,485.0,89191.0,reach,0.0,0.0,Meta reach is non-deduplicated when summed across ads/weeks
2026-05-08,2026-05,Meta Ads,Taco Tuesday,WDM | 2026-06 | Engagement | Boost Posts All,IG - Taco Tuesday - 16 junio - Copy,No reported result,0.0,0,0.0,0.0,0.0,No reported result,0.0,0.0,Meta reach is non-deduplicated when summed across ads/weeks
2026-05-08,2026-05,Meta Ads,Productos / Boost Post,WDM | 2026 AON 1 | Engagement | Boost Posts All,FB | Boost | Cafe | Gatos,No reported result,0.0,0,0.0,0.0,0.0,No reported result,0.0,0.0,Meta reach is non-deduplicated when summed across ads/weeks
2026-05-08,2026-05,Meta Ads,Productos / Boost Post,WDM | 2026-06 | Engagement | Boost Posts All,FB Post - ¿Vienes al súper?,No reported result,0.0,0,0.0,0.0,0.0,No reported result,0.0,0.0,Meta reach is non-deduplicated when summed across ads/weeks
2026-05-08,2026-05,Meta Ads,Marinados,SENSIS | 2026-03 | Awareness | Evergreen Campaign | Marinados y Cuaresma,Momentos Juntos carousel,reach,9.61,2860,2669.0,11.0,2669.0,reach,0.0,0.0,Meta reach is non-deduplicated when summed across ads/weeks
2026-05-08,2026-05,Meta Ads,Taco Tuesday,WDM | 2026-06 | Engagement | Boost Posts All,IG - Taco Tuesday - 16 junio - Copy,No reported result,0.0,0,0.0,0.0,0.0,No reported result,0.0,0.0,Meta reach is non-deduplicated when summed across ads/weeks
2026-05-08,2026-05,Meta Ads,Mundial,WDM | 2026 AON 1 | Engagement | Boost Posts All,FB | Boost | Mundial | Sellos,No reported result,0.0,0,0.0,0.0,0.0,No reported result,0.0,0.0,Meta reach is non-deduplicated when summed across ads/weeks
2026-05-08,2026-05,Meta Ads,Productos / Boost Post,WDM | 2026-06 | Engagement | Boost Posts All,IG Post - ¿Vienes al súper?,No reported result,0.0,0,0.0,0.0,0.0,No reported result,0.0,0.0,Meta reach is non-deduplicated when summed across ads/weeks
2026-05-08,2026-05,Meta Ads,Temporadas / Comunidad,SENSIS | 2026-05 | Awareness | Dia de las Madres,IG/FB DIA DE LAS MADRES,reach,0.0,0,0.0,0.0,0.0,reach,0.0,0.0,Meta reach is non-deduplicated when summed across ads/weeks
2026-05-08,2026-05,Meta Ads,Taco Tuesday,WDM | 2026-06 | Engagement | Boost Posts All,IG - Taco Tuesday - 16 junio - Copy,No reported result,0.0,0,0.0,0.0,0.0,No reported result,0.0,0.0,Meta reach is non-deduplicated when summed across ads/weeks
2026-05-08,2026-05,Meta Ads,Mundial,WDM | 2026 AON 1 | Engagement | Boost Posts All,IG | Boost | Mundial | Sellos,No reported result,0.0,0,0.0,0.0,0.0,No reported result,0.0,0.0,Meta reach is non-deduplicated when summed across ads/weeks
2026-05-08,2026-05,Meta Ads,Productos / Boost Post,WDM | 2026-06 | Engagement | Boost Posts All,FB Post - ¿Vienes al súper?,No reported result,0.0,0,0.0,0.0,0.0,No reported result,0.0,0.0,Meta reach is non-deduplicated when summed across ads/weeks
2026-05-08,2026-05,Meta Ads,Productos / Boost Post,SENSIS | 2026-05 | Awareness | Chicharron,IG/FB CHICHARRON - MAY,reach,0.82,237,233.0,1.0,233.0,reach,0.0,0.0,Meta reach is non-deduplicated when summed across ads/weeks
2026-05-08,2026-05,Meta Ads,Taco Tuesday,WDM | 2026-06 | Engagement | Boost Posts All,Taco Tuesday - 16 junio 2026 - Copy,No reported result,0.0,0,0.0,0.0,0.0,No reported result,0.0,0.0,Meta reach is non-deduplicated when summed across ads/weeks
2026-05-08,2026-05,Meta Ads,Ofertón,WDM | 2026-07 | Awareness | Oferton 2 Jul - 15 July,CAROUSEL | Oferton | 2 Jul - 15 Jul,No reported result,0.0,0,0.0,0.0,0.0,No reported result,0.0,0.0,Meta reach is non-deduplicated when summed across ads/weeks
2026-05-08,2026-05,Meta Ads,Productos / Boost Post,WDM | 2026-06 | Engagement | Boost Posts All,IG Post - ¿Vienes al súper?,No reported result,0.0,0,0.0,0.0,0.0,No reported result,0.0,0.0,Meta reach is non-deduplicated when summed across ads/weeks
2026-05-08,2026-05,Meta Ads,Productos / Boost Post,SENSIS | 2026-05 | Awareness | Pollo Asado Horneado,IG/FB POLLO ASADO HORNEADO,reach,1.13,682,507.0,1.0,507.0,reach,0.0,0.0,Meta reach is non-deduplicated when summed across ads/weeks
2026-05-08,2026-05,Meta Ads,Taco Tuesday,WDM | 2026-06 | Engagement | Boost Posts All,Taco Tuesday - 16 junio 2026 - Copy,No reported result,0.0,0,0.0,0.0,0.0,No reported result,0.0,0.0,Meta reach is non-deduplicated when summed across ads/weeks
2026-05-08,2026-05,Meta Ads,Taco Tuesday,WDM | 2026-07 | Awareness | Taco Tuesday 5x5 - July,IMG Cuadrada | Morelita Tacos 5x5 | Mejor Trato,reach,0.0,0,0.0,0.0,0.0,reach,0.0,0.0,Meta reach is non-deduplicated when summed across ads/weeks
2026-05-08,2026-05,Meta Ads,Productos / Boost Post,WDM | 2026-06 | Engagement | Boost Posts All,FB Post - ¿Vienes al súper?,No reported result,0.0,0,0.0,0.0,0.0,No reported result,0.0,0.0,Meta reach is non-deduplicated when summed across ads/weeks
2026-05-08,2026-05,Meta Ads,Productos / Boost Post,SENSIS | 2026-05 | Awareness | Chicharron y Aguas Frescas,IG/FB CHICHARRON & AGUAS FRESCAS,reach,0.0,0,0.0,0.0,0.0,reach,0.0,0.0,Meta reach is non-deduplicated when summed across ads/weeks
2026-05-08,2026-05,Meta Ads,Taco Tuesday,WDM | 2026-06 | Engagement | Boost Posts All,Taco Tuesday - 16 junio 2026 - Copy,No reported result,0.0,0,0.0,0.0,0.0,No reported result,0.0,0.0,Meta reach is non-deduplicated when summed across ads/weeks
2026-05-08,2026-05,Meta Ads,Ofertón,WDM | 2026-06 | Awareness | Oferton 18 Jun - 1 Jul,CAROUSEL | Oferton | 18 Jun - 1 Jul,No reported result,0.0,0,0.0,0.0,0.0,No reported result,0.0,0.0,Meta reach is non-deduplicated when summed across ads/weeks
2026-05-08,2026-05,Meta Ads,Marinados,SENSIS | 2026-03 | Awareness | Evergreen Campaign | Marinados y Cuaresma,Marinados single image,reach,0.0,0,0.0,0.0,0.0,reach,0.0,0.0,Meta reach is non-deduplicated when summed across ads/weeks
2026-05-08,2026-05,Meta Ads,Productos / Boost Post,SENSIS | 2026-05 | Awareness | Vitrolito Aguas Frescas,IG/FB VITROLITO AGUAS FRESCAS,reach,0.0,0,0.0,0.0,0.0,reach,0.0,0.0,Meta reach is non-deduplicated when summed across ads/weeks
2026-05-08,2026-05,Meta Ads,Taco Tuesday,WDM | 2026-06 | Engagement | Boost Posts All,Taco Tuesday - 16 junio 2026 - Copy,No reported result,0.0,0,0.0,0.0,0.0,No reported result,0.0,0.0,Meta reach is non-deduplicated when summed across ads/weeks
2026-05-08,2026-05,Meta Ads,Marinados,WDM | 2026-06 | Awareness | Marinados,IMG | Marinados | Res Pollo y Cerdo,reach,0.0,0,0.0,0.0,0.0,reach,0.0,0.0,Meta reach is non-deduplicated when summed across ads/weeks
2026-05-08,2026-05,Meta Ads,Marinados,SENSIS | 2026-03 | Awareness | Evergreen Campaign | Marinados y Cuaresma,Marinados carousel,reach,0.0,0,0.0,0.0,0.0,reach,0.0,0.0,Meta reach is non-deduplicated when summed across ads/weeks
2026-05-08,2026-05,Meta Ads,Temporadas / Comunidad,SENSIS | 2026-04 | Awareness | Dia del Nino Morelos,IG/FB DIA DEL NINO EN MORELOS,reach,0.0,0,0.0,0.0,0.0,reach,0.0,0.0,Meta reach is non-deduplicated when summed across ads/weeks
2026-05-08,2026-05,Meta Ads,Taco Tuesday,WDM | 2026-06 | Engagement | Boost Posts All,Taco Tuesday - 16 junio 2026 - Copy,No reported result,0.0,0,0.0,0.0,0.0,No reported result,0.0,0.0,Meta reach is non-deduplicated when summed across ads/weeks
2026-05-08,2026-05,Meta Ads,Mundial,WDM | 2026-06 | Awareness | Sellos y Mundial,IMG n Video | Pasaporte | Obtén Pasaporte | Mundial,reach,0.0,0,0.0,0.0,0.0,reach,0.0,0.0,Meta reach is non-deduplicated when summed across ads/weeks
2026-05-08,2026-05,Meta Ads,Taco Tuesday,SENSIS | 2026-05 | Awareness | Taco Tuesday,IG/FB TACO TUESDAY,reach,0.0,0,0.0,0.0,0.0,reach,0.0,0.0,Meta reach is non-deduplicated when summed across ads/weeks
2026-05-08,2026-05,Meta Ads,Taco Tuesday,WDM | 2026-06 | Engagement | Boost Posts All,Taco Tuesday - 16 junio 2026 - Copy,No reported result,0.0,0,0.0,0.0,0.0,No reported result,0.0,0.0,Meta reach is non-deduplicated when summed across ads/weeks
2026-05-08,2026-05,Meta Ads,Mundial,WDM | 2026-06 | Awareness | Sellos y Mundial,IMG n Video | Mundial | Carousel Quien Juega,reach,0.0,0,0.0,0.0,0.0,reach,0.0,0.0,Meta reach is non-deduplicated when summed across ads/weeks
2026-05-08,2026-05,Meta Ads,Marinados,SENSIS | 2026-03 | Awareness | Evergreen Campaign | Marinados y Cuaresma,Momentos Juntos carousel,reach,0.0,0,0.0,0.0,0.0,reach,0.0,0.0,Meta reach is non-deduplicated when summed across ads/weeks
2026-05-08,2026-05,Meta Ads,Taco Tuesday,WDM | 2026-06 | Engagement | Boost Posts All,Taco Tuesday - 16 junio 2026 - Copy,No reported result,0.0,0,0.0,0.0,0.0,No reported result,0.0,0.0,Meta reach is non-deduplicated when summed across ads/weeks
2026-05-08,2026-05,Meta Ads,Productos / Boost Post,WDM | 2026-06 | Traffic | IG Followers,IMG | Morelita Chicharron | IG Follow,No reported result,0.0,0,0.0,0.0,0.0,No reported result,0.0,0.0,Meta reach is non-deduplicated when summed across ads/weeks
2026-05-08,2026-05,Meta Ads,Marinados,SENSIS | 2026-03 | Awareness | Evergreen Campaign | Marinados y Cuaresma,Momentos Juntos single image,reach,0.0,0,0.0,0.0,0.0,reach,0.0,0.0,Meta reach is non-deduplicated when summed across ads/weeks
2026-05-08,2026-05,Meta Ads,Taco Tuesday,WDM | 2026-06 | Engagement | Boost Posts All,Taco Tuesday - 16 junio 2026 - Copy,No reported result,0.0,0,0.0,0.0,0.0,No reported result,0.0,0.0,Meta reach is non-deduplicated when summed across ads/weeks
2026-05-08,2026-05,Meta Ads,Mundial,WDM | 2026-06 | Engagement | Boost Posts All,IG | Boost | Hay Partidos | 06-05-2026 | Mundial,No reported result,0.0,0,0.0,0.0,0.0,No reported result,0.0,0.0,Meta reach is non-deduplicated when summed across ads/weeks
2026-05-08,2026-05,Meta Ads,Marinados,SENSIS | 2026-03 | Awareness | Evergreen Campaign | Marinados y Cuaresma,Cuaresma single image,reach,0.0,0,0.0,0.0,0.0,reach,0.0,0.0,Meta reach is non-deduplicated when summed across ads/weeks
2026-05-08,2026-05,Meta Ads,Taco Tuesday,WDM | 2026-06 | Engagement | Boost Posts All,Taco Tuesday - 16 junio 2026 - Copy,No reported result,0.0,0,0.0,0.0,0.0,No reported result,0.0,0.0,Meta reach is non-deduplicated when summed across ads/weeks
2026-05-08,2026-05,Meta Ads,Productos / Boost Post,WDM | 2026-06 | Engagement | Boost Posts All,IG | Boost | Nosotros Preguntamos | 06-04-2026,No reported result,0.0,0,0.0,0.0,0.0,No reported result,0.0,0.0,Meta reach is non-deduplicated when summed across ads/weeks
2026-05-08,2026-05,Meta Ads,Marinados,SENSIS | 2026-03 | Awareness | Evergreen Campaign | Marinados y Cuaresma,Cuaresma carousel,reach,0.0,0,0.0,0.0,0.0,reach,0.0,0.0,Meta reach is non-deduplicated when summed across ads/weeks
2026-05-08,2026-05,Meta Ads,Taco Tuesday,WDM | 2026-06 | Engagement | Boost Posts All,Taco Tuesday - 16 junio 2026 - Copy,No reported result,0.0,0,0.0,0.0,0.0,No reported result,0.0,0.0,Meta reach is non-deduplicated when summed across ads/weeks
2026-05-08,2026-05,Meta Ads,Productos / Boost Post,WDM | 2026-06 | Engagement | Boost Posts All,IG Post - ¿Vienes al súper?,No reported result,0.0,0,0.0,0.0,0.0,No reported result,0.0,0.0,Meta reach is non-deduplicated when summed across ads/weeks
2026-05-01,2026-05,Meta Ads,Productos / Boost Post,WDM | 2026 AON 1 | Engagement | Boost Posts All,IG | Boost | Carne | ASMR,No reported result,0.0,0,0.0,0.0,0.0,No reported result,0.0,0.0,Meta reach is non-deduplicated when summed across ads/weeks
2026-05-01,2026-05,Meta Ads,Taco Tuesday,WDM | 2026-06 | Engagement | Boost Posts All,Taco Tuesday - 16 junio 2026,No reported result,0.0,0,0.0,0.0,0.0,No reported result,0.0,0.0,Meta reach is non-deduplicated when summed across ads/weeks
2026-05-01,2026-05,Meta Ads,Mundial,WDM | 2026-06 | Engagement | Boost Posts All,IG | Boost | Balon | 06-16-2026 | Mundial,No reported result,0.0,0,0.0,0.0,0.0,No reported result,0.0,0.0,Meta reach is non-deduplicated when summed across ads/weeks
2026-05-01,2026-05,Meta Ads,Productos / Boost Post,WDM | 2026-07 | Conversions | Pollos/Carnitas/Chicharron,Estático | Asados,No reported result,0.0,0,0.0,0.0,0.0,No reported result,0.0,0.0,Meta reach is non-deduplicated when summed across ads/weeks
2026-05-01,2026-05,Meta Ads,Productos / Boost Post,WDM | 2026 AON 1 | Engagement | Boost Posts All,FB | Boost | Carne | ASMR,No reported result,0.0,0,0.0,0.0,0.0,No reported result,0.0,0.0,Meta reach is non-deduplicated when summed across ads/weeks
2026-05-01,2026-05,Meta Ads,Taco Tuesday,WDM | 2026-06 | Engagement | Boost Posts All,IG - Taco Tuesday - 16 junio,No reported result,0.0,0,0.0,0.0,0.0,No reported result,0.0,0.0,Meta reach is non-deduplicated when summed across ads/weeks
2026-05-01,2026-05,Meta Ads,Mundial,WDM | 2026-06 | Engagement | Boost Posts All,IG | Boost | Colombia | 06-23-2026 | Mundial,No reported result,0.0,0,0.0,0.0,0.0,No reported result,0.0,0.0,Meta reach is non-deduplicated when summed across ads/weeks
2026-05-01,2026-05,Meta Ads,Productos / Boost Post,WDM | 2026-07 | Conversions | Parrillada/Carne Asada,Estático | Parrillada,No reported result,0.0,0,0.0,0.0,0.0,No reported result,0.0,0.0,Meta reach is non-deduplicated when summed across ads/weeks
2026-05-01,2026-05,Meta Ads,Productos / Boost Post,WDM | 2026-06 | Engagement | Boost Posts All,FB Post - ¿Vienes al súper?,No reported result,0.0,0,0.0,0.0,0.0,No reported result,0.0,0.0,Meta reach is non-deduplicated when summed across ads/weeks
2026-05-01,2026-05,Meta Ads,Mundial,WDM | 2026-06 | Engagement | Boost Posts All,FB Post - ¿Vienes al súper? | Mundial | Futbolito,No reported result,0.0,0,0.0,0.0,0.0,No reported result,0.0,0.0,Meta reach is non-deduplicated when summed across ads/weeks
2026-05-01,2026-05,Meta Ads,Mundial,WDM | 2026-06 | Engagement | Boost Posts All,IG | Boost | Sellos | 06-23-2026 | Mundial,No reported result,0.0,0,0.0,0.0,0.0,No reported result,0.0,0.0,Meta reach is non-deduplicated when summed across ads/weeks
2026-05-01,2026-05,Meta Ads,Ofertón,WDM | 2026-07 | Traffic | Oferton 30 Jul - 12 Ago,CAROUSEL | Oferton | 30 Jul - 12 Ago,No reported result,0.0,0,0.0,0.0,0.0,No reported result,0.0,0.0,Meta reach is non-deduplicated when summed across ads/weeks
2026-05-01,2026-05,Meta Ads,Productos / Boost Post,WDM | 2026-06 | Engagement | Boost Posts All,FB Post - ¿Vienes al súper?,No reported result,0.0,0,0.0,0.0,0.0,No reported result,0.0,0.0,Meta reach is non-deduplicated when summed across ads/weeks
2026-05-01,2026-05,Meta Ads,Mundial,WDM | 2026-06 | Engagement | Boost Posts All,IG Post - ¿Vienes al súper? - Mundial | Futbolito,No reported result,0.0,0,0.0,0.0,0.0,No reported result,0.0,0.0,Meta reach is non-deduplicated when summed across ads/weeks
2026-05-01,2026-05,Meta Ads,Mundial,WDM | 2026-06 | Awareness | Sellos y Mundial,IMG n Video | Pasaporte Redimir | Participa Sellos,reach,0.0,0,0.0,0.0,0.0,reach,0.0,0.0,Meta reach is non-deduplicated when summed across ads/weeks
2026-05-01,2026-05,Meta Ads,Ofertón,WDM | 2026-07 | Traffic | Oferton 30 Jul - 12 Ago,CAROUSEL | Oferton | 30 Jul - 12 Ago,No reported result,0.0,0,0.0,0.0,0.0,No reported result,0.0,0.0,Meta reach is non-deduplicated when summed across ads/weeks
2026-05-01,2026-05,Meta Ads,Productos / Boost Post,WDM | 2026-06 | Engagement | Boost Posts All,IG Post - ¿Vienes al súper?,No reported result,0.0,0,0.0,0.0,0.0,No reported result,0.0,0.0,Meta reach is non-deduplicated when summed across ads/weeks
2026-05-01,2026-05,Meta Ads,Mundial,WDM | 2026-06 | Engagement | Boost Posts All,IG Post - ¿Vienes al súper? | Mundial | Futbolito,No reported result,0.0,0,0.0,0.0,0.0,No reported result,0.0,0.0,Meta reach is non-deduplicated when summed across ads/weeks
2026-05-01,2026-05,Meta Ads,Taco Tuesday,WDM | 2026-06 | Awareness | Taco Tuesday 5x5,IMG Cuadrada | Morelita Tacos 5x5 | Mejor Trato,reach,0.0,0,0.0,0.0,0.0,reach,0.0,0.0,Meta reach is non-deduplicated when summed across ads/weeks
2026-05-01,2026-05,Meta Ads,Store Visits / AON,WDM | 2026-07 | Awareness | AON Store Visits,Carousel | AON Store Visits | Benefits Cerca,reach,0.0,0,0.0,0.0,0.0,reach,0.0,0.0,Meta reach is non-deduplicated when summed across ads/weeks
2026-05-01,2026-05,Meta Ads,Productos / Boost Post,WDM | 2026-06 | Engagement | Boost Posts All,FB Post - ¿Vienes al súper?,No reported result,0.0,0,0.0,0.0,0.0,No reported result,0.0,0.0,Meta reach is non-deduplicated when summed across ads/weeks
2026-05-01,2026-05,Meta Ads,Mundial,WDM | 2026-06 | Engagement | Boost Posts All,FB Post - ¿Vienes al súper? | Mundial | Futbolito,No reported result,0.0,0,0.0,0.0,0.0,No reported result,0.0,0.0,Meta reach is non-deduplicated when summed across ads/weeks
2026-05-01,2026-05,Meta Ads,Taco Tuesday,WDM | 2026-06 | Engagement | Boost Posts All,IG - Taco Tuesday - 16 junio - Copy,No reported result,0.0,0,0.0,0.0,0.0,No reported result,0.0,0.0,Meta reach is non-deduplicated when summed across ads/weeks
2026-05-01,2026-05,Meta Ads,Productos / Boost Post,WDM | 2026 AON 2 | Engagement | Boost Posts All,IG | Boost | Pina Colada | 07-2026 | Productos & Boost - Copy,No reported result,0.0,0,0.0,0.0,0.0,No reported result,0.0,0.0,Meta reach is non-deduplicated when summed across ads/weeks
2026-05-01,2026-05,Meta Ads,Productos / Boost Post,WDM | 2026-06 | Engagement | Boost Posts All,IG Post - ¿Vienes al súper?,No reported result,0.0,0,0.0,0.0,0.0,No reported result,0.0,0.0,Meta reach is non-deduplicated when summed across ads/weeks
2026-05-01,2026-05,Meta Ads,Productos / Boost Post,SENSIS | 2026-05 | Awareness | Carnitas Pack,IG/FB CARNITAS PACK,reach,0.0,0,0.0,0.0,0.0,reach,0.0,0.0,Meta reach is non-deduplicated when summed across ads/weeks
2026-05-01,2026-05,Meta Ads,Taco Tuesday,WDM | 2026-06 | Engagement | Boost Posts All,IG - Taco Tuesday - 16 junio - Copy,No reported result,0.0,0,0.0,0.0,0.0,No reported result,0.0,0.0,Meta reach is non-deduplicated when summed across ads/weeks
2026-05-01,2026-05,Meta Ads,Productos / Boost Post,WDM | 2026 AON 2 | Engagement | Boost Posts All,IG | Boost | Fried Chicken Ice Cream | 07-2026 | Productos & Boost,No reported result,0.0,0,0.0,0.0,0.0,No reported result,0.0,0.0,Meta reach is non-deduplicated when summed across ads/weeks
2026-05-01,2026-05,Meta Ads,Productos / Boost Post,WDM | 2026-06 | Engagement | Boost Posts All,FB Post - ¿Vienes al súper?,No reported result,0.0,0,0.0,0.0,0.0,No reported result,0.0,0.0,Meta reach is non-deduplicated when summed across ads/weeks
2026-05-01,2026-05,Meta Ads,Mundial,SENSIS | 2026-04 | Engagement | Teaser Muy Pronto | Mundial,"Publicación: ""¡Muy pronto!""",No reported result,0.0,0,0.0,0.0,0.0,No reported result,0.0,0.0,Meta reach is non-deduplicated when summed across ads/weeks
2026-05-01,2026-05,Meta Ads,Taco Tuesday,WDM | 2026-06 | Engagement | Boost Posts All,IG - Taco Tuesday - 16 junio - Copy,No reported result,0.0,0,0.0,0.0,0.0,No reported result,0.0,0.0,Meta reach is non-deduplicated when summed across ads/weeks
2026-05-01,2026-05,Meta Ads,Productos / Boost Post,WDM | 2026-07 | Conversions | Ice Cream | Products,CAROUSEL | Ice Cream | Summer Fruits,No reported result,0.0,0,0.0,0.0,0.0,No reported result,0.0,0.0,Meta reach is non-deduplicated when summed across ads/weeks
2026-05-01,2026-05,Meta Ads,Productos / Boost Post,WDM | 2026-06 | Engagement | Boost Posts All,IG Post - ¿Vienes al súper?,No reported result,0.0,0,0.0,0.0,0.0,No reported result,0.0,0.0,Meta reach is non-deduplicated when summed across ads/weeks
2026-05-01,2026-05,Meta Ads,Temporadas / Comunidad,SENSIS | 2026-05 | Awareness | Memorial Day,IG/FB MEMORIAL DAY,reach,0.0,0,0.0,0.0,0.0,reach,0.0,0.0,Meta reach is non-deduplicated when summed across ads/weeks
2026-05-01,2026-05,Meta Ads,Taco Tuesday,WDM | 2026-06 | Engagement | Boost Posts All,IG - Taco Tuesday - 16 junio - Copy,No reported result,0.0,0,0.0,0.0,0.0,No reported result,0.0,0.0,Meta reach is non-deduplicated when summed across ads/weeks
2026-05-01,2026-05,Meta Ads,Productos / Boost Post,WDM | 2026-07 | Conversions | Ice Cream | Products,VIDEO | Ice Cream | Summer Chicken - UGC,No reported result,0.0,0,0.0,0.0,0.0,No reported result,0.0,0.0,Meta reach is non-deduplicated when summed across ads/weeks
2026-05-01,2026-05,Meta Ads,Productos / Boost Post,WDM | 2026-06 | Engagement | Boost Posts All,FB Post - ¿Vienes al súper?,No reported result,0.0,0,0.0,0.0,0.0,No reported result,0.0,0.0,Meta reach is non-deduplicated when summed across ads/weeks
2026-05-01,2026-05,Meta Ads,Productos / Boost Post,SENSIS | 2026-06 | Awareness | El Calor - Agua Fresca,IG/FB EL CALOR - AGUA FRESCA,reach,0.0,0,0.0,0.0,0.0,reach,0.0,0.0,Meta reach is non-deduplicated when summed across ads/weeks
2026-05-01,2026-05,Meta Ads,Taco Tuesday,WDM | 2026-06 | Engagement | Boost Posts All,IG - Taco Tuesday - 16 junio - Copy,No reported result,0.0,0,0.0,0.0,0.0,No reported result,0.0,0.0,Meta reach is non-deduplicated when summed across ads/weeks
2026-05-01,2026-05,Meta Ads,Ofertón,WDM | 2026-07 | Awareness | Oferton 16 Jul - 29 July,CAROUSEL | Oferton | 16 Jul - 29 Jul,No reported result,0.0,0,0.0,0.0,0.0,No reported result,0.0,0.0,Meta reach is non-deduplicated when summed across ads/weeks
2026-05-01,2026-05,Meta Ads,Productos / Boost Post,WDM | 2026-06 | Engagement | Boost Posts All,IG Post - ¿Vienes al súper?,No reported result,0.0,0,0.0,0.0,0.0,No reported result,0.0,0.0,Meta reach is non-deduplicated when summed across ads/weeks
2026-05-01,2026-05,Meta Ads,Productos / Boost Post,SENSIS | 2026-05 | Awareness | Dia de las Madres - Donas,IG/FB DIA DE LAS MADRES - DONAS,reach,15.65,6376,5261.0,11.0,5261.0,reach,0.0,0.0,Meta reach is non-deduplicated when summed across ads/weeks
2026-05-01,2026-05,Meta Ads,Taco Tuesday,WDM | 2026-06 | Engagement | Boost Posts All,IG - Taco Tuesday - 16 junio - Copy,No reported result,0.0,0,0.0,0.0,0.0,No reported result,0.0,0.0,Meta reach is non-deduplicated when summed across ads/weeks
2026-05-01,2026-05,Meta Ads,Productos / Boost Post,WDM | 2026-07 | Conversions | Ice Cream | Products,IMG | Ice Cream | Summer Chicken,No reported result,0.0,0,0.0,0.0,0.0,No reported result,0.0,0.0,Meta reach is non-deduplicated when summed across ads/weeks
2026-05-01,2026-05,Meta Ads,Productos / Boost Post,WDM | 2026-06 | Engagement | Boost Posts All,FB Post - ¿Vienes al súper?,No reported result,0.0,0,0.0,0.0,0.0,No reported result,0.0,0.0,Meta reach is non-deduplicated when summed across ads/weeks
2026-05-01,2026-05,Meta Ads,Taco Tuesday,SENSIS | 2026-05 | Awareness | Taco Tuesday Promo 5x5,IG/FB TACO TUESDAY PROMO 5X5,reach,3.49,1857,1512.0,5.0,1512.0,reach,0.0,0.0,Meta reach is non-deduplicated when summed across ads/weeks
2026-05-01,2026-05,Meta Ads,Taco Tuesday,WDM | 2026-06 | Engagement | Boost Posts All,IG - Taco Tuesday - 16 junio - Copy,No reported result,0.0,0,0.0,0.0,0.0,No reported result,0.0,0.0,Meta reach is non-deduplicated when summed across ads/weeks
2026-05-01,2026-05,Meta Ads,Productos / Boost Post,WDM | 2026 AON 1 | Engagement | Boost Posts All,IG | Boost | Cafe | Gatos,No reported result,0.0,0,0.0,0.0,0.0,No reported result,0.0,0.0,Meta reach is non-deduplicated when summed across ads/weeks
2026-05-01,2026-05,Meta Ads,Productos / Boost Post,WDM | 2026-06 | Engagement | Boost Posts All,IG Post - ¿Vienes al súper?,No reported result,0.0,0,0.0,0.0,0.0,No reported result,0.0,0.0,Meta reach is non-deduplicated when summed across ads/weeks
2026-05-01,2026-05,Meta Ads,Marinados,SENSIS | 2026-03 | Awareness | Evergreen Campaign | Marinados y Cuaresma,Momentos Juntos single image,reach,440.54,132559,69259.0,226.0,69259.0,reach,0.0,0.0,Meta reach is non-deduplicated when summed across ads/weeks
2026-05-01,2026-05,Meta Ads,Taco Tuesday,WDM | 2026-06 | Engagement | Boost Posts All,IG - Taco Tuesday - 16 junio - Copy,No reported result,0.0,0,0.0,0.0,0.0,No reported result,0.0,0.0,Meta reach is non-deduplicated when summed across ads/weeks
2026-05-01,2026-05,Meta Ads,Productos / Boost Post,WDM | 2026 AON 1 | Engagement | Boost Posts All,FB | Boost | Cafe | Gatos,No reported result,0.0,0,0.0,0.0,0.0,No reported result,0.0,0.0,Meta reach is non-deduplicated when summed across ads/weeks
2026-05-01,2026-05,Meta Ads,Productos / Boost Post,WDM | 2026-06 | Engagement | Boost Posts All,FB Post - ¿Vienes al súper?,No reported result,0.0,0,0.0,0.0,0.0,No reported result,0.0,0.0,Meta reach is non-deduplicated when summed across ads/weeks
2026-05-01,2026-05,Meta Ads,Marinados,SENSIS | 2026-03 | Awareness | Evergreen Campaign | Marinados y Cuaresma,Momentos Juntos carousel,reach,31.11,9309,8481.0,14.0,8481.0,reach,0.0,0.0,Meta reach is non-deduplicated when summed across ads/weeks
2026-05-01,2026-05,Meta Ads,Taco Tuesday,WDM | 2026-06 | Engagement | Boost Posts All,IG - Taco Tuesday - 16 junio - Copy,No reported result,0.0,0,0.0,0.0,0.0,No reported result,0.0,0.0,Meta reach is non-deduplicated when summed across ads/weeks
2026-05-01,2026-05,Meta Ads,Mundial,WDM | 2026 AON 1 | Engagement | Boost Posts All,FB | Boost | Mundial | Sellos,No reported result,0.0,0,0.0,0.0,0.0,No reported result,0.0,0.0,Meta reach is non-deduplicated when summed across ads/weeks
2026-05-01,2026-05,Meta Ads,Productos / Boost Post,WDM | 2026-06 | Engagement | Boost Posts All,IG Post - ¿Vienes al súper?,No reported result,0.0,0,0.0,0.0,0.0,No reported result,0.0,0.0,Meta reach is non-deduplicated when summed across ads/weeks
2026-05-01,2026-05,Meta Ads,Temporadas / Comunidad,SENSIS | 2026-05 | Awareness | Dia de las Madres,IG/FB DIA DE LAS MADRES,reach,4.34,2042,1825.0,2.0,1825.0,reach,0.0,0.0,Meta reach is non-deduplicated when summed across ads/weeks
2026-05-01,2026-05,Meta Ads,Taco Tuesday,WDM | 2026-06 | Engagement | Boost Posts All,IG - Taco Tuesday - 16 junio - Copy,No reported result,0.0,0,0.0,0.0,0.0,No reported result,0.0,0.0,Meta reach is non-deduplicated when summed across ads/weeks
2026-05-01,2026-05,Meta Ads,Mundial,WDM | 2026 AON 1 | Engagement | Boost Posts All,IG | Boost | Mundial | Sellos,No reported result,0.0,0,0.0,0.0,0.0,No reported result,0.0,0.0,Meta reach is non-deduplicated when summed across ads/weeks
2026-05-01,2026-05,Meta Ads,Productos / Boost Post,WDM | 2026-06 | Engagement | Boost Posts All,FB Post - ¿Vienes al súper?,No reported result,0.0,0,0.0,0.0,0.0,No reported result,0.0,0.0,Meta reach is non-deduplicated when summed across ads/weeks
2026-05-01,2026-05,Meta Ads,Productos / Boost Post,SENSIS | 2026-05 | Awareness | Chicharron,IG/FB CHICHARRON - MAY,reach,5.39,1724,1320.0,4.0,1320.0,reach,0.0,0.0,Meta reach is non-deduplicated when summed across ads/weeks
2026-05-01,2026-05,Meta Ads,Taco Tuesday,WDM | 2026-06 | Engagement | Boost Posts All,Taco Tuesday - 16 junio 2026 - Copy,No reported result,0.0,0,0.0,0.0,0.0,No reported result,0.0,0.0,Meta reach is non-deduplicated when summed across ads/weeks
2026-05-01,2026-05,Meta Ads,Ofertón,WDM | 2026-07 | Awareness | Oferton 2 Jul - 15 July,CAROUSEL | Oferton | 2 Jul - 15 Jul,No reported result,0.0,0,0.0,0.0,0.0,No reported result,0.0,0.0,Meta reach is non-deduplicated when summed across ads/weeks
2026-05-01,2026-05,Meta Ads,Productos / Boost Post,WDM | 2026-06 | Engagement | Boost Posts All,IG Post - ¿Vienes al súper?,No reported result,0.0,0,0.0,0.0,0.0,No reported result,0.0,0.0,Meta reach is non-deduplicated when summed across ads/weeks
2026-05-01,2026-05,Meta Ads,Productos / Boost Post,SENSIS | 2026-05 | Awareness | Pollo Asado Horneado,IG/FB POLLO ASADO HORNEADO,reach,3.35,1489,1078.0,4.0,1078.0,reach,0.0,0.0,Meta reach is non-deduplicated when summed across ads/weeks
2026-05-01,2026-05,Meta Ads,Taco Tuesday,WDM | 2026-06 | Engagement | Boost Posts All,Taco Tuesday - 16 junio 2026 - Copy,No reported result,0.0,0,0.0,0.0,0.0,No reported result,0.0,0.0,Meta reach is non-deduplicated when summed across ads/weeks
2026-05-01,2026-05,Meta Ads,Taco Tuesday,WDM | 2026-07 | Awareness | Taco Tuesday 5x5 - July,IMG Cuadrada | Morelita Tacos 5x5 | Mejor Trato,reach,0.0,0,0.0,0.0,0.0,reach,0.0,0.0,Meta reach is non-deduplicated when summed across ads/weeks
2026-05-01,2026-05,Meta Ads,Productos / Boost Post,WDM | 2026-06 | Engagement | Boost Posts All,FB Post - ¿Vienes al súper?,No reported result,0.0,0,0.0,0.0,0.0,No reported result,0.0,0.0,Meta reach is non-deduplicated when summed across ads/weeks
2026-05-01,2026-05,Meta Ads,Productos / Boost Post,SENSIS | 2026-05 | Awareness | Chicharron y Aguas Frescas,IG/FB CHICHARRON & AGUAS FRESCAS,reach,0.0,0,0.0,0.0,0.0,reach,0.0,0.0,Meta reach is non-deduplicated when summed across ads/weeks
2026-05-01,2026-05,Meta Ads,Taco Tuesday,WDM | 2026-06 | Engagement | Boost Posts All,Taco Tuesday - 16 junio 2026 - Copy,No reported result,0.0,0,0.0,0.0,0.0,No reported result,0.0,0.0,Meta reach is non-deduplicated when summed across ads/weeks
2026-05-01,2026-05,Meta Ads,Ofertón,WDM | 2026-06 | Awareness | Oferton 18 Jun - 1 Jul,CAROUSEL | Oferton | 18 Jun - 1 Jul,No reported result,0.0,0,0.0,0.0,0.0,No reported result,0.0,0.0,Meta reach is non-deduplicated when summed across ads/weeks
2026-05-01,2026-05,Meta Ads,Marinados,SENSIS | 2026-03 | Awareness | Evergreen Campaign | Marinados y Cuaresma,Marinados single image,reach,0.0,0,0.0,0.0,0.0,reach,0.0,0.0,Meta reach is non-deduplicated when summed across ads/weeks
2026-05-01,2026-05,Meta Ads,Productos / Boost Post,SENSIS | 2026-05 | Awareness | Vitrolito Aguas Frescas,IG/FB VITROLITO AGUAS FRESCAS,reach,0.0,0,0.0,0.0,0.0,reach,0.0,0.0,Meta reach is non-deduplicated when summed across ads/weeks
2026-05-01,2026-05,Meta Ads,Taco Tuesday,WDM | 2026-06 | Engagement | Boost Posts All,Taco Tuesday - 16 junio 2026 - Copy,No reported result,0.0,0,0.0,0.0,0.0,No reported result,0.0,0.0,Meta reach is non-deduplicated when summed across ads/weeks
2026-05-01,2026-05,Meta Ads,Marinados,WDM | 2026-06 | Awareness | Marinados,IMG | Marinados | Res Pollo y Cerdo,reach,0.0,0,0.0,0.0,0.0,reach,0.0,0.0,Meta reach is non-deduplicated when summed across ads/weeks
2026-05-01,2026-05,Meta Ads,Marinados,SENSIS | 2026-03 | Awareness | Evergreen Campaign | Marinados y Cuaresma,Marinados carousel,reach,0.0,0,0.0,0.0,0.0,reach,0.0,0.0,Meta reach is non-deduplicated when summed across ads/weeks
2026-05-01,2026-05,Meta Ads,Temporadas / Comunidad,SENSIS | 2026-04 | Awareness | Dia del Nino Morelos,IG/FB DIA DEL NINO EN MORELOS,reach,0.0,0,0.0,0.0,0.0,reach,0.0,0.0,Meta reach is non-deduplicated when summed across ads/weeks
2026-05-01,2026-05,Meta Ads,Taco Tuesday,WDM | 2026-06 | Engagement | Boost Posts All,Taco Tuesday - 16 junio 2026 - Copy,No reported result,0.0,0,0.0,0.0,0.0,No reported result,0.0,0.0,Meta reach is non-deduplicated when summed across ads/weeks
2026-05-01,2026-05,Meta Ads,Mundial,WDM | 2026-06 | Awareness | Sellos y Mundial,IMG n Video | Pasaporte | Obtén Pasaporte | Mundial,reach,0.0,0,0.0,0.0,0.0,reach,0.0,0.0,Meta reach is non-deduplicated when summed across ads/weeks
2026-05-01,2026-05,Meta Ads,Taco Tuesday,SENSIS | 2026-05 | Awareness | Taco Tuesday,IG/FB TACO TUESDAY,reach,0.0,0,0.0,0.0,0.0,reach,0.0,0.0,Meta reach is non-deduplicated when summed across ads/weeks
2026-05-01,2026-05,Meta Ads,Taco Tuesday,WDM | 2026-06 | Engagement | Boost Posts All,Taco Tuesday - 16 junio 2026 - Copy,No reported result,0.0,0,0.0,0.0,0.0,No reported result,0.0,0.0,Meta reach is non-deduplicated when summed across ads/weeks
2026-05-01,2026-05,Meta Ads,Mundial,WDM | 2026-06 | Awareness | Sellos y Mundial,IMG n Video | Mundial | Carousel Quien Juega,reach,0.0,0,0.0,0.0,0.0,reach,0.0,0.0,Meta reach is non-deduplicated when summed across ads/weeks
2026-05-01,2026-05,Meta Ads,Marinados,SENSIS | 2026-03 | Awareness | Evergreen Campaign | Marinados y Cuaresma,Momentos Juntos carousel,reach,0.0,0,0.0,0.0,0.0,reach,0.0,0.0,Meta reach is non-deduplicated when summed across ads/weeks
2026-05-01,2026-05,Meta Ads,Taco Tuesday,WDM | 2026-06 | Engagement | Boost Posts All,Taco Tuesday - 16 junio 2026 - Copy,No reported result,0.0,0,0.0,0.0,0.0,No reported result,0.0,0.0,Meta reach is non-deduplicated when summed across ads/weeks
2026-05-01,2026-05,Meta Ads,Productos / Boost Post,WDM | 2026-06 | Traffic | IG Followers,IMG | Morelita Chicharron | IG Follow,No reported result,0.0,0,0.0,0.0,0.0,No reported result,0.0,0.0,Meta reach is non-deduplicated when summed across ads/weeks
2026-05-01,2026-05,Meta Ads,Marinados,SENSIS | 2026-03 | Awareness | Evergreen Campaign | Marinados y Cuaresma,Momentos Juntos single image,reach,0.0,0,0.0,0.0,0.0,reach,0.0,0.0,Meta reach is non-deduplicated when summed across ads/weeks
2026-05-01,2026-05,Meta Ads,Taco Tuesday,WDM | 2026-06 | Engagement | Boost Posts All,Taco Tuesday - 16 junio 2026 - Copy,No reported result,0.0,0,0.0,0.0,0.0,No reported result,0.0,0.0,Meta reach is non-deduplicated when summed across ads/weeks
2026-05-01,2026-05,Meta Ads,Mundial,WDM | 2026-06 | Engagement | Boost Posts All,IG | Boost | Hay Partidos | 06-05-2026 | Mundial,No reported result,0.0,0,0.0,0.0,0.0,No reported result,0.0,0.0,Meta reach is non-deduplicated when summed across ads/weeks
2026-05-01,2026-05,Meta Ads,Marinados,SENSIS | 2026-03 | Awareness | Evergreen Campaign | Marinados y Cuaresma,Cuaresma single image,reach,0.0,0,0.0,0.0,0.0,reach,0.0,0.0,Meta reach is non-deduplicated when summed across ads/weeks
2026-05-01,2026-05,Meta Ads,Taco Tuesday,WDM | 2026-06 | Engagement | Boost Posts All,Taco Tuesday - 16 junio 2026 - Copy,No reported result,0.0,0,0.0,0.0,0.0,No reported result,0.0,0.0,Meta reach is non-deduplicated when summed across ads/weeks
2026-05-01,2026-05,Meta Ads,Productos / Boost Post,WDM | 2026-06 | Engagement | Boost Posts All,IG | Boost | Nosotros Preguntamos | 06-04-2026,No reported result,0.0,0,0.0,0.0,0.0,No reported result,0.0,0.0,Meta reach is non-deduplicated when summed across ads/weeks
2026-05-01,2026-05,Meta Ads,Marinados,SENSIS | 2026-03 | Awareness | Evergreen Campaign | Marinados y Cuaresma,Cuaresma carousel,reach,0.0,0,0.0,0.0,0.0,reach,0.0,0.0,Meta reach is non-deduplicated when summed across ads/weeks
2026-05-01,2026-05,Meta Ads,Taco Tuesday,WDM | 2026-06 | Engagement | Boost Posts All,Taco Tuesday - 16 junio 2026 - Copy,No reported result,0.0,0,0.0,0.0,0.0,No reported result,0.0,0.0,Meta reach is non-deduplicated when summed across ads/weeks
2026-05-01,2026-05,Meta Ads,Productos / Boost Post,WDM | 2026-06 | Engagement | Boost Posts All,IG Post - ¿Vienes al súper?,No reported result,0.0,0,0.0,0.0,0.0,No reported result,0.0,0.0,Meta reach is non-deduplicated when summed across ads/weeks
